Priority_Rank,CH_Number,CH_Name,Group_ID,Group_Name,Priority_Tier,Trigger_Flags_PSC,Group_Trade_Bucket,Accounts_Category,Accounts_LastMadeUp,Group_NS_2025_GBP
1,02708682,KILNBRIDGE CONSTRUCTION SERVICES LTD.,G-00003,KILNBRIDGE TRUSTEES LIMITED,T1 Active Hilti,F,a) Building Construction,FULL,30/06/2025,1505559
1,02846010,KILNBRIDGE GROUP LIMITED,G-00003,KILNBRIDGE TRUSTEES LIMITED,T1 Active Hilti,F,a) Building Construction,GROUP,30/06/2025,1505559
1,02754550,STANMORE CONTRACTORS LIMITED,G-00010,AKAAL GROUP LIMITED,T1 Active Hilti,B3,a) Building Construction (specialist trades),FULL,31/03/2025,983482
1,11145727,STANMORE HOLDINGS LIMITED,G-00010,AKAAL GROUP LIMITED,T1 Active Hilti,B3,a) Building Construction (specialist trades),FULL,31/03/2025,983482
1,08510574,STANMORE STEEL LIMITED,G-00010,AKAAL GROUP LIMITED,T1 Active Hilti,B3,a) Building Construction (specialist trades),AUDIT EXEMPTION SUBSIDIARY,31/03/2025,983482
1,10342223,STANMORE DESIGN HOUSE LIMITED,G-00010,AKAAL GROUP LIMITED,T1 Active Hilti,B3,a) Building Construction (specialist trades),SMALL,31/03/2025,983482
1,12156484,STATOM PLANT LIMITED,G-00012,VLB HOLDINGS LIMITED,T1 Active Hilti,F,c) Civil Engineering (groundworks/demolition),FULL,30/11/2025,953008
1,08785228,STATOM GROUP LIMITED,G-00012,VLB HOLDINGS LIMITED,T1 Active Hilti,F,c) Civil Engineering (groundworks/demolition),FULL,30/11/2025,953008
1,15311385,STATOM GROUP NORTH LIMITED,G-00012,VLB HOLDINGS LIMITED,T1 Active Hilti,F,c) Civil Engineering (groundworks/demolition),SMALL,30/11/2025,953008
1,02897887,FRANKI FOUNDATIONS UK LIMITED,G-00012,VLB HOLDINGS LIMITED,T1 Active Hilti,F,c) Civil Engineering (groundworks/demolition),AUDIT EXEMPTION SUBSIDIARY,30/11/2025,953008
1,12492751,STATOM HOLDINGS LIMITED,G-00012,VLB HOLDINGS LIMITED,T1 Active Hilti,F,c) Civil Engineering (groundworks/demolition),GROUP,30/11/2025,953008
1,15307080,STATOM PRECAST LIMITED,G-00012,VLB HOLDINGS LIMITED,T1 Active Hilti,F,c) Civil Engineering (groundworks/demolition),AUDIT EXEMPTION SUBSIDIARY,30/11/2025,953008
1,01337733,BDL GROUP LIMITED,G-00021,ARAGLIN HOLDINGS LTD,T1 Active Hilti,B3,c) Civil Engineering,FULL,30/09/2025,633046
1,02644192,CAREY GROUP LIMITED,G-00021,ARAGLIN HOLDINGS LTD,T1 Active Hilti,B3,c) Civil Engineering,GROUP,30/09/2025,633046
1,09692941,CAREYS 35 BAIRD ST LTD,G-00021,ARAGLIN HOLDINGS LTD,T1 Active Hilti,B3,c) Civil Engineering,AUDIT EXEMPTION SUBSIDIARY,30/09/2025,633046
1,00941354,P.J. CAREY PLANT HIRE (OVAL) LIMITED,G-00021,ARAGLIN HOLDINGS LTD,T1 Active Hilti,B3,c) Civil Engineering,AUDIT EXEMPTION SUBSIDIARY,30/09/2025,633046
1,01490238,NG BAILEY GROUP LIMITED,G-00029,NG BAILEY GROUP LIMITED,T1 Active Hilti,F,b) M&E,GROUP,27/02/2026,494714
1,02338401,NG BAILEY IT SERVICES LIMITED,G-00029,NG BAILEY GROUP LIMITED,T1 Active Hilti,F,b) M&E,FULL,27/02/2026,494714
1,16278648,OSM VENTILATION LIMITED,G-00029,NG BAILEY GROUP LIMITED,T1 Active Hilti,F,b) M&E,FULL,27/02/2026,494714
1,02454269,ECS ENGINEERING SERVICES LTD.,G-00029,NG BAILEY GROUP LIMITED,T1 Active Hilti,F,b) M&E,FULL,31/03/2025,494714
1,02867838,THE FREEDOM GROUP OF COMPANIES LTD.,G-00029,NG BAILEY GROUP LIMITED,T1 Active Hilti,F,b) M&E,FULL,27/02/2026,494714
1,00342778,NG BAILEY LIMITED,G-00029,NG BAILEY GROUP LIMITED,T1 Active Hilti,F,b) M&E,FULL,27/02/2026,494714
1,05472032,NG BAILEY FACILITIES SERVICES LIMITED,G-00029,NG BAILEY GROUP LIMITED,T1 Active Hilti,F,b) M&E,FULL,27/02/2026,494714
1,02742648,CLESHAR CONTRACT SERVICES LIMITED,G-00033,TRIDENT TRUST COMPANY (U.K.) LIMITED,T1 Active Hilti,B3+F,a) Building Construction (specialist trades),FULL,31/03/2025,431201
1,04590648,GPX ENGINEERING LTD,G-00033,TRIDENT TRUST COMPANY (U.K.) LIMITED,T1 Active Hilti,B3+F,a) Building Construction (specialist trades),SMALL,31/03/2025,431201
1,12081952,ADDISON GROUP HOLDINGS LIMITED,G-00033,TRIDENT TRUST COMPANY (U.K.) LIMITED,T1 Active Hilti,B3+F,a) Building Construction (specialist trades),UNAUDITED ABRIDGED,31/07/2024,431201
1,03300272,ADDISON PROJECT PLC,G-00033,TRIDENT TRUST COMPANY (U.K.) LIMITED,T1 Active Hilti,B3+F,a) Building Construction (specialist trades),FULL,31/12/2024,431201
1,03089060,CCS GROUP LIMITED,G-00033,TRIDENT TRUST COMPANY (U.K.) LIMITED,T1 Active Hilti,B3+F,a) Building Construction (specialist trades),GROUP,31/03/2025,431201
1,01970248,GROUP METROPOLITAN LIMITED,G-00033,TRIDENT TRUST COMPANY (U.K.) LIMITED,T1 Active Hilti,B3+F,a) Building Construction (specialist trades),FULL,31/12/2025,431201
1,05943222,BD NUCLEAR LIMITED,G-00036,JOHN F HUNT TRUSTEE LIMITED,T1 Active Hilti,B3,a) Building Construction (specialist trades),AUDIT EXEMPTION SUBSIDIARY,31/03/2025,382258
1,05804325,JOHN F HUNT GROUP LTD,G-00036,JOHN F HUNT TRUSTEE LIMITED,T1 Active Hilti,B3,a) Building Construction (specialist trades),GROUP,31/03/2025,382258
1,12548732,KELTBRAY BUILT ENVIRONMENT LIMITED,G-00040,PROJECT OSPREY HOLDINGS LIMITED,T1 Active Hilti,F,c) Civil Engineering,FULL,31/10/2025,362767
1,01675402,KELTBRAY PLANT LIMITED,G-00040,PROJECT OSPREY HOLDINGS LIMITED,T1 Active Hilti,F,c) Civil Engineering,FULL,31/10/2025,362767
1,03673466,WENTWORTH HOUSE PARTNERSHIP LIMITED,G-00040,PROJECT OSPREY HOLDINGS LIMITED,T1 Active Hilti,F,c) Civil Engineering,SMALL,31/10/2025,362767
1,00399212,WILLIAM HARE LIMITED,G-00041,ORANGE ASSETS BIDCO LIMITED,T1 Active Hilti,F,a) Building Construction (steel & metal),FULL,31/12/2024,360758
1,05283827,TUDORMAY LTD,G-00053,R&L MAY HOLDINGS LTD,T1 Active Hilti,B1,a) Building Construction (interior/completion),FULL,31/03/2025,286956
1,01085646,J.N. BENTLEY LIMITED,G-00062,MOTT MACDONALD GROUP LIMITED,T1 Active Hilti,F,c) Civil Engineering,FULL,31/12/2025,257251
1,08567165,JBA BENTLEY LIMITED,G-00062,MOTT MACDONALD GROUP LIMITED,T1 Active Hilti,F,c) Civil Engineering,FULL,31/12/2025,257251
1,04011101,BENTLEY HOLDINGS LIMITED,G-00062,MOTT MACDONALD GROUP LIMITED,T1 Active Hilti,F,c) Civil Engineering,FULL,31/12/2025,257251
1,01110949,MOTT MACDONALD GROUP LIMITED,G-00062,MOTT MACDONALD GROUP LIMITED,T1 Active Hilti,F,c) Civil Engineering,GROUP,31/12/2025,257251
1,03827321,MOTT MACDONALD BENTLEY LTD,G-00062,MOTT MACDONALD GROUP LIMITED,T1 Active Hilti,F,c) Civil Engineering,FULL,31/12/2025,257251
1,06901006,STUDWELDERS COMPOSITE FLOOR DECKS LTD,G-00085,KENAI HOLDINGS LTD,T1 Active Hilti,B1,a) Building Construction (specialist trades),FULL,31/03/2025,200847
1,04301280,NORTHERN STEEL DECKING LTD,G-00085,KENAI HOLDINGS LTD,T1 Active Hilti,B1,a) Building Construction (specialist trades),FULL,31/03/2025,200847
1,10735398,MET STRUCTURES LIMITED,G-00085,KENAI HOLDINGS LTD,T1 Active Hilti,B1,a) Building Construction (specialist trades),FULL,31/03/2025,200847
1,09340383,THE BOLTED FRAME COMPANY LTD,G-00085,KENAI HOLDINGS LTD,T1 Active Hilti,B1,a) Building Construction (specialist trades),SMALL,31/03/2025,200847
1,05579683,CONSTRUCTION METAL FORMING LIMITED,G-00085,KENAI HOLDINGS LTD,T1 Active Hilti,B1,a) Building Construction (specialist trades),FULL,31/03/2026,200847
1,10946823,BGEN LIMITED,G-00087,MINERVA EQUITY LIMITED,T1 Active Hilti,F,c) Civil Engineering,FULL,31/03/2026,199196
1,SC230161,M GROUP WATER (MEICA PROJECTS) LIMITED,G-00087,MINERVA EQUITY LIMITED,T1 Active Hilti,F,c) Civil Engineering,FULL,31/03/2025,199196
1,00703317,TELENT TECHNOLOGY SERVICES LIMITED,G-00087,MINERVA EQUITY LIMITED,T1 Active Hilti,F,c) Civil Engineering,FULL,31/03/2026,199196
1,13007933,M GROUP HIGHWAYS LIMITED,G-00087,MINERVA EQUITY LIMITED,T1 Active Hilti,F,c) Civil Engineering,FULL,31/03/2026,199196
1,10201726,M GROUP TELECOM LIMITED,G-00087,MINERVA EQUITY LIMITED,T1 Active Hilti,F,c) Civil Engineering,FULL,31/03/2025,199196
1,00245626,M GROUP ENERGY (NETWORK INFRASTRUCTURE) LIMITED,G-00087,MINERVA EQUITY LIMITED,T1 Active Hilti,F,c) Civil Engineering,FULL,31/03/2026,199196
1,12725549,BFP SERVICES LIMITED,G-00087,MINERVA EQUITY LIMITED,T1 Active Hilti,F,c) Civil Engineering,FULL,31/03/2025,199196
1,04807657,M GROUP TRANSPORT LIMITED,G-00087,MINERVA EQUITY LIMITED,T1 Active Hilti,F,c) Civil Engineering,AUDIT EXEMPTION SUBSIDIARY,31/03/2025,199196
1,01450372,M GROUP TRANSPORT (RAIL & AVIATION) LIMITED,G-00087,MINERVA EQUITY LIMITED,T1 Active Hilti,F,c) Civil Engineering,FULL,31/03/2026,199196
1,07523778,M GROUP TRANSPORT (M&E) LIMITED,G-00087,MINERVA EQUITY LIMITED,T1 Active Hilti,F,c) Civil Engineering,FULL,31/03/2026,199196
1,10260164,M GROUP (SERVICES) LIMITED,G-00087,MINERVA EQUITY LIMITED,T1 Active Hilti,F,c) Civil Engineering,AUDIT EXEMPTION SUBSIDIARY,31/03/2025,199196
1,13753095,M GROUP ENERGY LIMITED,G-00087,MINERVA EQUITY LIMITED,T1 Active Hilti,F,c) Civil Engineering,AUDIT EXEMPTION SUBSIDIARY,31/03/2025,199196
1,06508968,M GROUP WATER LIMITED,G-00087,MINERVA EQUITY LIMITED,T1 Active Hilti,F,c) Civil Engineering,AUDIT EXEMPTION SUBSIDIARY,31/03/2025,199196
1,07563201,M GROUP TELECOM (FIXED NETWORK SOLUTIONS) LIMITED,G-00087,MINERVA EQUITY LIMITED,T1 Active Hilti,F,c) Civil Engineering,FULL,31/03/2026,199196
1,04530602,M GROUP WATER (NETWORK INFRASTRUCTURE) LIMITED,G-00087,MINERVA EQUITY LIMITED,T1 Active Hilti,F,c) Civil Engineering,FULL,31/03/2026,199196
1,03651880,M GROUP TELECOM (MOBILE NETWORK SOLUTIONS) LIMITED,G-00087,MINERVA EQUITY LIMITED,T1 Active Hilti,F,c) Civil Engineering,FULL,31/03/2025,199196
1,12291202,M GROUP ENERGY (INFRASTRUCTURE) LIMITED,G-00087,MINERVA EQUITY LIMITED,T1 Active Hilti,F,c) Civil Engineering,FULL,31/03/2026,199196
1,03353499,M GROUP WATER (MEICA MAINTENANCE & PROJECTS) LIMITED,G-00087,MINERVA EQUITY LIMITED,T1 Active Hilti,F,c) Civil Engineering,FULL,31/03/2026,199196
1,03230356,TIMBERWISE (UK) LIMITED,G-00097,MAGIE INVESTMENTS LIMITED,T1 Active Hilti,F,a) Building Construction (specialist trades),FULL,31/12/2025,184563
1,03718466,J P DUNN CONSTRUCTION LIMITED,G-00100,J P DUNN CONSTRUCTION HOLDINGS LIMITED,T1 Active Hilti,F,a) Building Construction,FULL,30/09/2025,183514
1,01747345,JSS RAIL LIMITED,G-00112,JSS GROUP LIMITED,T1 Active Hilti,B3+F,c) Civil Engineering,FULL,31/12/2025,163150
1,02926871,SHEPLEY ENGINEERS LIMITED,G-00132,RENEW HOLDINGS PLC.,T1 Active Hilti,F,a) Building Construction (steel & metal),FULL,30/09/2025,143734
1,07524755,CLARKE TELECOM LIMITED,G-00132,RENEW HOLDINGS PLC.,T1 Active Hilti,F,a) Building Construction (steel & metal),FULL,30/09/2025,143734
1,SC346116,QTS GROUP LTD.,G-00132,RENEW HOLDINGS PLC.,T1 Active Hilti,F,a) Building Construction (steel & metal),FULL,30/09/2025,143734
1,01164013,BRITANNIA CONSTRUCTION LIMITED,G-00132,RENEW HOLDINGS PLC.,T1 Active Hilti,F,a) Building Construction (steel & metal),FULL,30/09/2025,143734
1,01835363,ENVOLVE INFRASTRUCTURE LIMITED,G-00132,RENEW HOLDINGS PLC.,T1 Active Hilti,F,a) Building Construction (steel & metal),FULL,30/09/2025,143734
1,04450846,EXCALON LIMITED,G-00132,RENEW HOLDINGS PLC.,T1 Active Hilti,F,a) Building Construction (steel & metal),FULL,30/09/2025,143734
1,12867945,J BROWNE PLANT LIMITED,G-00132,RENEW HOLDINGS PLC.,T1 Active Hilti,F,a) Building Construction (steel & metal),FULL,30/09/2025,143734
1,01000440,J.BROWNE CONSTRUCTION COMPANY LIMITED,G-00132,RENEW HOLDINGS PLC.,T1 Active Hilti,F,a) Building Construction (steel & metal),FULL,30/09/2025,143734
1,NI632120,EMERALD POWER LTD,G-00132,RENEW HOLDINGS PLC.,T1 Active Hilti,F,a) Building Construction (steel & metal),SMALL,31/07/2025,143734
1,00650447,RENEW HOLDINGS PLC.,G-00132,RENEW HOLDINGS PLC.,T1 Active Hilti,F,a) Building Construction (steel & metal),GROUP,30/09/2025,143734
1,03170481,WEST CUMBERLAND ENGINEERING LIMITED,G-00132,RENEW HOLDINGS PLC.,T1 Active Hilti,F,a) Building Construction (steel & metal),FULL,30/09/2025,143734
1,07884300,Q9 CLADDING SOLUTIONS LTD,G-00142,Q9 CLADDING SOLUTIONS HOLDINGS LIMITED,T1 Active Hilti,B3+F,a) Building Construction,FULL,31/03/2025,138850
1,06224882,INFRASOLUTIONS LTD,G-00154,FERROVIAL N.V.,T1 Active Hilti,F,c) Civil Engineering,FULL,31/12/2024,134154
1,05779755,FERROVIAL CONSTRUCTION (UK) LIMITED,G-00154,FERROVIAL N.V.,T1 Active Hilti,F,c) Civil Engineering,FULL,31/12/2025,134154
1,01540632,GROSVENOR POWER SERVICES LIMITED,G-00160,GGM HUMAN RESOURCES LIMITED,T1 Active Hilti,F,e) Maintenance/MRO (industrial),FULL,31/12/2025,131246
1,02041457,G.P.S. HOLDINGS LIMITED,G-00160,GGM HUMAN RESOURCES LIMITED,T1 Active Hilti,F,e) Maintenance/MRO (industrial),SMALL,31/12/2025,131246
1,13129691,GROSVENOR POWER GROUP HOLDINGS LIMITED,G-00160,GGM HUMAN RESOURCES LIMITED,T1 Active Hilti,F,e) Maintenance/MRO (industrial),GROUP,31/12/2025,131246
1,05111937,MORSON GROUP LIMITED,G-00160,GGM HUMAN RESOURCES LIMITED,T1 Active Hilti,F,e) Maintenance/MRO (industrial),GROUP,31/12/2024,131246
1,01457298,MORSON PROJECTS LIMITED,G-00160,GGM HUMAN RESOURCES LIMITED,T1 Active Hilti,F,e) Maintenance/MRO (industrial),FULL,31/12/2024,131246
1,05681203,VITAL HUMAN RESOURCES LIMITED,G-00160,GGM HUMAN RESOURCES LIMITED,T1 Active Hilti,F,e) Maintenance/MRO (industrial),FULL,31/12/2024,131246
1,02096505,ASSA ABLOY LIMITED,G-00167,ASSA ABLOY AB,T1 Active Hilti,F,a) Building Construction (steel & metal),FULL,31/12/2025,125814
1,00910858,ASSA ABLOY ENTRANCE SYSTEMS LTD,G-00167,ASSA ABLOY AB,T1 Active Hilti,F,a) Building Construction (steel & metal),FULL,31/12/2024,125814
1,02022858,CARLISLE BRASS LIMITED,G-00167,ASSA ABLOY AB,T1 Active Hilti,F,a) Building Construction (steel & metal),FULL,31/12/2025,125814
1,01188468,P.C. HENDERSON LIMITED,G-00167,ASSA ABLOY AB,T1 Active Hilti,F,a) Building Construction (steel & metal),FULL,31/12/2024,125814
1,01480389,SUNRAY ENGINEERING LIMITED,G-00167,ASSA ABLOY AB,T1 Active Hilti,F,a) Building Construction (steel & metal),MEDIUM,31/12/2025,125814
1,03792735,JOSEPH GALLAGHER GROUP LIMITED,G-00174,JOSEPH GALLAGHER GROUP LIMITED,T1 Active Hilti,B3,a) Building Construction (domestic) / U2 candidate,GROUP,30/09/2025,124010
1,00147366,OTIS LIMITED,G-00177,OTIS WORLDWIDE CORPORATION,T1 Active Hilti,B1,e) Maintenance/MRO (industrial),FULL,30/11/2025,122415
1,03162869,CETFIL 1 LIMITED,G-00177,OTIS WORLDWIDE CORPORATION,T1 Active Hilti,B1,e) Maintenance/MRO (industrial),TOTAL EXEMPTION FULL,31/08/2025,122415
1,00412198,BOURNE GROUP LTD.,G-00187,BGH HOLDCO LTD,T1 Active Hilti,F,a) Building Construction (specialist trades),GROUP,31/10/2025,118713
1,05934862,REDS10 (UK) LIMITED,G-00188,RUDDICK LIMITED,T1 Active Hilti,F,a) Building Construction,GROUP,31/03/2025,117980
1,03560591,STRUCTURAL METAL DECKS LIMITED,G-00192,FIRTH STEELS LIMITED,T1 Active Hilti,F,a) Building Construction (specialist trades),FULL,31/07/2025,115492
1,SC255771,THRU DECK SERVICES LIMITED,G-00192,FIRTH STEELS LIMITED,T1 Active Hilti,F,a) Building Construction (specialist trades),SMALL,31/07/2025,115492
1,03233894,PTSG ACCESS AND SAFETY LIMITED,G-00197,GRAPHMARS MIDCO LIMITED,T1 Active Hilti,F,e) Maintenance/MRO (industrial),AUDIT EXEMPTION SUBSIDIARY,28/12/2024,112124
1,06307859,NEO PROPERTY SOLUTIONS LIMITED,G-00197,GRAPHMARS MIDCO LIMITED,T1 Active Hilti,F,e) Maintenance/MRO (industrial),AUDIT EXEMPTION SUBSIDIARY,28/12/2024,112124
1,SC257071,PENDRICH HEIGHT SERVICES LIMITED,G-00197,GRAPHMARS MIDCO LIMITED,T1 Active Hilti,F,e) Maintenance/MRO (industrial),AUDIT EXEMPTION SUBSIDIARY,28/12/2024,112124
1,06005074,PREMIER TECHNICAL SERVICES GROUP LIMITED,G-00197,GRAPHMARS MIDCO LIMITED,T1 Active Hilti,F,e) Maintenance/MRO (industrial),AUDIT EXEMPTION SUBSIDIARY,28/12/2024,112124
1,08737754,PTSG LIMITED,G-00197,GRAPHMARS MIDCO LIMITED,T1 Active Hilti,F,e) Maintenance/MRO (industrial),MICRO ENTITY,31/12/2025,112124
1,02811979,PTSG ELECTRICAL SERVICES LIMITED,G-00197,GRAPHMARS MIDCO LIMITED,T1 Active Hilti,F,e) Maintenance/MRO (industrial),AUDIT EXEMPTION SUBSIDIARY,28/12/2024,112124
1,03304503,TRINITY FIRE AND SECURITY SYSTEMS LTD,G-00197,GRAPHMARS MIDCO LIMITED,T1 Active Hilti,F,e) Maintenance/MRO (industrial),AUDIT EXEMPTION SUBSIDIARY,28/12/2024,112124
1,08817304,UK SAFETY MANAGEMENT LTD,G-00197,GRAPHMARS MIDCO LIMITED,T1 Active Hilti,F,e) Maintenance/MRO (industrial),FULL,30/09/2024,112124
1,11073163,MCMULLEN FACADES LIMITED,G-00203,IJM CORPORATION (UK) LIMITED,T1 Active Hilti,B3+F,a) Building Construction (steel & metal),FULL,31/03/2026,109471
1,03228216,J. REDDINGTON LTD,G-00203,IJM CORPORATION (UK) LIMITED,T1 Active Hilti,B3+F,a) Building Construction (steel & metal),FULL,31/03/2026,109471
1,04738029,JRL PLANT AND LOGISTICS LIMITED,G-00203,IJM CORPORATION (UK) LIMITED,T1 Active Hilti,B3+F,a) Building Construction (steel & metal),AUDIT EXEMPTION SUBSIDIARY,30/04/2025,109471
1,05718686,MIDGARD LTD,G-00203,IJM CORPORATION (UK) LIMITED,T1 Active Hilti,B3+F,a) Building Construction (steel & metal),FULL,31/03/2026,109471
1,07046711,JRL GROUP HOLDINGS LIMITED,G-00203,IJM CORPORATION (UK) LIMITED,T1 Active Hilti,B3+F,a) Building Construction (steel & metal),GROUP,31/03/2026,109471
1,11154338,JRL ACCESS LIMITED,G-00203,IJM CORPORATION (UK) LIMITED,T1 Active Hilti,B3+F,a) Building Construction (steel & metal),AUDIT EXEMPTION SUBSIDIARY,30/04/2025,109471
1,15455976,JRL (DM) LIMITED,G-00203,IJM CORPORATION (UK) LIMITED,T1 Active Hilti,B3+F,a) Building Construction (steel & metal),SMALL,31/03/2026,109471
1,13311852,JRL MODULAR LTD,G-00203,IJM CORPORATION (UK) LIMITED,T1 Active Hilti,B3+F,a) Building Construction (steel & metal),FULL,31/03/2026,109471
1,04744574,LONDON TOWER CRANE HIRE & SALES LIMITED,G-00203,IJM CORPORATION (UK) LIMITED,T1 Active Hilti,B3+F,a) Building Construction (steel & metal),FULL,31/03/2026,109471
1,07452876,JRL DRYLINING LIMITED,G-00203,IJM CORPORATION (UK) LIMITED,T1 Active Hilti,B3+F,a) Building Construction (steel & metal),AUDIT EXEMPTION SUBSIDIARY,30/04/2025,109471
1,10359837,QUANTUM GATE LIMITED,G-00203,IJM CORPORATION (UK) LIMITED,T1 Active Hilti,B3+F,a) Building Construction (steel & metal),AUDIT EXEMPTION SUBSIDIARY,30/04/2025,109471
1,06897965,UK FACADES LIMITED,G-00203,IJM CORPORATION (UK) LIMITED,T1 Active Hilti,B3+F,a) Building Construction (steel & metal),SMALL,31/03/2026,109471
1,03040494,ASME ENGINEERING LTD,G-00240,ASME GROUP LTD,T1 Active Hilti,B3+F,a) Building Construction (specialist trades),FULL,31/12/2024,94447
1,02995531,AMEY RAIL LIMITED,G-00251,AMEY LIMITED,T1 Active Hilti,F,c) Civil Engineering,FULL,31/12/2025,90750
1,02379472,AMEY CONSTRUCTION LIMITED,G-00251,AMEY LIMITED,T1 Active Hilti,F,c) Civil Engineering,FULL,31/12/2025,90750
1,00462578,AMEY FLEET SERVICES LIMITED,G-00251,AMEY LIMITED,T1 Active Hilti,F,c) Civil Engineering,FULL,31/12/2025,90750
1,03612746,AMEY LG LIMITED,G-00251,AMEY LIMITED,T1 Active Hilti,F,c) Civil Engineering,FULL,31/12/2025,90750
1,03168596,AMEY OW GROUP LIMITED,G-00251,AMEY LIMITED,T1 Active Hilti,F,c) Civil Engineering,FULL,31/12/2025,90750
1,16310883,AMEY RAIL SERVICES LIMITED,G-00251,AMEY LIMITED,T1 Active Hilti,F,c) Civil Engineering,FULL,31/12/2025,90750
1,03744754,AMEY GROUP SERVICES LIMITED,G-00251,AMEY LIMITED,T1 Active Hilti,F,c) Civil Engineering,FULL,31/12/2025,90750
1,06134591,ENTERPRISE LIMITED,G-00251,AMEY LIMITED,T1 Active Hilti,F,c) Civil Engineering,FULL,31/12/2025,90750
1,02564794,AMEY COMMUNITY LIMITED,G-00251,AMEY LIMITED,T1 Active Hilti,F,c) Civil Engineering,FULL,31/12/2025,90750
1,06600609,AMEY HIGHWAYS LIMITED,G-00251,AMEY LIMITED,T1 Active Hilti,F,c) Civil Engineering,FULL,31/12/2025,90750
1,00631825,SIEMENS ENERGY LIMITED,G-00257,SIEMENS ENERGY AG,T1 Active Hilti,B1,c) Civil Engineering,FULL,30/09/2025,89670
1,10253129,SIEMENS GAMESA RENEWABLE ENERGY LIMITED,G-00257,SIEMENS ENERGY AG,T1 Active Hilti,B1,c) Civil Engineering,FULL,30/09/2025,89670
1,NI073204,CAMLIN LIMITED,G-00257,SIEMENS ENERGY AG,T1 Active Hilti,B1,c) Civil Engineering,GROUP,31/12/2025,89670
1,07704832,MASON STREET FURNITURE LTD,G-00260,ARES MANAGEMENT CORPORATION,T1 Active Hilti,F,c) Civil Engineering,FULL,31/12/2025,88601
1,SC115530,RSK ENVIRONMENT LIMITED,G-00260,ARES MANAGEMENT CORPORATION,T1 Active Hilti,F,c) Civil Engineering,FULL,06/04/2025,88601
1,06252002,1ST INRAIL LIMITED,G-00260,ARES MANAGEMENT CORPORATION,T1 Active Hilti,F,c) Civil Engineering,FULL,31/03/2025,88601
1,07195701,ACIES CIVIL AND STRUCTURAL LIMITED,G-00260,ARES MANAGEMENT CORPORATION,T1 Active Hilti,F,c) Civil Engineering,AUDIT EXEMPTION SUBSIDIARY,06/04/2025,88601
1,03163649,BINNIES UK LIMITED,G-00260,ARES MANAGEMENT CORPORATION,T1 Active Hilti,F,c) Civil Engineering,FULL,06/04/2025,88601
1,01535477,MWH TREATMENT LIMITED,G-00260,ARES MANAGEMENT CORPORATION,T1 Active Hilti,F,c) Civil Engineering,FULL,31/03/2025,88601
1,04242024,CEETECH LIMITED,G-00260,ARES MANAGEMENT CORPORATION,T1 Active Hilti,F,c) Civil Engineering,FULL,31/03/2025,88601
1,04272798,GLOBAL RAIL CONSTRUCTION LIMITED,G-00260,ARES MANAGEMENT CORPORATION,T1 Active Hilti,F,c) Civil Engineering,FULL,31/03/2025,88601
1,03505136,HAWKINS ELECTRICAL LIMITED,G-00260,ARES MANAGEMENT CORPORATION,T1 Active Hilti,F,c) Civil Engineering,FULL,31/03/2025,88601
1,SC342945,HEADLAND ARCHAEOLOGY (UK) LIMITED,G-00260,ARES MANAGEMENT CORPORATION,T1 Active Hilti,F,c) Civil Engineering,FULL,31/03/2025,88601
1,SC055598,HOMER BURGESS LIMITED,G-00260,ARES MANAGEMENT CORPORATION,T1 Active Hilti,F,c) Civil Engineering,SMALL,06/04/2025,88601
1,04605743,KENDALL KINGSCOTT LIMITED,G-00260,ARES MANAGEMENT CORPORATION,T1 Active Hilti,F,c) Civil Engineering,FULL,31/03/2025,88601
1,04543435,MG SCAFFOLDING (OXFORD) LIMITED,G-00260,ARES MANAGEMENT CORPORATION,T1 Active Hilti,F,c) Civil Engineering,SMALL,06/04/2025,88601
1,11493983,MWH LIMITED,G-00260,ARES MANAGEMENT CORPORATION,T1 Active Hilti,F,c) Civil Engineering,MICRO ENTITY,31/03/2026,88601
1,11493725,MWH CONSTRUCTORS LIMITED,G-00260,ARES MANAGEMENT CORPORATION,T1 Active Hilti,F,c) Civil Engineering,MICRO ENTITY,31/03/2026,88601
1,08451993,PD&MS HOLDINGS LIMITED,G-00260,ARES MANAGEMENT CORPORATION,T1 Active Hilti,F,c) Civil Engineering,AUDIT EXEMPTION SUBSIDIARY,31/03/2025,88601
1,SC118090,R.J.T. EXCAVATIONS LIMITED,G-00260,ARES MANAGEMENT CORPORATION,T1 Active Hilti,F,c) Civil Engineering,FULL,31/03/2025,88601
1,11454668,RICHARD IRVIN FM LIMITED,G-00260,ARES MANAGEMENT CORPORATION,T1 Active Hilti,F,c) Civil Engineering,FULL,31/03/2025,88601
1,03126673,ROC CONSULTING LIMITED,G-00260,ARES MANAGEMENT CORPORATION,T1 Active Hilti,F,c) Civil Engineering,SMALL,06/04/2025,88601
1,12071477,RSK RAW LIMITED,G-00260,ARES MANAGEMENT CORPORATION,T1 Active Hilti,F,c) Civil Engineering,AUDIT EXEMPTION SUBSIDIARY,06/04/2025,88601
1,05703678,TRAVIS BAKER LIMITED,G-00260,ARES MANAGEMENT CORPORATION,T1 Active Hilti,F,c) Civil Engineering,SMALL,06/04/2025,88601
1,05379085,WYSEPOWER LIMITED,G-00260,ARES MANAGEMENT CORPORATION,T1 Active Hilti,F,c) Civil Engineering,FULL,31/03/2025,88601
1,02186996,JACKSON LIFT SERVICES LIMITED,G-00264,JACKSON FAMILY HOLDINGS LIMITED,T1 Active Hilti,B3,e) Maintenance/MRO (industrial),MEDIUM,31/12/2024,87601
1,02331780,JACKSON LIFT INSTALLATIONS LIMITED,G-00264,JACKSON FAMILY HOLDINGS LIMITED,T1 Active Hilti,B3,e) Maintenance/MRO (industrial),MEDIUM,31/12/2024,87601
1,01808140,BARHALE CONSTRUCTION SERVICES LIMITED,G-00275,BARHALE HOLDINGS PLC,T1 Active Hilti,B3,c) Civil Engineering,FULL,30/06/2025,84158
1,10829369,BARHALE HOLDINGS PLC,G-00275,BARHALE HOLDINGS PLC,T1 Active Hilti,B3,c) Civil Engineering,GROUP,30/06/2025,84158
1,01268005,BARHALE LIMITED,G-00275,BARHALE HOLDINGS PLC,T1 Active Hilti,B3,c) Civil Engineering,FULL,30/06/2025,84158
1,NI620980,WOODVALE CONSTRUCTION COMPANY LIMITED,G-00299,WOODVALE CONSTRUCTION COMPANY LIMITED,T1 Active Hilti,B3,Housebuilder/Developer (U2 candidate),FULL,30/06/2025,77591
1,02002335,M.P.B. STRUCTURES LTD,G-00329,M.P.B. STRUCTURES LTD,T1 Active Hilti,B3,c) Civil Engineering,FULL,30/09/2025,70474
1,04095156,DECONSTRUCT (UK) LIMITED,G-00340,DEG III (HOLDING) LTD,T1 Active Hilti,F,a) Building Construction (specialist trades),FULL,31/10/2025,68883
1,11834536,DE GROUP (UK) HOLDINGS LIMITED,G-00340,DEG III (HOLDING) LTD,T1 Active Hilti,F,a) Building Construction (specialist trades),FULL,31/10/2025,68883
1,10733492,MALCOLM BUILDING SERVICES LIMITED,G-00355,MALCOLM BUILDING SERVICES LIMITED,T1 Active Hilti,B3,a) Building Construction (interior/completion),FULL,31/03/2025,66459
1,01447372,KINGSPAN GROUP LIMITED,G-00360,KINGSPAN GROUP PLC,T1 Active Hilti,F,a) Building Construction (specialist trades),FULL,31/12/2024,65651
1,04911159,KINGSPAN TIMBER SOLUTIONS LIMITED,G-00360,KINGSPAN GROUP PLC,T1 Active Hilti,F,a) Building Construction (specialist trades),FULL,31/12/2024,65651
1,02940609,KINGSPAN LIGHT + AIR (UK & IRELAND) LIMITED,G-00360,KINGSPAN GROUP PLC,T1 Active Hilti,F,a) Building Construction (specialist trades),FULL,31/12/2024,65651
1,01917964,COLT INTERNATIONAL HOLDINGS LIMITED,G-00360,KINGSPAN GROUP PLC,T1 Active Hilti,F,a) Building Construction (specialist trades),FULL,31/12/2024,65651
1,01502586,EUROCLAD GROUP LIMITED,G-00360,KINGSPAN GROUP PLC,T1 Active Hilti,F,a) Building Construction (specialist trades),FULL,31/12/2024,65651
1,01386620,KINGSPAN ENERGY LIMITED,G-00360,KINGSPAN GROUP PLC,T1 Active Hilti,F,a) Building Construction (specialist trades),SMALL,31/12/2024,65651
1,01882722,KINGSPAN INSULATION LIMITED,G-00360,KINGSPAN GROUP PLC,T1 Active Hilti,F,a) Building Construction (specialist trades),FULL,31/12/2024,65651
1,04306332,PERMASTORE GROUP LIMITED,G-00360,KINGSPAN GROUP PLC,T1 Active Hilti,F,a) Building Construction (specialist trades),GROUP,30/03/2025,65651
1,07935365,SOLEN ENERGY GROUP LIMITED,G-00360,KINGSPAN GROUP PLC,T1 Active Hilti,F,a) Building Construction (specialist trades),FULL,31/12/2024,65651
1,01469985,KEMTILE LIMITED,G-00367,RPM UK HOLDCO LIMITED,T1 Active Hilti,F,a) Building Construction (interior/completion),FULL,31/05/2025,64784
1,00251311,TREMCO CPG UK LIMITED,G-00367,RPM UK HOLDCO LIMITED,T1 Active Hilti,F,a) Building Construction (interior/completion),FULL,31/05/2025,64784
1,03525656,J. CARNEY CONSTRUCTION LTD.,G-00372,J. CARNEY CONSTRUCTION LTD.,T1 Active Hilti,B3,a) Building Construction,FULL,31/03/2025,63615
1,02675963,SWIFT BRICKWORK CONTRACTORS LIMITED,G-00396,SBCL TRUSTEE LIMITED,T1 Active Hilti,F,a) Building Construction,FULL,31/05/2025,57906
1,SC169608,A S SCAFFOLDING LTD.,G-00401,A S SCAFFOLDING LTD.,T1 Active Hilti,B3,a) Building Construction (specialist trades),MEDIUM,31/03/2025,57348
1,04222341,PAD CONTRACTS LIMITED,G-00406,WHELAN & GRANT HOLDINGS LTD,T1 Active Hilti,B3,a) Building Construction,FULL,30/06/2025,56075
1,00884268,WHELAN & GRANT (CONTRACTORS) LIMITED,G-00406,WHELAN & GRANT HOLDINGS LTD,T1 Active Hilti,B3,a) Building Construction,FULL,30/06/2025,56075
1,SC250415,ZENITH S.A.S. LIMITED,G-00411,VULCAN TOPCO LIMITED,T1 Active Hilti,F,e) Maintenance/MRO (industrial),MEDIUM,31/12/2025,55604
1,03896934,SCA GROUP LIMITED,G-00411,VULCAN TOPCO LIMITED,T1 Active Hilti,F,e) Maintenance/MRO (industrial),FULL,30/06/2025,55604
1,SC306997,ZENITH PROPERTY CONSERVATION LIMITED,G-00411,VULCAN TOPCO LIMITED,T1 Active Hilti,F,e) Maintenance/MRO (industrial),SMALL,31/12/2025,55604
1,16002627,CORIANT GROUP LIMITED,G-00411,VULCAN TOPCO LIMITED,T1 Active Hilti,F,e) Maintenance/MRO (industrial),GROUP,31/12/2025,55604
1,04582381,RAINHAM INDUSTRIAL SERVICES LIMITED,G-00411,VULCAN TOPCO LIMITED,T1 Active Hilti,F,e) Maintenance/MRO (industrial),FULL,31/12/2025,55604
1,SC327713,ZENITH (EDINBURGH) HOLDINGS LIMITED,G-00411,VULCAN TOPCO LIMITED,T1 Active Hilti,F,e) Maintenance/MRO (industrial),GROUP,31/12/2025,55604
1,16274483,TEI INDUSTRIAL SERVICES LIMITED,G-00411,VULCAN TOPCO LIMITED,T1 Active Hilti,F,e) Maintenance/MRO (industrial),FULL,31/12/2025,55604
1,01354077,HEYROD CONSTRUCTION LIMITED,G-00412,HEYROD HOLDINGS LTD,T1 Active Hilti,B3+F,Housebuilder/Developer (U2 candidate),FULL,31/03/2025,55465
1,SC033489,OCS M&E SERVICES LIMITED,G-00420,OCS GROUP INTERNATIONAL LIMITED,T1 Active Hilti,F,b) M&E,AUDIT EXEMPTION SUBSIDIARY,31/12/2024,54393
1,00806888,OCS FM LIMITED,G-00420,OCS GROUP INTERNATIONAL LIMITED,T1 Active Hilti,F,b) M&E,FULL,31/12/2024,54393
1,SC198646,ACTIVE AIR CONDITIONING LIMITED,G-00420,OCS GROUP INTERNATIONAL LIMITED,T1 Active Hilti,F,b) M&E,SMALL,31/08/2024,54393
1,04324546,INCENTIVE FACILITIES MANAGEMENT LIMITED,G-00420,OCS GROUP INTERNATIONAL LIMITED,T1 Active Hilti,F,b) M&E,AUDIT EXEMPTION SUBSIDIARY,31/12/2024,54393
1,06757544,INCENTIVE FM GROUP LIMITED,G-00420,OCS GROUP INTERNATIONAL LIMITED,T1 Active Hilti,F,b) M&E,AUDIT EXEMPTION SUBSIDIARY,31/12/2024,54393
1,03056469,OCS GROUP UK LIMITED,G-00420,OCS GROUP INTERNATIONAL LIMITED,T1 Active Hilti,F,b) M&E,FULL,31/12/2024,54393
1,SC220049,OCS TECHNICAL SERVICES LIMITED,G-00420,OCS GROUP INTERNATIONAL LIMITED,T1 Active Hilti,F,b) M&E,FULL,31/12/2025,54393
1,10722270,DOMIS CONSTRUCTION LIMITED,G-00430,DOMIS PROPERTY GROUP HOLDINGS LIMITED,T1 Active Hilti,B3,a) Building Construction,FULL,30/04/2025,53312
1,15828799,DOMIS PROPERTY GROUP HOLDINGS LIMITED,G-00430,DOMIS PROPERTY GROUP HOLDINGS LIMITED,T1 Active Hilti,B3,a) Building Construction,GROUP,30/04/2025,53312
1,04611247,WRIGHT LANDSCAPES LIMITED,G-00430,DOMIS PROPERTY GROUP HOLDINGS LIMITED,T1 Active Hilti,B3,a) Building Construction,FULL,30/04/2025,53312
1,05013530,TOGHER CONSTRUCTION LIMITED,G-00449,TC HOLDCO LIMITED,T1 Active Hilti,B3+F,a) Building Construction,FULL,31/03/2025,51588
1,07201905,GALLDRIS SERVICES LTD,G-00462,GHL TRUSTEE LIMITED,T1 Active Hilti,B3,a) Building Construction (specialist trades),FULL,30/04/2025,50659
1,10127324,GALLDRIS HOLDINGS LIMITED,G-00462,GHL TRUSTEE LIMITED,T1 Active Hilti,B3,a) Building Construction (specialist trades),GROUP,30/04/2025,50659
1,03532885,GALLDRIS CONSTRUCTION LIMITED,G-00462,GHL TRUSTEE LIMITED,T1 Active Hilti,B3,a) Building Construction (specialist trades),AUDIT EXEMPTION SUBSIDIARY,30/04/2025,50659
1,02519234,MEARS LIMITED,G-00463,MEARS GROUP PLC,T1 Active Hilti,F,e) Maintenance/MRO (facilities),FULL,31/12/2025,49992
1,05856213,MANCHESTER WORKING LIMITED,G-00463,MEARS GROUP PLC,T1 Active Hilti,F,e) Maintenance/MRO (facilities),SMALL,31/12/2025,49992
1,11655167,MPS HOUSING LIMITED,G-00463,MEARS GROUP PLC,T1 Active Hilti,F,e) Maintenance/MRO (facilities),AUDIT EXEMPTION SUBSIDIARY,31/12/2024,49992
1,03720903,MEARS ESTATES LIMITED,G-00463,MEARS GROUP PLC,T1 Active Hilti,F,e) Maintenance/MRO (facilities),AUDIT EXEMPTION SUBSIDIARY,31/12/2025,49992
1,06133379,NOVUM STRUCTURES UK LIMITED,G-00476,NOVUM HOLDINGS UK LIMITED,T1 Active Hilti,B3,a) Building Construction (specialist trades),MEDIUM,31/12/2024,48514
1,06219882,NOVUM HOLDINGS UK LIMITED,G-00476,NOVUM HOLDINGS UK LIMITED,T1 Active Hilti,B3,a) Building Construction (specialist trades),GROUP,31/12/2024,48514
1,09626352,HORIBA MIRA LIMITED,G-00483,THE WELSH MINISTERS,T1 Active Hilti,B3+F,c) Civil Engineering,GROUP,31/12/2024,47491
1,10514342,ACCENT HOLDINGS LIMITED,G-00483,THE WELSH MINISTERS,T1 Active Hilti,B3+F,c) Civil Engineering,GROUP,31/12/2025,47491
1,01654120,ACCENT SERVICES (AIR CONDITIONING) LIMITED,G-00483,THE WELSH MINISTERS,T1 Active Hilti,B3+F,c) Civil Engineering,FULL,31/12/2025,47491
1,05035404,ATLANTIC PROJECTS COMPANY (UK) LIMITED,G-00483,THE WELSH MINISTERS,T1 Active Hilti,B3+F,c) Civil Engineering,FULL,31/01/2025,47491
1,02730352,AVL UK HOLDINGS LIMITED,G-00483,THE WELSH MINISTERS,T1 Active Hilti,B3+F,c) Civil Engineering,GROUP,31/12/2024,47491
1,04109439,AZENTA UK LTD,G-00483,THE WELSH MINISTERS,T1 Active Hilti,B3+F,c) Civil Engineering,FULL,30/09/2024,47491
1,SC210524,HELIX ROBOTICS SOLUTIONS LIMITED,G-00483,THE WELSH MINISTERS,T1 Active Hilti,B3+F,c) Civil Engineering,FULL,31/12/2024,47491
1,SO301080,CITY BUILDING (CONTRACTS) LLP,G-00483,THE WELSH MINISTERS,T1 Active Hilti,B3+F,c) Civil Engineering,FULL,31/03/2025,47491
1,NI601585,CODA (OPERATIONS) LIMITED,G-00483,THE WELSH MINISTERS,T1 Active Hilti,B3+F,c) Civil Engineering,SMALL,31/03/2025,47491
1,06665536,FAR EAST FACADE (UK) LIMITED,G-00483,THE WELSH MINISTERS,T1 Active Hilti,B3+F,c) Civil Engineering,SMALL,31/12/2025,47491
1,07319475,HIPRA UK AND IRELAND LIMITED,G-00483,THE WELSH MINISTERS,T1 Active Hilti,B3+F,c) Civil Engineering,FULL,31/12/2025,47491
1,02045485,KME YORKSHIRE LIMITED,G-00483,THE WELSH MINISTERS,T1 Active Hilti,B3+F,c) Civil Engineering,SMALL,31/12/2024,47491
1,01004816,WARTSILA UK LIMITED,G-00483,THE WELSH MINISTERS,T1 Active Hilti,B3+F,c) Civil Engineering,FULL,31/12/2025,47491
1,NI054463,NORTHERN IRELAND WATER LIMITED,G-00483,THE WELSH MINISTERS,T1 Active Hilti,B3+F,c) Civil Engineering,GROUP,31/03/2025,47491
1,01307136,PIERREPONT ESTATES MANAGEMENT LTD,G-00483,THE WELSH MINISTERS,T1 Active Hilti,B3+F,c) Civil Engineering,TOTAL EXEMPTION FULL,31/03/2025,47491
1,03320915,PROSAFE OFFSHORE LIMITED,G-00483,THE WELSH MINISTERS,T1 Active Hilti,B3+F,c) Civil Engineering,FULL,31/12/2025,47491
1,02820938,PULLMAN RAIL LIMITED,G-00483,THE WELSH MINISTERS,T1 Active Hilti,B3+F,c) Civil Engineering,FULL,31/03/2025,47491
1,00406809,RAYTHEON SYSTEMS LIMITED,G-00483,THE WELSH MINISTERS,T1 Active Hilti,B3+F,c) Civil Engineering,FULL,31/12/2025,47491
1,06562327,RECOM FARMHOUSE HOLDINGS LTD,G-00483,THE WELSH MINISTERS,T1 Active Hilti,B3+F,c) Civil Engineering,TOTAL EXEMPTION FULL,30/04/2025,47491
1,03086621,SAMSUNG ELECTRONICS (UK) LIMITED,G-00483,THE WELSH MINISTERS,T1 Active Hilti,B3+F,c) Civil Engineering,FULL,31/12/2025,47491
1,SC124648,CHEMCO INTERNATIONAL LIMITED,G-00483,THE WELSH MINISTERS,T1 Active Hilti,B3+F,c) Civil Engineering,TOTAL EXEMPTION FULL,30/04/2025,47491
1,09476013,TRANSPORT FOR WALES,G-00483,THE WELSH MINISTERS,T1 Active Hilti,B3+F,c) Civil Engineering,GROUP,31/03/2026,47491
1,02939693,MATCON GROUP LIMITED,G-00483,THE WELSH MINISTERS,T1 Active Hilti,B3+F,c) Civil Engineering,FULL,31/12/2024,47491
1,02366648,WESSEX WATER SERVICES LIMITED,G-00488,YTL UTILITIES (UK) LIMITED,T1 Active Hilti,F,c) Civil Engineering,FULL,30/06/2025,47071
1,15881749,YTL INFRASTRUCTURE (UK) LIMITED,G-00488,YTL UTILITIES (UK) LIMITED,T1 Active Hilti,F,c) Civil Engineering,FULL,30/06/2025,47071
1,14897501,YTL CONSTRUCTION (UK) LIMITED,G-00488,YTL UTILITIES (UK) LIMITED,T1 Active Hilti,F,c) Civil Engineering,GROUP,30/06/2025,47071
1,03652435,TURNBULL INFRASTRUCTURE & UTILITIES LIMITED,G-00488,YTL UTILITIES (UK) LIMITED,T1 Active Hilti,F,c) Civil Engineering,FULL,30/06/2025,47071
1,02366633,WESSEX WATER LIMITED,G-00488,YTL UTILITIES (UK) LIMITED,T1 Active Hilti,F,c) Civil Engineering,GROUP,30/06/2025,47071
1,10495341,YTL DEVELOPMENTS (UK) LIMITED,G-00488,YTL UTILITIES (UK) LIMITED,T1 Active Hilti,F,c) Civil Engineering,FULL,30/06/2025,47071
1,SC667529,ROBERTSON CIVIL ENGINEERING LIMITED,G-00492,ROBERTSON GROUP (HOLDINGS) LIMITED,T1 Active Hilti,B3,a) Building Construction,FULL,30/06/2025,46697
1,SC356297,ROBERTSON GROUP (HOLDINGS) LIMITED,G-00492,ROBERTSON GROUP (HOLDINGS) LIMITED,T1 Active Hilti,B3,a) Building Construction,GROUP,30/06/2025,46697
1,SC249933,ROBERTSON CONSTRUCTION CENTRAL LIMITED,G-00492,ROBERTSON GROUP (HOLDINGS) LIMITED,T1 Active Hilti,B3,a) Building Construction,SMALL,30/06/2025,46697
1,SC292999,ROBERTSON CONSTRUCTION TAYSIDE LIMITED,G-00492,ROBERTSON GROUP (HOLDINGS) LIMITED,T1 Active Hilti,B3,a) Building Construction,FULL,30/06/2025,46697
1,03896267,COBRA ENGINEERING (UK) LIMITED,G-00503,MARCH BIDCO LIMITED,T1 Active Hilti,F,b) M&E,TOTAL EXEMPTION FULL,13/05/2025,45851
1,08584465,EJ PARKER TECHNICAL SERVICES HOLDINGS LIMITED,G-00503,MARCH BIDCO LIMITED,T1 Active Hilti,F,b) M&E,GROUP,28/02/2025,45851
1,02319906,TECKER LIMITED,G-00503,MARCH BIDCO LIMITED,T1 Active Hilti,F,b) M&E,FULL,31/05/2025,45851
1,SC369529,EJ PARKER TECHNICAL SERVICES (SCOTLAND SOUTH) LTD,G-00503,MARCH BIDCO LIMITED,T1 Active Hilti,F,b) M&E,FULL,28/02/2025,45851
1,00480127,EJ PARKER TECHNICAL SERVICES GROUP LIMITED,G-00503,MARCH BIDCO LIMITED,T1 Active Hilti,F,b) M&E,SMALL,28/02/2025,45851
1,SC632888,EJ MUSK PROCESS SERVICES LTD,G-00503,MARCH BIDCO LIMITED,T1 Active Hilti,F,b) M&E,FULL,28/02/2025,45851
1,09130183,EXPERVENT LIMITED,G-00503,MARCH BIDCO LIMITED,T1 Active Hilti,F,b) M&E,TOTAL EXEMPTION FULL,31/07/2025,45851
1,SC386013,EJ PARKER TECHNICAL SERVICES (SCOTLAND NORTH) LTD,G-00503,MARCH BIDCO LIMITED,T1 Active Hilti,F,b) M&E,FULL,28/02/2025,45851
1,SC507737,MARCH (GROUP) LIMITED,G-00503,MARCH BIDCO LIMITED,T1 Active Hilti,F,b) M&E,GROUP,28/02/2025,45851
1,SC381518,EJ PARKER TECHNICAL SERVICES HOLDINGS (SCOTLAND) LIMITED,G-00503,MARCH BIDCO LIMITED,T1 Active Hilti,F,b) M&E,GROUP,28/02/2025,45851
1,00956853,POWER TESTING LIMITED,G-00503,MARCH BIDCO LIMITED,T1 Active Hilti,F,b) M&E,TOTAL EXEMPTION FULL,16/07/2025,45851
1,02727513,EJ MUSK PROCESS SERVICES (PETERBOROUGH) LTD,G-00503,MARCH BIDCO LIMITED,T1 Active Hilti,F,b) M&E,FULL,28/02/2025,45851
1,01270585,EJ PARKER TECHNICAL SERVICES (CENTRAL) LTD,G-00503,MARCH BIDCO LIMITED,T1 Active Hilti,F,b) M&E,FULL,28/02/2025,45851
1,12164983,H&MV ENGINEERING SERVICES LIMITED,G-00504,OHMS UKCO LIMITED,T1 Active Hilti,F,b) M&E,FULL,31/12/2024,45404
1,01977948,WATES CONSTRUCTION LIMITED,G-00506,WATES GROUP LIMITED,T1 Active Hilti,B1+F,a) Building Construction,GROUP,31/12/2025,44851
1,04242416,LIBERTY GAS GROUP LIMITED,G-00506,WATES GROUP LIMITED,T1 Active Hilti,B1+F,a) Building Construction,FULL,31/12/2025,44851
1,01824828,WATES GROUP LIMITED,G-00506,WATES GROUP LIMITED,T1 Active Hilti,B1+F,a) Building Construction,GROUP,31/12/2025,44851
1,15976322,WATES PROPERTY SERVICES (HOLDINGS) LIMITED,G-00506,WATES GROUP LIMITED,T1 Active Hilti,B1+F,a) Building Construction,FULL,31/12/2025,44851
1,13453218,WATES RESIDENTIAL LIMITED,G-00506,WATES GROUP LIMITED,T1 Active Hilti,B1+F,a) Building Construction,AUDIT EXEMPTION SUBSIDIARY,31/12/2025,44851
1,13482045,WATES SMARTSPACE LIMITED,G-00506,WATES GROUP LIMITED,T1 Active Hilti,B1+F,a) Building Construction,AUDIT EXEMPTION SUBSIDIARY,31/12/2024,44851
1,03018173,BDW TRADING LIMITED,G-00508,BARRATT REDROW PLC,T1 Active Hilti,F,a) Building Construction,FULL,29/06/2025,44443
1,00604574,BARRATT REDROW PLC,G-00508,BARRATT REDROW PLC,T1 Active Hilti,F,a) Building Construction,GROUP,30/06/2025,44443
1,00830271,DAVID WILSON HOMES LIMITED,G-00508,BARRATT REDROW PLC,T1 Active Hilti,F,a) Building Construction,AUDIT EXEMPTION SUBSIDIARY,29/06/2025,44443
1,03341567,GLADMAN DEVELOPMENTS LIMITED,G-00508,BARRATT REDROW PLC,T1 Active Hilti,F,a) Building Construction,FULL,29/06/2025,44443
1,SC181419,OREGON TIMBER FRAME LTD.,G-00508,BARRATT REDROW PLC,T1 Active Hilti,F,a) Building Construction,FULL,29/06/2025,44443
1,02877315,REDROW LIMITED,G-00508,BARRATT REDROW PLC,T1 Active Hilti,F,a) Building Construction,GROUP,30/06/2024,44443
1,01990710,REDROW HOMES LIMITED,G-00508,BARRATT REDROW PLC,T1 Active Hilti,F,a) Building Construction,FULL,29/06/2025,44443
1,00948402,WILSON BOWDEN DEVELOPMENTS LIMITED,G-00508,BARRATT REDROW PLC,T1 Active Hilti,F,a) Building Construction,FULL,29/06/2025,44443
1,01973332,JOHN SISK & SON LIMITED,G-00521,SISK CONSOLIDATED INVESTMENTS LIMITED,T1 Active Hilti,B3,a) Building Construction,FULL,31/12/2025,42867
1,02840742,HERAS PERIMETER PROTECTION LTD,G-00522,HERAS PERIMETER PROTECTION LTD,T1 Active Hilti,B3,a) Building Construction (specialist trades),FULL,31/12/2024,42775
1,04890550,O.C.L. FACADES LIMITED,G-00528,FOUNDRY THIRTY LTD,T1 Active Hilti,B3+F,a) Building Construction (specialist trades),FULL,30/06/2025,41907
1,06663029,O.C.L. DRYLINING LIMITED,G-00528,FOUNDRY THIRTY LTD,T1 Active Hilti,B3+F,a) Building Construction (specialist trades),SMALL,30/06/2025,41907
1,13777998,O.C.L. HOLDINGS LIMITED,G-00528,FOUNDRY THIRTY LTD,T1 Active Hilti,B3+F,a) Building Construction (specialist trades),GROUP,30/06/2025,41907
1,04645331,CIRCET (UK) LIMITED,G-00532,CIRCET (UK) LIMITED,T1 Active Hilti,B3,a) Building Construction (specialist trades),FULL,31/12/2024,41414
1,06691853,CIRCET WIRELESS LIMITED,G-00532,CIRCET (UK) LIMITED,T1 Active Hilti,B3,a) Building Construction (specialist trades),FULL,31/12/2024,41414
1,SC314249,CIRCET HOME LIMITED,G-00532,CIRCET (UK) LIMITED,T1 Active Hilti,B3,a) Building Construction (specialist trades),FULL,31/12/2024,41414
1,SC627859,ACCIONA INDUSTRIAL UK LIMITED,G-00535,ACCIONA S.A.,T1 Active Hilti,B1,Housebuilder/Developer (U2 candidate),FULL,31/12/2024,41122
1,SC136658,CCG (OSM) LIMITED,G-00541,LAXDALE HOLDINGS LIMITED,T1 Active Hilti,F,Housebuilder/Developer (U2 candidate),FULL,31/03/2025,40378
1,SC056810,CCG (SCOTLAND) LIMITED,G-00541,LAXDALE HOLDINGS LIMITED,T1 Active Hilti,F,Housebuilder/Developer (U2 candidate),FULL,31/03/2025,40378
1,SC127099,ARC-TECH (SCOTLAND) LIMITED,G-00541,LAXDALE HOLDINGS LIMITED,T1 Active Hilti,F,Housebuilder/Developer (U2 candidate),FULL,31/03/2025,40378
1,03288664,BRIMS CONSTRUCTION LIMITED,G-00570,ISWJC HOLDINGS LIMITED,T1 Active Hilti,B1+F,a) Building Construction,FULL,31/03/2025,38097
1,01952517,TYCO FIRE & INTEGRATED SOLUTIONS (UK) LIMITED,G-00571,JOHNSON CONTROLS INTERNATIONAL PLC,T1 Active Hilti,F,a) Building Construction (specialist trades),FULL,30/09/2025,38090
1,01161045,ADT FIRE AND SECURITY PLC,G-00571,JOHNSON CONTROLS INTERNATIONAL PLC,T1 Active Hilti,F,a) Building Construction (specialist trades),FULL,30/09/2025,38090
1,04453714,VINDEX SYSTEMS LIMITED,G-00571,JOHNSON CONTROLS INTERNATIONAL PLC,T1 Active Hilti,F,a) Building Construction (specialist trades),FULL,30/09/2024,38090
1,04438792,NX FIRE SYSTEMS LIMITED,G-00571,JOHNSON CONTROLS INTERNATIONAL PLC,T1 Active Hilti,F,a) Building Construction (specialist trades),FULL,30/09/2025,38090
1,02991328,YORK INTERNATIONAL (HOLDINGS) LIMITED,G-00571,JOHNSON CONTROLS INTERNATIONAL PLC,T1 Active Hilti,F,a) Building Construction (specialist trades),FULL,30/09/2024,38090
1,05384376,BILFINGER UK LIMITED,G-00576,BILFINGER SE,T1 Active Hilti,F,c) Civil Engineering,FULL,31/12/2024,37739
1,SC054207,BILFINGER SALAMIS UK LIMITED,G-00576,BILFINGER SE,T1 Active Hilti,F,c) Civil Engineering,FULL,31/12/2024,37739
1,01868383,ORBITAL GAS SYSTEMS LIMITED,G-00576,BILFINGER SE,T1 Active Hilti,F,c) Civil Engineering,FULL,31/12/2025,37739
1,08619723,THYSON TECHNOLOGY HOLDINGS LIMITED,G-00576,BILFINGER SE,T1 Active Hilti,F,c) Civil Engineering,FULL,31/12/2025,37739
1,02506334,HIGHWAY CARE LIMITED,G-00601,CUBE SAFETY TOPCO LIMITED,T1 Active Hilti,F,c) Civil Engineering,SMALL,31/12/2025,35825
1,03316774,CHEVRON TRAFFIC MANAGEMENT LIMITED,G-00601,CUBE SAFETY TOPCO LIMITED,T1 Active Hilti,F,c) Civil Engineering,FULL,31/12/2024,35825
1,NI067706,HIGHWAY BARRIER SOLUTIONS LIMITED,G-00601,CUBE SAFETY TOPCO LIMITED,T1 Active Hilti,F,c) Civil Engineering,FULL,31/12/2024,35825
1,02548215,INTEGRA CONTRACTS LIMITED,G-00617,INTEGRA CONTRACTS HOLDING LTD,T1 Active Hilti,B3+F,a) Building Construction (interior/completion),FULL,31/03/2025,33394
1,02472080,GALLIFORD TRY CONSTRUCTION LIMITED,G-00620,GALLIFORD TRY HOLDINGS PLC,T1 Active Hilti,F,a) Building Construction,FULL,30/06/2025,33244
1,05365273,OAK SPECIALIST SERVICES LIMITED,G-00620,GALLIFORD TRY HOLDINGS PLC,T1 Active Hilti,F,a) Building Construction,FULL,30/06/2025,33244
1,14490704,HAM BAKER ENGINEERING LIMITED,G-00620,GALLIFORD TRY HOLDINGS PLC,T1 Active Hilti,F,a) Building Construction,FULL,30/06/2025,33244
1,12216008,GALLIFORD TRY HOLDINGS PLC,G-00620,GALLIFORD TRY HOLDINGS PLC,T1 Active Hilti,F,a) Building Construction,GROUP,30/06/2025,33244
1,SC055775,GALLIFORD TRY INFRASTRUCTURE LIMITED,G-00620,GALLIFORD TRY HOLDINGS PLC,T1 Active Hilti,F,a) Building Construction,FULL,30/06/2025,33244
1,01306929,GALLIFORD TRY SERVICES LIMITED,G-00620,GALLIFORD TRY HOLDINGS PLC,T1 Active Hilti,F,a) Building Construction,FULL,30/06/2025,33244
1,08116894,NENE VALLEY FIRE AND ACOUSTIC LTD,G-00620,GALLIFORD TRY HOLDINGS PLC,T1 Active Hilti,F,a) Building Construction,TOTAL EXEMPTION FULL,30/06/2025,33244
1,14078740,GALLIFORD TRY ASSET INTELLIGENCE LIMITED,G-00620,GALLIFORD TRY HOLDINGS PLC,T1 Active Hilti,F,a) Building Construction,FULL,30/06/2025,33244
1,02487116,ANDWIS LIFTS LIMITED,G-00621,CARP TOPCO LIMITED,T1 Active Hilti,F,b) M&E,FULL,31/12/2024,33143
1,14276678,ANDWIS GROUP LIMITED,G-00621,CARP TOPCO LIMITED,T1 Active Hilti,F,b) M&E,FULL,31/12/2025,33143
1,07778364,CONCEPT ELEVATORS (HOLDINGS) LIMITED,G-00621,CARP TOPCO LIMITED,T1 Active Hilti,F,b) M&E,GROUP,31/03/2025,33143
1,04360959,CPS BUILDING SERVICES LIMITED,G-00621,CARP TOPCO LIMITED,T1 Active Hilti,F,b) M&E,FULL,31/12/2024,33143
1,01053323,WESSEX ELECTRICALS (SHAFTESBURY) LIMITED,G-00621,CARP TOPCO LIMITED,T1 Active Hilti,F,b) M&E,FULL,31/12/2024,33143
1,06250859,HESIS LIMITED,G-00621,CARP TOPCO LIMITED,T1 Active Hilti,F,b) M&E,FULL,31/12/2024,33143
1,11000891,ROCK COMPLIANCE HOLDINGS LIMITED,G-00621,CARP TOPCO LIMITED,T1 Active Hilti,F,b) M&E,GROUP,31/03/2025,33143
1,05420500,SYNECORE LTD,G-00621,CARP TOPCO LIMITED,T1 Active Hilti,F,b) M&E,AUDIT EXEMPTION SUBSIDIARY,31/12/2024,33143
1,02840678,TURNPOWER SERVICES LIMITED,G-00621,CARP TOPCO LIMITED,T1 Active Hilti,F,b) M&E,FULL,31/12/2024,33143
1,02457125,WESSEX GROUP LIMITED,G-00621,CARP TOPCO LIMITED,T1 Active Hilti,F,b) M&E,AUDIT EXEMPTION SUBSIDIARY,31/12/2024,33143
1,01627352,ELLAND STEEL STRUCTURES LIMITED,G-00629,ELLAND STEEL STRUCTURES TRUSTEES LIMITED,T1 Active Hilti,B3,a) Building Construction (steel & metal),FULL,30/06/2025,32677
1,06433165,ELLAND STEEL STRUCTURES (UK) LIMITED,G-00629,ELLAND STEEL STRUCTURES TRUSTEES LIMITED,T1 Active Hilti,B3,a) Building Construction (steel & metal),GROUP,30/06/2025,32677
1,NI681121,MCAVOY HOLDINGS LIMITED,G-00638,EMERALD DS UK MIDCO 2 LIMITED,T1 Active Hilti,F,Housebuilder/Developer (U2 candidate),GROUP,31/05/2025,31822
1,01120437,AMENTUM CLEAN ENERGY LIMITED,G-00643,AMENTUM HOLDINGS LLC,T1 Active Hilti,B1,c) Civil Engineering,FULL,27/09/2024,31500
1,01172655,AMENTUM ENTERPRISE ASSET SOLUTIONS LIMITED,G-00643,AMENTUM HOLDINGS LLC,T1 Active Hilti,B1,c) Civil Engineering,FULL,27/09/2024,31500
1,08584259,AMENTUM ENTERPRISE ASSET SOLUTIONS CONSTRUCTION LIMITED,G-00643,AMENTUM HOLDINGS LLC,T1 Active Hilti,B1,c) Civil Engineering,FULL,27/09/2024,31500
1,06000882,AUREOS RAIL LIMITED,G-00653,OSPREY BIDCO LIMITED,T1 Active Hilti,F,e) Maintenance/MRO (industrial),FULL,31/10/2025,31111
1,12930461,AUREOS ENERGY LIMITED,G-00653,OSPREY BIDCO LIMITED,T1 Active Hilti,F,e) Maintenance/MRO (industrial),FULL,31/10/2025,31111
1,04446810,AUREOS IDEC LIMITED,G-00653,OSPREY BIDCO LIMITED,T1 Active Hilti,F,e) Maintenance/MRO (industrial),FULL,31/10/2025,31111
1,04362423,ENERGYLINE LIMITED,G-00653,OSPREY BIDCO LIMITED,T1 Active Hilti,F,e) Maintenance/MRO (industrial),TOTAL EXEMPTION FULL,31/03/2025,31111
1,SC106415,MARAEN FABRICATION LIMITED,G-00669,MITSUI & CO. EUROPE LTD,T1 Active Hilti,B1+F,a) Building Construction (steel & metal),FULL,31/03/2025,30232
1,SC673486,MARAEN SOLUTIONS LIMITED,G-00669,MITSUI & CO. EUROPE LTD,T1 Active Hilti,B1+F,a) Building Construction (steel & metal),SMALL,31/03/2025,30232
1,04598550,TEIGNMOUTH MARITIME SERVICES LIMITED,G-00691,ANCORA MIDCO LIMITED,T1 Active Hilti,F,c) Civil Engineering,FULL,31/03/2025,28353
1,02983475,ALLIED INFRASTRUCTURE MANAGEMENT LIMITED,G-00739,SOC UK HOLDINGS LIMITED,T1 Active Hilti,F,c) Civil Engineering (groundworks/demolition),FULL,31/12/2024,26061
1,10866941,DJ CIVILS LTD,G-00739,SOC UK HOLDINGS LIMITED,T1 Active Hilti,F,c) Civil Engineering (groundworks/demolition),FULL,31/07/2024,26061
1,08677808,BROOKSBY PROJECTS LTD,G-00776,HUMBERSIDE GROUP LTD,T1 Active Hilti,F,a) Building Construction (specialist trades),FULL,31/12/2024,24112
1,01493003,ALUN GRIFFITHS (CONTRACTORS) LIMITED,G-00809,PURPLE ALPHA LIMITED,T1 Active Hilti,B1,c) Civil Engineering,FULL,31/12/2025,22428
1,12728498,ROBERTSON CONSTRUCTION NORTH WEST LIMITED,G-00844,ROBERTSON CONSTRUCTION NORTH WEST LIMITED,T1 Active Hilti,B3,a) Building Construction,FULL,30/06/2025,20588
1,00856716,MORGAN MARINE LIMITED,G-00849,JMMT HOLDINGS LTD,T1 Active Hilti,F,a) Building Construction (steel & metal),MEDIUM,30/06/2025,20468
1,09501929,RHINO ENGINEERING GROUP LIMITED,G-00849,JMMT HOLDINGS LTD,T1 Active Hilti,F,a) Building Construction (steel & metal),GROUP,31/03/2025,20468
1,09640709,RHINO SYSTEMS LIMITED,G-00849,JMMT HOLDINGS LTD,T1 Active Hilti,F,a) Building Construction (steel & metal),SMALL,31/03/2025,20468
1,05640885,INITIVO CONSULTANCY LIMITED,G-00860,VINCI SA,T1 Active Hilti,F,a) Building Construction,FULL,31/12/2025,20206
1,00706445,F M CONWAY LIMITED,G-00860,VINCI SA,T1 Active Hilti,F,a) Building Construction,GROUP,31/03/2025,20206
1,00789114,CRISPIN & BORST LIMITED,G-00860,VINCI SA,T1 Active Hilti,F,a) Building Construction,FULL,31/12/2025,20206
1,02756434,RINGWAY INFRASTRUCTURE SERVICES LIMITED,G-00860,VINCI SA,T1 Active Hilti,F,a) Building Construction,FULL,31/12/2024,20206
1,07388667,EUROVIA INFRASTRUCTURE LIMITED,G-00860,VINCI SA,T1 Active Hilti,F,a) Building Construction,FULL,31/12/2024,20206
1,02884116,EUROVIA UK LIMITED,G-00860,VINCI SA,T1 Active Hilti,F,a) Building Construction,SMALL,31/12/2024,20206
1,01213106,FACEO FM UK LTD,G-00860,VINCI SA,T1 Active Hilti,F,a) Building Construction,FULL,31/12/2025,20206
1,15700894,VINCI BUILDING LIMITED,G-00860,VINCI SA,T1 Active Hilti,F,a) Building Construction,FULL,31/12/2025,20206
1,08078973,RINGWAY HOUNSLOW HIGHWAYS LIMITED,G-00860,VINCI SA,T1 Active Hilti,F,a) Building Construction,FULL,31/12/2024,20206
1,00928212,ROSSER & RUSSELL MAINTENANCE LIMITED,G-00860,VINCI SA,T1 Active Hilti,F,a) Building Construction,FULL,31/12/2025,20206
1,03021985,SOUTH WEST HIGHWAYS LIMITED,G-00860,VINCI SA,T1 Active Hilti,F,a) Building Construction,FULL,31/12/2024,20206
1,03213873,TAYLOR WOODROW CONSTRUCTION,G-00860,VINCI SA,T1 Active Hilti,F,a) Building Construction,FULL,31/12/2025,20206
1,05054176,TOPPESFIELD LIMITED,G-00860,VINCI SA,T1 Active Hilti,F,a) Building Construction,FULL,31/03/2025,20206
1,00737204,VINCI LIMITED,G-00860,VINCI SA,T1 Active Hilti,F,a) Building Construction,FULL,31/12/2025,20206
1,02295904,VINCI CONSTRUCTION UK LIMITED,G-00860,VINCI SA,T1 Active Hilti,F,a) Building Construction,FULL,31/12/2025,20206
1,01271059,VINCI CONSTRUCTION MANAGEMENT LIMITED,G-00860,VINCI SA,T1 Active Hilti,F,a) Building Construction,FULL,31/12/2024,20206
1,04784131,VINCI PARTNERSHIPS LIMITED,G-00860,VINCI SA,T1 Active Hilti,F,a) Building Construction,FULL,31/12/2025,20206
1,10006957,LIVE MANAGE FACILITATE LIMITED,G-00864,ENERGY EFFICIENCY BIDCO LIMITED,T1 Active Hilti,F,a) Building Construction (specialist trades),FULL,30/11/2025,20151
1,SC251886,GEORGE LESLIE LIMITED,G-00872,GLL (HOLDINGS) LTD,T1 Active Hilti,B3,c) Civil Engineering,FULL,31/03/2026,19796
1,00832117,MCPHILLIPS (WELLINGTON) LIMITED,G-00886,MCPHILLIPS 2016 LIMITED,T1 Active Hilti,B3,c) Civil Engineering,FULL,30/09/2025,19073
1,05025340,MCPHILLIPS (HOLDINGS) LIMITED,G-00886,MCPHILLIPS 2016 LIMITED,T1 Active Hilti,B3,c) Civil Engineering,SMALL,30/09/2025,19073
1,03388861,I.C. ELECTRICAL LIMITED,G-00897,GATES CAPITAL VENTURES LIMITED,T1 Active Hilti,F,b) M&E,FULL,31/12/2025,18598
1,00479653,ELECTRACT LIMITED,G-00924,ELECTRACT GROUP HOLDINGS LIMITED,T1 Active Hilti,F,b) M&E,FULL,31/03/2025,17848
1,NI013009,HARVEY GROUP PLC,G-00925,HARVEY GROUP PLC,T1 Active Hilti,B3,b) M&E,FULL,31/08/2025,17841
1,09592685,A. & M. INSULATIONS LIMITED,G-00930,A&M ENERGY GROUP FINANCE LIMITED,T1 Active Hilti,F,b) M&E,MEDIUM,31/12/2024,17547
1,09586545,A&M ENERGY GROUP LIMITED,G-00930,A&M ENERGY GROUP FINANCE LIMITED,T1 Active Hilti,F,b) M&E,GROUP,31/12/2024,17547
1,14468960,ZAUN GROUP LIMITED,G-00955,FASTLINE STEEL SERVICES UK LTD,T1 Active Hilti,F,a) Building Construction (steel & metal),GROUP,31/12/2024,16564
1,02851383,ASPECT POWDER COATINGS LIMITED,G-00955,FASTLINE STEEL SERVICES UK LTD,T1 Active Hilti,F,a) Building Construction (steel & metal),AUDITED ABRIDGED,31/12/2024,16564
1,08553719,FASTLINE STEEL SERVICES UK LTD,G-00955,FASTLINE STEEL SERVICES UK LTD,T1 Active Hilti,F,a) Building Construction (steel & metal),MEDIUM,31/03/2025,16564
1,02033640,JAYSAM CONTRACTORS LIMITED,G-00962,JAYSAM CONTRACTORS LIMITED,T1 Active Hilti,B3,a) Building Construction (domestic) / U2 candidate,FULL,31/01/2025,16200
1,01570434,TAYLOR MADE JOINERY INTERIORS LIMITED,G-00986,TMJ INTERIORS GROUP LIMITED,T1 Active Hilti,B3+F,a) Building Construction (interior/completion),FULL,31/12/2025,15489
1,15960827,TMJ INTERIORS GROUP LIMITED,G-00986,TMJ INTERIORS GROUP LIMITED,T1 Active Hilti,B3+F,a) Building Construction (interior/completion),GROUP,31/12/2025,15489
1,01574755,ASCOT DOORS LTD,G-00991,ASCOT DOORS HOLDING EOT TRUSTEES LIMITED,T1 Active Hilti,B3,a) Building Construction (steel & metal),FULL,30/06/2025,15369
1,00159161,PALMERS SCAFFOLDING UK LIMITED,G-01003,PALMERS HOLDINGS LIMITED,T1 Active Hilti,B3,a) Building Construction (specialist trades),FULL,31/12/2024,14905
1,00818974,WALKER CONSTRUCTION (U.K.) LIMITED,G-01011,WALKER CONSTRUCTION (U.K.) LIMITED,T1 Active Hilti,B3,a) Building Construction,FULL,31/03/2025,14703
1,00358221,C J THORNE & CO LIMITED,G-01043,C J THORNE HOLDINGS LIMITED,T1 Active Hilti,B3+F,c) Civil Engineering,FULL,30/04/2025,13932
1,NI633962,MCLAUGHLIN & HARVEY HOLDINGS LIMITED,G-01045,MCLAUGHLIN & HARVEY HOLDINGS LIMITED,T1 Active Hilti,B3,a) Building Construction,GROUP,30/06/2025,13825
1,SC060291,BARR LIMITED,G-01045,MCLAUGHLIN & HARVEY HOLDINGS LIMITED,T1 Active Hilti,B3,a) Building Construction,FULL,30/06/2025,13825
1,SC150486,MCLAUGHLIN & HARVEY CONSTRUCTION LIMITED,G-01045,MCLAUGHLIN & HARVEY HOLDINGS LIMITED,T1 Active Hilti,B3,a) Building Construction,GROUP,30/06/2025,13825
1,03401367,CONCEPT ENGINEERING CONSULTANTS LTD,G-01052,PHENNA INFRASTRUCTURE UK LIMITED,T1 Active Hilti,B1,c) Civil Engineering (groundworks/demolition),AUDIT EXEMPTION SUBSIDIARY,31/12/2024,13636
1,05998333,CONSTRUCTION TESTING SOLUTIONS LIMITED,G-01052,PHENNA INFRASTRUCTURE UK LIMITED,T1 Active Hilti,B1,c) Civil Engineering (groundworks/demolition),AUDIT EXEMPTION SUBSIDIARY,31/12/2024,13636
1,05605955,NICHOLLS COLTON GROUP LIMITED,G-01052,PHENNA INFRASTRUCTURE UK LIMITED,T1 Active Hilti,B1,c) Civil Engineering (groundworks/demolition),AUDIT EXEMPTION SUBSIDIARY,31/12/2024,13636
1,05573536,FARNBOROUGH TOOL HIRE LIMITED,G-01074,COXBRIDGE GROUP LIMITED,T1 Active Hilti,F,e) Maintenance/MRO (industrial),FULL,31/12/2025,13052
1,06491878,PHOENIX HIRE & SALES LIMITED,G-01074,COXBRIDGE GROUP LIMITED,T1 Active Hilti,F,e) Maintenance/MRO (industrial),SMALL,31/12/2025,13052
1,05338277,CDS GROUP SERVICES LIMITED,G-01091,NORTON GROUP HOLDINGS LIMITED,T1 Active Hilti,F,Housebuilder/Developer (U2 candidate),FULL,02/02/2025,12696
1,11703379,MELDRUM PLANT AND TRANSPORT LIMITED,G-01093,MELDRUM CONSTRUCTION SERVICES GROUP EOT LIMITED,T1 Active Hilti,B3,a) Building Construction,AUDIT EXEMPTION SUBSIDIARY,31/12/2024,12658
1,11703185,MELDRUM STRUCTURAL AND CIVIL ENGINEERING LIMITED,G-01093,MELDRUM CONSTRUCTION SERVICES GROUP EOT LIMITED,T1 Active Hilti,B3,a) Building Construction,FULL,31/12/2024,12658
1,11703169,MELDRUM BUILDING SERVICES LIMITED,G-01093,MELDRUM CONSTRUCTION SERVICES GROUP EOT LIMITED,T1 Active Hilti,B3,a) Building Construction,AUDIT EXEMPTION SUBSIDIARY,31/12/2024,12658
1,04250084,MELDRUM CONSTRUCTION SERVICES LIMITED,G-01093,MELDRUM CONSTRUCTION SERVICES GROUP EOT LIMITED,T1 Active Hilti,B3,a) Building Construction,FULL,31/12/2024,12658
1,14407158,MELDRUM FIRE ENGINEERING LIMITED,G-01093,MELDRUM CONSTRUCTION SERVICES GROUP EOT LIMITED,T1 Active Hilti,B3,a) Building Construction,AUDIT EXEMPTION SUBSIDIARY,31/12/2024,12658
1,SC137308,THORBURN GROUP LIMITED,G-01118,CRAIGVINEAN LIMITED,T1 Active Hilti,F,a) Building Construction (steel & metal),FULL,30/11/2025,12144
1,00690190,SES (ENGINEERING SERVICES) LIMITED,G-01132,SES (ENGINEERING SERVICES) LIMITED,T1 Active Hilti,B1,a) Building Construction,FULL,31/12/2024,11898
1,08615014,HEATON GROUP DEVELOPMENTS LIMITED,G-01137,HEATON 2025 LTD,T1 Active Hilti,F,Housebuilder/Developer (U2 candidate),FULL,31/03/2025,11725
1,NI003522,KONE (NI) LIMITED,G-01172,KONE CORPORATION,T1 Active Hilti,F,b) M&E,FULL,31/12/2024,11052
1,SC114142,BELL GROUP LTD,G-01173,BELL GLOBAL LTD,T1 Active Hilti,F,a) Building Construction (interior/completion),FULL,28/03/2025,11025
1,SC417417,P&D SCOTLAND LIMITED,G-01173,BELL GLOBAL LTD,T1 Active Hilti,F,a) Building Construction (interior/completion),AUDIT EXEMPTION SUBSIDIARY,31/03/2025,11025
1,05382398,PRICE BUILDING SERVICES LIMITED,G-01176,PRICE BUILDING SERVICES HOLDINGS LTD,T1 Active Hilti,B3+F,c) Civil Engineering,FULL,31/03/2025,10981
1,08765695,VENTRO LTD,G-01188,KLAR PARTNERS LTD,T1 Active Hilti,F,b) M&E,FULL,31/03/2025,10770
1,11864117,VENTRO FIRE COMPLIANCE LTD,G-01188,KLAR PARTNERS LTD,T1 Active Hilti,F,b) M&E,SMALL,31/03/2025,10770
1,01159706,R.D. JUKES & CO. LIMITED,G-01188,KLAR PARTNERS LTD,T1 Active Hilti,F,b) M&E,UNAUDITED ABRIDGED,30/04/2025,10770
1,01179878,DODD GROUP (MIDLANDS) LIMITED,G-01208,DODD GROUP HOLDINGS LIMITED,T1 Active Hilti,B3,b) M&E,FULL,31/03/2025,10406
1,02586022,DODD GROUP HOLDINGS LIMITED,G-01208,DODD GROUP HOLDINGS LIMITED,T1 Active Hilti,B3,b) M&E,GROUP,31/03/2025,10406
1,02842232,DODD GROUP (EASTERN) LIMITED,G-01208,DODD GROUP HOLDINGS LIMITED,T1 Active Hilti,B3,b) M&E,FULL,31/03/2025,10406
1,01486338,DODD GROUP (SOUTH) LIMITED,G-01208,DODD GROUP HOLDINGS LIMITED,T1 Active Hilti,B3,b) M&E,FULL,31/03/2025,10406
1,07719070,SAPPHIRE BALCONIES LIMITED,G-01214,QUANCO HOLDINGS LIMITED,T1 Active Hilti,B1+F,a) Building Construction (steel & metal),FULL,31/12/2024,10302
1,01603845,ARGUS FIRE PROTECTION COMPANY LIMITED,G-01216,MITIE GROUP PLC,T1 Active Hilti,F,b) M&E,FULL,31/03/2025,10272
1,07886213,CUSTOM SOLAR LTD,G-01216,MITIE GROUP PLC,T1 Active Hilti,F,b) M&E,AUDIT EXEMPTION SUBSIDIARY,31/03/2025,10272
1,00906936,MITIE TECHNICAL FACILITIES MANAGEMENT LIMITED,G-01216,MITIE GROUP PLC,T1 Active Hilti,F,b) M&E,FULL,31/03/2025,10272
1,02574880,MITIE (DEFENCE) LIMITED,G-01216,MITIE GROUP PLC,T1 Active Hilti,F,b) M&E,FULL,31/03/2025,10272
1,08811106,MITIE TELECOMS TOWERS LIMITED,G-01216,MITIE GROUP PLC,T1 Active Hilti,F,b) M&E,AUDIT EXEMPTION SUBSIDIARY,31/03/2025,10272
1,03688689,MACLELLAN INTERNATIONAL LIMITED,G-01216,MITIE GROUP PLC,T1 Active Hilti,F,b) M&E,AUDIT EXEMPTION SUBSIDIARY,31/03/2025,10272
1,00972457,MITIE BUILT ENVIRONMENT LIMITED,G-01216,MITIE GROUP PLC,T1 Active Hilti,F,b) M&E,AUDIT EXEMPTION SUBSIDIARY,31/03/2023,10272
1,03306668,MITIE ENVIRONMENTAL SERVICES LIMITED,G-01216,MITIE GROUP PLC,T1 Active Hilti,F,b) M&E,FULL,31/03/2025,10272
1,03253304,MITIE FM LIMITED,G-01216,MITIE GROUP PLC,T1 Active Hilti,F,b) M&E,FULL,31/03/2025,10272
1,01383623,MITIE LANDSCAPES LIMITED,G-01216,MITIE GROUP PLC,T1 Active Hilti,F,b) M&E,FULL,31/03/2025,10272
1,02935593,MITIE PROPERTY SERVICES (UK) LIMITED,G-01216,MITIE GROUP PLC,T1 Active Hilti,F,b) M&E,FULL,31/03/2025,10272
1,01013210,MITIE SECURITY LIMITED,G-01216,MITIE GROUP PLC,T1 Active Hilti,F,b) M&E,FULL,31/03/2025,10272
1,02798048,MITIE TECHNICAL SERVICES LIMITED,G-01216,MITIE GROUP PLC,T1 Active Hilti,F,b) M&E,AUDIT EXEMPTION SUBSIDIARY,31/03/2023,10272
1,08267599,MITIE TELECOMS LIMITED,G-01216,MITIE GROUP PLC,T1 Active Hilti,F,b) M&E,FULL,31/03/2025,10272
1,00937663,MITIE ROOFING LIMITED,G-01216,MITIE GROUP PLC,T1 Active Hilti,F,b) M&E,FULL,31/03/2025,10272
1,SC299864,P2ML LTD,G-01216,MITIE GROUP PLC,T1 Active Hilti,F,b) M&E,AUDIT EXEMPTION SUBSIDIARY,31/03/2025,10272
1,04233669,RHI INDUSTRIALS LIMITED,G-01216,MITIE GROUP PLC,T1 Active Hilti,F,b) M&E,AUDIT EXEMPTION SUBSIDIARY,31/03/2025,10272
1,00948375,ROBERT PRETTIE & CO LIMITED,G-01216,MITIE GROUP PLC,T1 Active Hilti,F,b) M&E,FULL,31/03/2025,10272
1,08247808,ROCK POWER CONNECTIONS LTD,G-01216,MITIE GROUP PLC,T1 Active Hilti,F,b) M&E,AUDIT EXEMPTION SUBSIDIARY,31/03/2025,10272
1,04249215,JJ GROUP (CONTRACTING) LIMITED,G-01232,JJ GROUP (CONTRACTING) HOLDINGS LTD,T1 Active Hilti,B3+F,b) M&E,GROUP,31/07/2025,9947
1,00993638,FLOGAS BRITAIN LIMITED,G-01237,DCC LIMITED,T1 Active Hilti,F,e) Maintenance/MRO (industrial),FULL,31/03/2026,9850
1,07188008,DTGEN SOUTH LIMITED,G-01237,DCC LIMITED,T1 Active Hilti,F,e) Maintenance/MRO (industrial),FULL,31/03/2026,9850
1,03398189,EQUIPDATA LIMITED,G-01242,IPSME GROUP LTD,T1 Active Hilti,F,a) Building Construction (steel & metal),FULL,31/07/2025,9748
1,02580238,SOUTH EASTERN CARPENTRY LIMITED,G-01261,GOLDLINE TRUSTEE LIMITED,T1 Active Hilti,B3,a) Building Construction (interior/completion),FULL,31/12/2024,9302
1,NI609229,CHARLES BRAND GROUP HOLDINGS LIMITED,G-01275,LAGAN SPECIALIST INFRASTRUCTURE GROUP LIMITED,T1 Active Hilti,B3+F,c) Civil Engineering,GROUP,31/03/2025,9084
1,NI646852,LAGAN AVIATION & INFRASTRUCTURE GROUP HOLDINGS LIMITED,G-01275,LAGAN SPECIALIST INFRASTRUCTURE GROUP LIMITED,T1 Active Hilti,B3+F,c) Civil Engineering,GROUP,31/03/2025,9084
1,NI685615,LAGAN SPECIALIST INFRASTRUCTURE GROUP LIMITED,G-01275,LAGAN SPECIALIST INFRASTRUCTURE GROUP LIMITED,T1 Active Hilti,B3+F,c) Civil Engineering,GROUP,31/03/2025,9084
1,03537554,LANCER SCOTT FACILITIES MANAGEMENT LIMITED,G-01299,LANCER SCOTT HOLDINGS LIMITED,T1 Active Hilti,F,b) M&E,GROUP,30/09/2025,8725
1,13175288,LANCER SCOTT HOLDINGS LIMITED,G-01299,LANCER SCOTT HOLDINGS LIMITED,T1 Active Hilti,F,b) M&E,GROUP,30/09/2025,8725
1,14838183,LANCER SCOTT CONSTRUCTION LIMITED,G-01299,LANCER SCOTT HOLDINGS LIMITED,T1 Active Hilti,F,b) M&E,FULL,30/09/2025,8725
1,01333856,JEFF WAY ELECTRICAL SERVICES LIMITED,G-01311,JEFF WAY ELECTRICAL SERVICES LIMITED,T1 Active Hilti,B3,b) M&E,FULL,31/03/2025,8590
1,04750554,SHERWOODS (SW) LIMITED,G-01322,SHERWOODS FM GROUP LTD,T1 Active Hilti,F,b) M&E,FULL,31/12/2025,8353
1,01828722,J. FLETCHER (ENGINEERS) LIMITED,G-01338,JOCKEY MIDCO LIMITED,T1 Active Hilti,F,b) M&E,FULL,30/11/2025,8058
1,03900077,A.T. NOLAN (BUILDING CONTRACTORS) LIMITED,G-01338,JOCKEY MIDCO LIMITED,T1 Active Hilti,F,b) M&E,TOTAL EXEMPTION FULL,30/06/2025,8058
1,07145959,DIAMOND FACILITIES SUPPORT LIMITED,G-01338,JOCKEY MIDCO LIMITED,T1 Active Hilti,F,b) M&E,MEDIUM,31/12/2025,8058
1,06933536,DYNAMIC FM LTD,G-01338,JOCKEY MIDCO LIMITED,T1 Active Hilti,F,b) M&E,GROUP,30/06/2025,8058
1,03917286,THE JAMES MERCER GROUP LIMITED,G-01338,JOCKEY MIDCO LIMITED,T1 Active Hilti,F,b) M&E,FULL,31/07/2025,8058
1,NI001808,FELIX O'HARE & COMPANY LIMITED,G-01347,FELIX O'HARE & COMPANY LIMITED,T1 Active Hilti,B3,a) Building Construction,FULL,31/03/2025,7848
1,06718635,ELECTRACOM PROJECTS (UK) LTD,G-01354,FR. SAUTER AG,T1 Active Hilti,B1,b) M&E,FULL,31/12/2025,7805
1,01560517,AFON TOOLMAKERS & ENGINEERS LIMITED,G-01361,MANAGEMENT SUCCESSION (WALES) LP,T1 Active Hilti,B3+F,a) Building Construction (steel & metal),SMALL,30/04/2025,7748
1,11268397,ATAL GROUP UK LIMITED,G-01361,MANAGEMENT SUCCESSION (WALES) LP,T1 Active Hilti,B3+F,a) Building Construction (steel & metal),TOTAL EXEMPTION FULL,31/03/2025,7748
1,05177155,KOVARA PROJECTS LIMITED,G-01381,KOVARA HOLDINGS LIMITED,T1 Active Hilti,B3+F,a) Building Construction (specialist trades),FULL,31/07/2025,7502
1,05817190,RENELEC HENNION LIMITED,G-01393,RENELEC GROUP LIMITED,T1 Active Hilti,B3,b) M&E,SMALL,30/09/2025,7398
1,02522669,RENELEC BUILDING SERVICES LIMITED,G-01393,RENELEC GROUP LIMITED,T1 Active Hilti,B3,b) M&E,SMALL,30/09/2025,7398
1,03649413,RENELEC GROUP LIMITED,G-01393,RENELEC GROUP LIMITED,T1 Active Hilti,B3,b) M&E,GROUP,30/09/2025,7398
1,03060329,RENELEC CHALGROVE LIMITED,G-01393,RENELEC GROUP LIMITED,T1 Active Hilti,B3,b) M&E,MEDIUM,30/09/2025,7398
1,03360925,RENELEC GROUNDWORKS LIMITED,G-01393,RENELEC GROUP LIMITED,T1 Active Hilti,B3,b) M&E,MEDIUM,30/09/2025,7398
1,01849492,BLOUNT SHUTTERS LIMITED,G-01407,BLOUNT SHUTTERS LIMITED,T1 Active Hilti,B3,e) Maintenance/MRO (industrial),FULL,31/03/2025,7216
1,08732701,APPLEBRIDGE CONSTRUCTION LIMITED,G-01411,HUGHES FAMILY INVESTMENTS,T1 Active Hilti,B3+F,c) Civil Engineering,FULL,30/04/2025,7184
1,13145684,APPLEBRIDGE GROUP LIMITED,G-01411,HUGHES FAMILY INVESTMENTS,T1 Active Hilti,B3+F,c) Civil Engineering,AUDIT EXEMPTION SUBSIDIARY,30/04/2025,7184
1,16107902,DHIC LTD,G-01411,HUGHES FAMILY INVESTMENTS,T1 Active Hilti,B3+F,c) Civil Engineering,GROUP,30/04/2025,7184
1,SC155035,TAYLOR & FRASER LIMITED,G-01427,SUIR ENGINEERING LIMITED,T1 Active Hilti,F,b) M&E,FULL,31/12/2025,7036
1,14751239,SUIR ENGINEERING UK LIMITED,G-01427,SUIR ENGINEERING LIMITED,T1 Active Hilti,F,b) M&E,SMALL,31/12/2024,7036
1,00402934,STEPNELL LIMITED,G-01457,STEPNELL GROUP LIMITED,T1 Active Hilti,B3+F,Housebuilder/Developer (U2 candidate),FULL,31/03/2026,6651
1,03621726,WETHERBY WALL SYSTEMS LIMITED,G-01480,ROCKWOOL A/S,T1 Active Hilti,F,b) M&E,FULL,31/10/2024,6408
1,05035161,BLU 3 (UK) LIMITED,G-01482,BLU3 GROUP HOLDINGS LIMITED,T1 Active Hilti,F,Housebuilder/Developer (U2 candidate),FULL,31/03/2025,6335
1,09585850,SINEWAVE ENERGY SOLUTIONS LIMITED,G-01515,SINEWAVE ENERGY SOLUTIONS LIMITED,T1 Active Hilti,B2,c) Civil Engineering,FULL,31/05/2025,6024
1,NI054205,ALTERNATIVE HEAT LIMITED,G-01523,MCMU HOLDINGS LTD,T1 Active Hilti,F,b) M&E,FULL,31/03/2025,5820
1,NI047173,KANE GROUP BUILDING SERVICES LTD,G-01523,MCMU HOLDINGS LTD,T1 Active Hilti,F,b) M&E,FULL,31/03/2025,5820
1,05204730,HALSALL MECHANICAL LIMITED,G-01546,HALSALL HOLDINGS LIMITED,T1 Active Hilti,B3+F,e) Maintenance/MRO (industrial),FULL,31/10/2025,5593
1,NI036731,IRWIN M&E LIMITED,G-01551,EIGHT GROUP SERVICE PARTNERS BIDCO LIMITED,T1 Active Hilti,F,b) M&E,FULL,31/08/2025,5536
1,09404582,PERFORMANCE ELECTRICAL HOLDINGS LIMITED,G-01556,PERFORMANCE ELECTRICAL GROUP LIMITED,T1 Active Hilti,B3+F,b) M&E,GROUP,31/03/2025,5471
1,08447836,AINSCOUGH INDUSTRIAL SERVICES LIMITED,G-01559,AINSCOUGH INDUSTRIAL SERVICES LIMITED,T1 Active Hilti,F,e) Maintenance/MRO (industrial),GROUP,31/05/2025,5456
1,08964697,AIS VANGUARD LIMITED,G-01559,AINSCOUGH INDUSTRIAL SERVICES LIMITED,T1 Active Hilti,F,e) Maintenance/MRO (industrial),FULL,31/05/2025,5456
1,11310827,AIS VIG INDUSTRIAL LTD,G-01559,AINSCOUGH INDUSTRIAL SERVICES LIMITED,T1 Active Hilti,F,e) Maintenance/MRO (industrial),TOTAL EXEMPTION FULL,31/05/2025,5456
1,08148012,FSD MECH LIMITED,G-01562,FSD GROUP LIMITED,T1 Active Hilti,F,b) M&E,FULL,31/05/2025,5431
1,02892302,FIELD SYSTEMS DESIGNS LIMITED,G-01562,FSD GROUP LIMITED,T1 Active Hilti,F,b) M&E,FULL,31/05/2025,5431
1,SC249935,ROBERTSON CE LIMITED,G-01565,ROBERTSON CE LIMITED,T1 Active Hilti,B3,a) Building Construction,FULL,30/06/2025,5397
1,08287487,ENVELIS LIMITED,G-01572,ENVELIS GH LIMITED,T1 Active Hilti,F,a) Building Construction (interior/completion),FULL,31/03/2025,5318
1,R0000273,H.& J. MARTIN LIMITED,G-01577,H&J MARTIN GROUP LIMITED,T1 Active Hilti,B3,a) Building Construction,FULL,31/03/2025,5291
1,02641120,CUBBY CONSTRUCTION LIMITED,G-01588,SVELLA PLC,T1 Active Hilti,F,a) Building Construction,FULL,31/10/2025,5231
1,00874746,CHEETHAM HILL CONSTRUCTION LIMITED,G-01596,CHC (EOT) LIMITED,T1 Active Hilti,B3,c) Civil Engineering,FULL,31/07/2025,5144
1,11262423,IES UTILITIES GROUP LTD,G-01632,INTEGRAL UTILITIES GROUP LTD,T1 Active Hilti,F,c) Civil Engineering,FULL,31/03/2025,4723
1,03062853,M.V. KELLY LIMITED,G-01671,BRIDGETOWN GROUP HOLDINGS LIMITED,T1 Active Hilti,F,c) Civil Engineering,FULL,31/05/2025,4389
1,08632626,I-MEX (M&E) LIMITED,G-01683,I-MEX (M&E) HOLDINGS LIMITED,T1 Active Hilti,B3,a) Building Construction (interior/completion),FULL,31/12/2025,4324
1,03955582,GLANVILLE CLEANSING LIMITED,G-01687,GLANVILLE HOLDINGS GC LIMITED,T1 Active Hilti,F,a) Building Construction (specialist trades),FULL,31/03/2025,4295
1,00751383,E.J. TAYLOR & SONS LIMITED,G-01689,E.J.TAYLOR GROUP LIMITED,T1 Active Hilti,B3,a) Building Construction,FULL,31/03/2024,4259
1,01141925,MPH CONSTRUCTION LIMITED,G-01694,FAREHAM ASSOCIATES LIMITED,T1 Active Hilti,B3,a) Building Construction,FULL,30/09/2025,4177
1,02671206,WINTERS ELECTRICAL SERVICES LIMITED,G-01720,CMGC LIMITED,T1 Active Hilti,B3+F,b) M&E,FULL,31/10/2025,3906
1,01195918,PENNYS GROUP LTD,G-01727,PENNYS GROUP LTD,T1 Active Hilti,B1,a) Building Construction,FULL,31/01/2025,3822
1,SC045574,TURNER ACCESS LIMITED,G-01731,TURNER & CO. (GLASGOW) LIMITED.,T1 Active Hilti,F,a) Building Construction (specialist trades),FULL,31/03/2025,3810
1,08762604,SMART CONVERSION LTD,G-01735,SMART CONVERSION LTD,T1 Active Hilti,B3,a) Building Construction (domestic) / U2 candidate,UNAUDITED ABRIDGED,30/11/2025,3794
1,02999852,HENSALL MECHANICAL SERVICES LIMITED,G-01757,HENSALL GROUP HOLDINGS LTD,T1 Active Hilti,F,b) M&E,FULL,31/12/2025,3659
1,07196900,HENSALL ELECTRICAL SERVICES LIMITED,G-01757,HENSALL GROUP HOLDINGS LTD,T1 Active Hilti,F,b) M&E,SMALL,31/12/2025,3659
1,SC247496,D A MACDONALD (CONTRACTORS) LIMITED,G-01760,KILMORY HOLDINGS LIMITED,T1 Active Hilti,B3+F,c) Civil Engineering,FULL,30/04/2025,3650
1,01352763,RUDDY JOINERY LIMITED,G-01772,RUDDY JOINERY LIMITED,T1 Active Hilti,B3,b) M&E,FULL,31/12/2025,3569
1,SC342923,EMTEC GROUP LIMITED,G-01802,EMTEC GROUP LIMITED,T1 Active Hilti,F,Housebuilder/Developer (U2 candidate),GROUP,31/12/2025,3336
1,SC249072,EMTEC BUILDING SERVICES LIMITED,G-01802,EMTEC GROUP LIMITED,T1 Active Hilti,F,Housebuilder/Developer (U2 candidate),MEDIUM,31/12/2025,3336
1,SC541868,EMTEC CORE & PROTECT LIMITED,G-01802,EMTEC GROUP LIMITED,T1 Active Hilti,F,Housebuilder/Developer (U2 candidate),SMALL,31/12/2025,3336
1,06881322,EMTEC SOUTHERN LIMITED,G-01802,EMTEC GROUP LIMITED,T1 Active Hilti,F,Housebuilder/Developer (U2 candidate),FULL,31/12/2025,3336
1,NI006965,MARTIN & HAMILTON LIMITED,G-01826,CONWAY M&H LIMITED,T1 Active Hilti,B3+F,a) Building Construction,FULL,31/03/2025,3186
1,03321897,FLEETWOOD ARCHITECTURAL ALUMINIUM LIMITED,G-01853,HAAS HOLDINGS LTD,T1 Active Hilti,F,a) Building Construction (specialist trades),FULL,31/12/2024,3034
1,03626885,ITW UK,G-01892,ILLINOIS TOOL WORKS INC.,T1 Active Hilti,B1,e) Maintenance/MRO (industrial),FULL,31/12/2025,2769
1,01454662,MTS SYSTEMS LIMITED,G-01892,ILLINOIS TOOL WORKS INC.,T1 Active Hilti,B1,e) Maintenance/MRO (industrial),FULL,31/12/2024,2769
1,03347301,BCS (ELECTRICAL AND BUILDING) LTD,G-01893,QUBIC ASSOCIATE GROUP LIMITED,T1 Active Hilti,B3,a) Building Construction,MICRO ENTITY,28/03/2025,2763
1,03999145,BELL FORMWORK & CIVIL ENGINEERING SERVICES LIMITED,G-01893,QUBIC ASSOCIATE GROUP LIMITED,T1 Active Hilti,B3,a) Building Construction,FULL,30/06/2025,2763
1,13668908,ELEGANT CLUTTER GROUP LIMITED,G-01893,QUBIC ASSOCIATE GROUP LIMITED,T1 Active Hilti,B3,a) Building Construction,TOTAL EXEMPTION FULL,30/09/2025,2763
1,05243479,EURO-CITY GROUP LIMITED,G-01893,QUBIC ASSOCIATE GROUP LIMITED,T1 Active Hilti,B3,a) Building Construction,FULL,30/09/2025,2763
1,05440457,GREATBAY LIMITED,G-01893,QUBIC ASSOCIATE GROUP LIMITED,T1 Active Hilti,B3,a) Building Construction,TOTAL EXEMPTION FULL,31/05/2025,2763
1,03335373,LEACH HOLDINGS LIMITED,G-01893,QUBIC ASSOCIATE GROUP LIMITED,T1 Active Hilti,B3,a) Building Construction,GROUP,31/03/2025,2763
1,03335407,LEACH STRUCTURAL STEEL WORK LIMITED,G-01893,QUBIC ASSOCIATE GROUP LIMITED,T1 Active Hilti,B3,a) Building Construction,MEDIUM,31/03/2025,2763
1,04005400,QUINN (LONDON) LIMITED,G-01899,QUINN LONDON TRUSTEE LIMITED,T1 Active Hilti,B3,Housebuilder/Developer (U2 candidate),FULL,31/05/2025,2733
1,09068255,STENBALL LIMITED,G-01901,DASTARDLY LIMITED,T1 Active Hilti,B1+F,a) Building Construction,GROUP,31/12/2025,2717
1,01026522,PRINCEBUILD LIMITED.,G-01904,PB NEWHOLDCO LIMITED,T1 Active Hilti,B3+F,Housebuilder/Developer (U2 candidate),FULL,30/09/2025,2706
1,00402706,WALTER THOMPSON (CONTRACTORS) LIMITED,G-01907,FORDY THOMPSON (HOLDINGS) LIMITED,T1 Active Hilti,F,a) Building Construction,FULL,31/12/2025,2699
1,00703979,TOM WILLOUGHBY LIMITED,G-01907,FORDY THOMPSON (HOLDINGS) LIMITED,T1 Active Hilti,F,a) Building Construction,FULL,31/12/2025,2699
1,SC139486,LIVINGSTON BUILDING SERVICES LIMITED,G-01946,SHEPHERD AND WEDDERBURN (TRUSTEES) LIMITED,T1 Active Hilti,B3,b) M&E,AUDIT EXEMPTION SUBSIDIARY,31/12/2025,2528
1,SC046129,MORRIS & SPOTTISWOOD LIMITED,G-01946,SHEPHERD AND WEDDERBURN (TRUSTEES) LIMITED,T1 Active Hilti,B3,b) M&E,GROUP,31/12/2025,2528
1,02511474,RILMAC SCAFFOLDING LIMITED,G-01977,RILMAC HOLDINGS LIMITED,T1 Active Hilti,B3,a) Building Construction (specialist trades),SMALL,31/08/2025,2421
1,00587816,RILMAC HOLDINGS LIMITED,G-01977,RILMAC HOLDINGS LIMITED,T1 Active Hilti,B3,a) Building Construction (specialist trades),GROUP,31/08/2025,2421
1,01797930,MALA MECHANICAL SERVICES LIMITED,G-01980,THE COIN GROUP LIMITED,T1 Active Hilti,F,b) M&E,SMALL,31/03/2025,2403
1,01004648,MALA ENGINEERING LIMITED,G-01980,THE COIN GROUP LIMITED,T1 Active Hilti,F,b) M&E,FULL,31/03/2025,2403
1,09625387,MANSTAL HOLDINGS LIMITED,G-02002,MANSTAL HOLDINGS LIMITED,T1 Active Hilti,B1,b) M&E,GROUP,30/04/2025,2246
1,02635232,CAMFAUD CONCRETE PUMPS LIMITED,G-02029,"CONCRETE PUMPING HOLDINGS, INC.",T1 Active Hilti,F,a) Building Construction,FULL,31/10/2025,2159
1,03454838,TEMPLANT HIRE LIMITED,G-02029,"CONCRETE PUMPING HOLDINGS, INC.",T1 Active Hilti,F,a) Building Construction,TOTAL EXEMPTION FULL,31/01/2026,2159
1,01667869,T & B (CONTRACTORS) LIMITED,G-02051,T&B (CONTRACTORS) GROUP HOLDINGS LIMITED,T1 Active Hilti,B3+F,Housebuilder/Developer (U2 candidate),FULL,31/12/2025,2082
1,08799004,T & B (CONTRACTORS) HOLDINGS LIMITED,G-02051,T&B (CONTRACTORS) GROUP HOLDINGS LIMITED,T1 Active Hilti,B3+F,Housebuilder/Developer (U2 candidate),GROUP,31/12/2025,2082
1,03440010,HASTE LIMITED,G-02053,TMA GROUP HOLDINGS LIMITED,T1 Active Hilti,F,e) Maintenance/MRO (industrial),FULL,29/09/2024,2066
1,01837182,JEWERS DOORS LIMITED,G-02059,JEWERS DOORS HOLDINGS LIMITED,T1 Active Hilti,B3+F,a) Building Construction (steel & metal),GROUP,30/09/2025,2047
1,02916899,SIMPSON (YORK) HOLDINGS LIMITED,G-02079,SIMPSON (YORK) HOLDINGS LIMITED,T1 Active Hilti,B3,a) Building Construction (specialist trades),GROUP,31/12/2025,1975
1,06756856,ACS GROUP HOLDINGS LIMITED,G-02090,ACS CORPORATION HOLDINGS LIMITED,T1 Active Hilti,B2+B3+F,Housebuilder/Developer (U2 candidate),FULL,31/10/2025,1939
1,03320855,ACS CONSTRUCTION GROUP LTD.,G-02090,ACS CORPORATION HOLDINGS LIMITED,T1 Active Hilti,B2+B3+F,Housebuilder/Developer (U2 candidate),FULL,31/10/2025,1939
1,02678507,WOODLANDS SITE SERVICES LIMITED,G-02112,ICF HOLDINGS LIMITED,T1 Active Hilti,F,b) M&E,MEDIUM,30/09/2025,1836
1,10853713,WOODLANDS GROUP HOLDINGS LIMITED,G-02112,ICF HOLDINGS LIMITED,T1 Active Hilti,F,b) M&E,GROUP,30/09/2025,1836
1,06553503,BMSL CONTRACTING LTD,G-02112,ICF HOLDINGS LIMITED,T1 Active Hilti,F,b) M&E,AUDIT EXEMPTION SUBSIDIARY,30/09/2025,1836
1,09415041,FERNS GROUP LIMITED,G-02125,FERNS GROUP LIMITED,T1 Active Hilti,B3,a) Building Construction (specialist trades),GROUP,31/05/2025,1777
1,03193093,FERNS SURFACING LIMITED,G-02125,FERNS GROUP LIMITED,T1 Active Hilti,B3,a) Building Construction (specialist trades),FULL,31/05/2025,1777
1,03214416,FOREFRONT UTILITIES LIMITED,G-02125,FERNS GROUP LIMITED,T1 Active Hilti,B3,a) Building Construction (specialist trades),FULL,31/05/2025,1777
1,SC081748,INNOVEX INTERNATIONAL (EUROPE) LIMITED,G-02189,"JABIL INC, IN ITS CAPACITY AS A GENERAL PARTNER OF JABIL CIRCUIT CAYMAN L.P.",T1 Active Hilti,F,a) Building Construction (steel & metal),FULL,31/12/2024,1512
1,04791094,REBOUND TECHNOLOGY GROUP HOLDINGS LIMITED,G-02189,"JABIL INC, IN ITS CAPACITY AS A GENERAL PARTNER OF JABIL CIRCUIT CAYMAN L.P.",T1 Active Hilti,F,a) Building Construction (steel & metal),GROUP,31/12/2024,1512
1,SC249934,ROBERTSON CONSTRUCTION NORTHERN LIMITED,G-02261,ROBERTSON CONSTRUCTION NORTHERN LIMITED,T1 Active Hilti,B3,a) Building Construction,FULL,30/06/2025,1287
1,04116363,CONLON LIMITED,G-02278,CONLON EMPLOYEE OWNERSHIP TRUSTEE LIMITED,T1 Active Hilti,B3,a) Building Construction (specialist trades),FULL,30/09/2024,1229
1,07562971,IVEGATE LIMITED,G-02319,FORD FAMILY HOLDING COMPANY LTD,T1 Active Hilti,F,b) M&E,FULL,31/12/2024,1091
1,02365913,BARNFIELD CONSTRUCTION LIMITED,G-02380,BARNFIELD (EOT) LIMITED,T1 Active Hilti,B3,a) Building Construction,FULL,31/12/2025,946
1,02979318,EVANS ELECTRICAL LIMITED,G-02381,EVANS ELECTRICAL HOLDINGS LIMITED,T1 Active Hilti,B3,e) Maintenance/MRO (industrial),FULL,31/10/2025,946
1,03235366,NRC SERVICES LIMITED,G-02385,NRC GROUP HOLDINGS LIMITED,T1 Active Hilti,F,b) M&E,GROUP,30/04/2025,934
1,01095682,JEAKINS WEIR LIMITED,G-02386,JEAKINS WEIR LIMITED,T1 Active Hilti,B3,a) Building Construction,FULL,31/10/2025,930
1,02113380,A. & N. LEWIS LIMITED,G-02388,BP INV6 BIDCO LIMITED,T1 Active Hilti,B2+F,b) M&E,FULL,28/02/2025,929
1,05756266,CARDO (SOUTH) LIMITED,G-02388,BP INV6 BIDCO LIMITED,T1 Active Hilti,B2+F,b) M&E,FULL,28/02/2026,929
1,09435643,CARDO GROUP LIMITED,G-02388,BP INV6 BIDCO LIMITED,T1 Active Hilti,B2+F,b) M&E,GROUP,28/02/2025,929
1,06368614,CORRECT CONTRACT SERVICES LIMITED,G-02388,BP INV6 BIDCO LIMITED,T1 Active Hilti,B2+F,b) M&E,MEDIUM,31/03/2025,929
1,NI060713,CTS PROJECTS LIMITED,G-02388,BP INV6 BIDCO LIMITED,T1 Active Hilti,B2+F,b) M&E,FULL,31/03/2025,929
1,07966669,CARDO (WALES & WEST) LIMITED,G-02388,BP INV6 BIDCO LIMITED,T1 Active Hilti,B2+F,b) M&E,FULL,21/02/2025,929
1,09507628,NORDAN SCANDIC LIMITED,G-02448,NORDAN GRUPPEN AS,T1 Active Hilti,F,a) Building Construction (interior/completion),FULL,31/12/2024,801
1,01548333,NORDAN UK LTD,G-02448,NORDAN GRUPPEN AS,T1 Active Hilti,F,a) Building Construction (interior/completion),GROUP,31/12/2024,801
1,06014409,NORDAN RED SYSTEMS LTD,G-02448,NORDAN GRUPPEN AS,T1 Active Hilti,F,a) Building Construction (interior/completion),GROUP,31/12/2025,801
1,05179749,CARMEL (UK) LIMITED,G-02462,THE TRUSTEES OF THE CARMEL GROUP LIMITED,T1 Active Hilti,F,b) M&E,FULL,31/03/2025,767
1,NI710899,MCQUILLAN COMPANIES LIMITED,G-02481,MCQUILLAN COMPANIES LIMITED,T1 Active Hilti,B3+F,c) Civil Engineering,GROUP,31/03/2025,730
1,NI003255,JOHN MCQUILLAN (CONTRACTS) LIMITED,G-02481,MCQUILLAN COMPANIES LIMITED,T1 Active Hilti,B3+F,c) Civil Engineering,FULL,31/03/2025,730
1,05399944,C WATKINS PLUMBING LIMITED,G-02488,WATKINS M & E GROUP LTD,T1 Active Hilti,B3,b) M&E,MEDIUM,31/03/2025,711
1,07818412,WATKINS M & E GROUP LTD,G-02488,WATKINS M & E GROUP LTD,T1 Active Hilti,B3,b) M&E,MEDIUM,31/03/2025,711
1,06775062,ADM PRESSINGS LIMITED,G-02502,GCH CORPORATION LIMITED,T1 Active Hilti,F,a) Building Construction (steel & metal),FULL,31/12/2025,688
1,04099207,NEWSPACE CONTAINERS LIMITED,G-02502,GCH CORPORATION LIMITED,T1 Active Hilti,F,a) Building Construction (steel & metal),FULL,31/12/2025,688
1,06794346,STACKRIGHT LTD,G-02502,GCH CORPORATION LIMITED,T1 Active Hilti,F,a) Building Construction (steel & metal),FULL,31/12/2025,688
1,16213544,BOVIS HOLDINGS LIMITED,G-02535,BOVIS HOLDINGS LIMITED,T1 Active Hilti,B3,a) Building Construction,GROUP,31/03/2025,630
1,00467006,BOVIS CONSTRUCTION (EUROPE) LIMITED,G-02535,BOVIS HOLDINGS LIMITED,T1 Active Hilti,B3,a) Building Construction,FULL,31/03/2025,630
1,SC031694,GRANTS (DUFFTOWN) LIMITED,G-02541,FORSYTHS LTD,T1 Active Hilti,F,b) M&E,FULL,31/10/2025,629
1,SC105788,NORTHERN FABRICATORS LIMITED,G-02541,FORSYTHS LTD,T1 Active Hilti,F,b) M&E,SMALL,31/10/2025,629
1,00781553,KIMPTON LTD,G-02568,GREENFIELDS TBL LTD,T1 Active Hilti,F,a) Building Construction,FULL,30/09/2025,578
1,03341453,JPJ INSTALLATIONS LIMITED,G-02578,RALM GROUP HOLDINGS LTD,T1 Active Hilti,F,a) Building Construction (steel & metal),FULL,31/12/2024,568
1,SC347921,ROBERTSON CONSTRUCTION GROUP LIMITED,G-02603,ROBERTSON CONSTRUCTION GROUP LIMITED,T1 Active Hilti,B3,a) Building Construction,GROUP,30/06/2025,519
1,04426746,CONNOLLY SCAFFOLDING LIMITED,G-02642,WAYNE CONNOLLY HOLDINGS LIMITED,T1 Active Hilti,B3+F,a) Building Construction (specialist trades),FULL,30/04/2025,472
1,SC249936,ROBERTSON CONSTRUCTION EASTERN LIMITED,G-02646,ROBERTSON CONSTRUCTION EASTERN LIMITED,T1 Active Hilti,B3,a) Building Construction,FULL,30/06/2025,461
1,07376791,NEVADA CONSTRUCTION LIMITED,G-02648,NEVADA EOT LIMITED,T1 Active Hilti,B3,a) Building Construction,FULL,31/03/2025,454
1,14488800,QUICKTRON UK LIMITED,G-02733,QUICKTRON UK LIMITED,T1 Active Hilti,B1,e) Maintenance/MRO (industrial),TOTAL EXEMPTION FULL,30/11/2025,339
1,15927028,LITTLEWOOD GROUP LTD,G-02752,NETWORK PLUS TOPCO LIMITED,T1 Active Hilti,F,c) Civil Engineering,FULL,31/05/2025,320
1,04057938,NETWORK PLUS SERVICES LTD,G-02752,NETWORK PLUS TOPCO LIMITED,T1 Active Hilti,F,c) Civil Engineering,FULL,29/03/2026,320
1,02988261,CLARET CIVIL ENGINEERING LIMITED,G-02752,NETWORK PLUS TOPCO LIMITED,T1 Active Hilti,F,c) Civil Engineering,FULL,31/05/2025,320
1,03383212,SYSTRA LIMITED,G-02774,SYSTRA LIMITED,T1 Active Hilti,B3,c) Civil Engineering,FULL,31/12/2025,315
1,04051023,IPSUM POWER (PRIVATE NETWORKS) LIMITED,G-02846,IPSUM GROUP LIMITED,T1 Active Hilti,F,b) M&E,FULL,31/12/2024,237
1,06475862,CORE CONTROL SOLUTIONS LIMITED,G-02846,IPSUM GROUP LIMITED,T1 Active Hilti,F,b) M&E,TOTAL EXEMPTION FULL,31/01/2025,237
1,SC200651,EEG UTILITY SOLUTIONS LIMITED,G-02846,IPSUM GROUP LIMITED,T1 Active Hilti,F,b) M&E,SMALL,31/12/2024,237
1,07641083,NPB UTILITIES LIMITED,G-02846,IPSUM GROUP LIMITED,T1 Active Hilti,F,b) M&E,TOTAL EXEMPTION FULL,31/08/2025,237
1,06722508,RJ POWER GROUP LIMITED,G-02846,IPSUM GROUP LIMITED,T1 Active Hilti,F,b) M&E,AUDIT EXEMPTION SUBSIDIARY,31/03/2025,237
1,09825864,RJ POWER NETWORKS LTD,G-02846,IPSUM GROUP LIMITED,T1 Active Hilti,F,b) M&E,AUDIT EXEMPTION SUBSIDIARY,31/03/2025,237
1,06497299,IPSUM POWER (NORTH WEST) LIMITED,G-02846,IPSUM GROUP LIMITED,T1 Active Hilti,F,b) M&E,SMALL,31/12/2024,237
1,05272360,FIRESAFE SOLUTIONS (UK) LIMITED,G-02963,IGNIS HOLDCO LIMITED,T1 Active Hilti,F,b) M&E,SMALL,31/03/2024,136
1,03546210,M.W.E. LIMITED,G-02963,IGNIS HOLDCO LIMITED,T1 Active Hilti,F,b) M&E,TOTAL EXEMPTION FULL,31/03/2025,136
1,02703471,CHURCHES FIRE SECURITY LTD.,G-02963,IGNIS HOLDCO LIMITED,T1 Active Hilti,F,b) M&E,FULL,30/04/2025,136
1,12707028,MIDA CIVIL ENGINEERING LIMITED,G-02975,C4 CAPITAL LIMITED,T1 Active Hilti,B2+B3+F,c) Civil Engineering,FULL,31/03/2025,127
1,06756681,THOMPSON CONTRACTS (BLACKPOOL) LIMITED,G-02979,THOMPSON TOPCO LIMITED,T1 Active Hilti,B3+F,a) Building Construction (interior/completion),FULL,29/06/2025,127
1,09131501,ENVIRON CIVIL ENGINEERING LIMITED,G-02975,C4 CAPITAL LIMITED,T1 Active Hilti,B2+B3+F,c) Civil Engineering,SMALL,31/03/2025,127
2,00733503,TRAVIS PERKINS TRADING COMPANY LIMITED,G-00004,TRAVIS PERKINS PLC,T1 Active Hilti,,a) Building Construction (interior/completion),FULL,31/12/2025,1374345
2,00060987,THE BSS GROUP LIMITED,G-00004,TRAVIS PERKINS PLC,T1 Active Hilti,,a) Building Construction (interior/completion),FULL,31/12/2025,1374345
2,01632482,CCF LIMITED,G-00004,TRAVIS PERKINS PLC,T1 Active Hilti,,a) Building Construction (interior/completion),FULL,31/12/2025,1374345
2,SC042425,KEYLINE CIVILS SPECIALIST LIMITED,G-00004,TRAVIS PERKINS PLC,T1 Active Hilti,,a) Building Construction (interior/completion),FULL,31/12/2025,1374345
2,12395367,TRAVIS PERKINS GROUP HOLDINGS LIMITED,G-00004,TRAVIS PERKINS PLC,T1 Active Hilti,,a) Building Construction (interior/completion),FULL,31/12/2025,1374345
2,00101073,BALFOUR BEATTY GROUP LIMITED,G-00005,BALFOUR BEATTY PLC,T1 Active Hilti,,a) Building Construction,FULL,31/12/2025,1373630
2,08312432,BALFOUR BEATTY GROUP EMPLOYMENT LIMITED,G-00005,BALFOUR BEATTY PLC,T1 Active Hilti,,a) Building Construction,FULL,31/12/2025,1373630
2,03843351,CLARKSON EVANS LIMITED,G-00015,CLARKSON EVANS GROUP LIMITED,T1 Active Hilti,,b) M&E,FULL,30/09/2024,707386
2,12905017,STRABAG UK LIMITED,G-00016,STRABAG SE,T1 Active Hilti,,c) Civil Engineering,FULL,31/12/2025,694139
2,04402220,NETWORK RAIL LIMITED,G-00017,NETWORK RAIL LIMITED,T1 Active Hilti,,Housebuilder/Developer (U2 candidate),GROUP,31/03/2026,670276
2,04434562,NETWORK RAIL (HIGH SPEED) LIMITED,G-00017,NETWORK RAIL LIMITED,T1 Active Hilti,,Housebuilder/Developer (U2 candidate),FULL,31/03/2025,670276
2,02904587,NETWORK RAIL INFRASTRUCTURE LIMITED,G-00017,NETWORK RAIL LIMITED,T1 Active Hilti,,Housebuilder/Developer (U2 candidate),GROUP,31/03/2026,670276
2,11231705,GROUND CONSTRUCTION HOLDINGS LIMITED,G-00018,GCHL TRUSTEES LIMITED,T1 Active Hilti,,Housebuilder/Developer (U2 candidate),GROUP,30/06/2025,649084
2,02081940,KNIGHTS BROWN CONSTRUCTION LTD,G-00022,KNIGHTS BROWN GROUP LTD,T1 Active Hilti,,c) Civil Engineering,FULL,31/03/2026,593329
2,01973463,SELECT PLANT HIRE COMPANY LIMITED,G-00024,O'ROURKE INVESTMENTS LIMITED,T1 Active Hilti,,a) Building Construction,FULL,31/03/2025,577852
2,04040804,EXPLORE 2050 MANUFACTURING LIMITED,G-00024,O'ROURKE INVESTMENTS LIMITED,T1 Active Hilti,,a) Building Construction,FULL,31/03/2025,577852
2,04309402,LAING O'ROURKE DELIVERY LIMITED,G-00024,O'ROURKE INVESTMENTS LIMITED,T1 Active Hilti,,a) Building Construction,FULL,31/03/2026,577852
2,05083313,CROWN HOUSE TECHNOLOGIES LIMITED,G-00024,O'ROURKE INVESTMENTS LIMITED,T1 Active Hilti,,a) Building Construction,FULL,31/03/2025,577852
2,03455837,VETTER UK LIMITED,G-00024,O'ROURKE INVESTMENTS LIMITED,T1 Active Hilti,,a) Building Construction,SMALL,31/03/2025,577852
2,04364919,LAING O'ROURKE SERVICES LIMITED,G-00024,O'ROURKE INVESTMENTS LIMITED,T1 Active Hilti,,a) Building Construction,FULL,31/03/2026,577852
2,04222533,LAING O'ROURKE HOLDINGS LIMITED,G-00024,O'ROURKE INVESTMENTS LIMITED,T1 Active Hilti,,a) Building Construction,GROUP,31/03/2026,577852
2,10470659,BYLOR SERVICES LIMITED,G-00024,O'ROURKE INVESTMENTS LIMITED,T1 Active Hilti,,a) Building Construction,FULL,31/12/2024,577852
2,00414814,EXPANDED PILING LIMITED,G-00024,O'ROURKE INVESTMENTS LIMITED,T1 Active Hilti,,a) Building Construction,SMALL,31/03/2025,577852
2,03637584,LAING LIMITED,G-00024,O'ROURKE INVESTMENTS LIMITED,T1 Active Hilti,,a) Building Construction,SMALL,31/03/2025,577852
2,04309445,LAING O'ROURKE WALES & WEST LIMITED,G-00024,O'ROURKE INVESTMENTS LIMITED,T1 Active Hilti,,a) Building Construction,SMALL,31/03/2025,577852
2,04309441,LAING O'ROURKE INFRASTRUCTURE LIMITED,G-00024,O'ROURKE INVESTMENTS LIMITED,T1 Active Hilti,,a) Building Construction,SMALL,31/03/2025,577852
2,04309378,LAING O'ROURKE MIDLANDS LIMITED,G-00024,O'ROURKE INVESTMENTS LIMITED,T1 Active Hilti,,a) Building Construction,SMALL,31/03/2025,577852
2,04309432,LAING O'ROURKE SCOTLAND LIMITED,G-00024,O'ROURKE INVESTMENTS LIMITED,T1 Active Hilti,,a) Building Construction,SMALL,31/03/2025,577852
2,04309417,LAING O'ROURKE UTILITIES LIMITED,G-00024,O'ROURKE INVESTMENTS LIMITED,T1 Active Hilti,,a) Building Construction,AUDIT EXEMPTION SUBSIDIARY,31/03/2025,577852
2,01323856,O'ROURKE CIVIL & STRUCTURAL ENGINEERING LIMITED,G-00024,O'ROURKE INVESTMENTS LIMITED,T1 Active Hilti,,a) Building Construction,AUDIT EXEMPTION SUBSIDIARY,31/03/2025,577852
2,05318921,J COFFEY PLANT LIMITED,G-00028,J COFFEY PLANT LIMITED,T1 Active Hilti,,a) Building Construction (specialist trades),TOTAL EXEMPTION FULL,30/09/2025,504545
2,SC087174,EQUANS SPECIALIST CONTRACTING UK LIMITED,G-00030,BOUYGUES S.A,T1 Active Hilti,,c) Civil Engineering,FULL,31/12/2024,461228
2,00598379,EQUANS SERVICES LIMITED,G-00030,BOUYGUES S.A,T1 Active Hilti,,c) Civil Engineering,FULL,31/12/2025,461228
2,07198584,COLAS RAIL HOLDINGS LIMITED,G-00030,BOUYGUES S.A,T1 Active Hilti,,c) Civil Engineering,FULL,31/12/2025,461228
2,02995525,COLAS RAIL LIMITED,G-00030,BOUYGUES S.A,T1 Active Hilti,,c) Civil Engineering,FULL,31/12/2025,461228
2,04136817,EQUANS IN PARTNERSHIP LIMITED,G-00030,BOUYGUES S.A,T1 Active Hilti,,c) Civil Engineering,FULL,31/12/2024,461228
2,01243933,EQUANS REGENERATION (APOLLO) LIMITED,G-00030,BOUYGUES S.A,T1 Active Hilti,,c) Civil Engineering,FULL,31/12/2024,461228
2,02070305,EQUANS ENGINEERING SERVICES LIMITED,G-00030,BOUYGUES S.A,T1 Active Hilti,,c) Civil Engineering,FULL,31/12/2024,461228
2,06755346,BOUYGUES CONSTRUCTION IT UK LIMITED,G-00030,BOUYGUES S.A,T1 Active Hilti,,c) Civil Engineering,SMALL,31/12/2025,461228
2,00707875,EQUANS E&S INFRASTRUCTURE UK LIMITED,G-00030,BOUYGUES S.A,T1 Active Hilti,,c) Civil Engineering,FULL,31/12/2024,461228
2,04243192,EQUANS E&S SOLUTIONS LIMITED,G-00030,BOUYGUES S.A,T1 Active Hilti,,c) Civil Engineering,FULL,31/12/2024,461228
2,01467161,EQUANS REGENERATION (BRAMALL) LIMITED,G-00030,BOUYGUES S.A,T1 Active Hilti,,c) Civil Engineering,FULL,31/12/2024,461228
2,03810466,EQUANS BUILDINGS LIMITED,G-00030,BOUYGUES S.A,T1 Active Hilti,,c) Civil Engineering,FULL,31/12/2024,461228
2,14235050,EFAB INDUSTRIAL SOLUTIONS LTD,G-00030,BOUYGUES S.A,T1 Active Hilti,,c) Civil Engineering,FULL,31/12/2024,461228
2,01732859,INDUSTRIAL ENERGY SERVICES LIMITED,G-00030,BOUYGUES S.A,T1 Active Hilti,,c) Civil Engineering,FULL,31/12/2024,461228
2,01189290,EQUANS FABRICOM UK LIMITED,G-00030,BOUYGUES S.A,T1 Active Hilti,,c) Civil Engineering,SMALL,30/12/2024,461228
2,01738371,EQUANS REGENERATION LIMITED,G-00030,BOUYGUES S.A,T1 Active Hilti,,c) Civil Engineering,FULL,31/12/2025,461228
2,00629404,EQUANS REGENERATION (FHM) LIMITED,G-00030,BOUYGUES S.A,T1 Active Hilti,,c) Civil Engineering,FULL,31/12/2024,461228
2,03151861,EQUANS GROUP UK LIMITED,G-00030,BOUYGUES S.A,T1 Active Hilti,,c) Civil Engineering,FULL,31/12/2025,461228
2,01249562,LUNDY PROJECTS LIMITED,G-00030,BOUYGUES S.A,T1 Active Hilti,,c) Civil Engineering,FULL,31/12/2025,461228
2,06182287,EQUANS PROPERTY SERVICES LIMITED,G-00030,BOUYGUES S.A,T1 Active Hilti,,c) Civil Engineering,FULL,31/12/2024,461228
2,11952167,VIVO DEFENCE SERVICES LIMITED,G-00030,BOUYGUES S.A,T1 Active Hilti,,c) Civil Engineering,FULL,31/12/2025,461228
2,02285599,VSL SYSTEMS (UK) LIMITED,G-00030,BOUYGUES S.A,T1 Active Hilti,,c) Civil Engineering,FULL,31/12/2024,461228
2,01049341,O'HALLORAN & O'BRIEN LIMITED,G-00034,OHOB HOLDINGS LIMITED,T1 Active Hilti,,a) Building Construction (specialist trades),FULL,31/03/2026,413269
2,02675805,B & T PLANT HIRE LIMITED,G-00034,OHOB HOLDINGS LIMITED,T1 Active Hilti,,a) Building Construction (specialist trades),FULL,31/03/2026,413269
2,08078385,OHOB HOLDINGS LIMITED,G-00034,OHOB HOLDINGS LIMITED,T1 Active Hilti,,a) Building Construction (specialist trades),GROUP,31/03/2026,413269
2,04038368,ERRIGAL CONTRACTS LIMITED,G-00037,ERRIGAL CONTRACTS GROUP LIMITED,T1 Active Hilti,,Housebuilder/Developer (U2 candidate),GROUP,31/12/2024,368927
2,02937886,J. COFFEY CONSTRUCTION LIMITED,G-00047,J COFFEY GROUP LIMITED,T1 Active Hilti,,a) Building Construction (specialist trades),FULL,30/09/2025,309378
2,12472226,J COFFEY GROUP LIMITED,G-00047,J COFFEY GROUP LIMITED,T1 Active Hilti,,a) Building Construction (specialist trades),GROUP,30/09/2025,309378
2,08821651,BETHMAR LIMITED,G-00047,J COFFEY GROUP LIMITED,T1 Active Hilti,,a) Building Construction (specialist trades),AUDIT EXEMPTION SUBSIDIARY,30/09/2025,309378
2,02403551,NOVUS PROPERTY SOLUTIONS LIMITED,G-00048,JSSH LIMITED,T1 Active Hilti,,a) Building Construction (interior/completion),FULL,31/12/2025,303370
2,00684617,HIGGINS PARTNERSHIPS 1961 PLC,G-00050,HIGGINS PARTNERSHIPS 1961 PLC,T1 Active Hilti,,Housebuilder/Developer (U2 candidate),FULL,31/07/2025,301353
2,03115127,CELTIC CONTRACTORS LIMITED,G-00057,CELTIC GROUP LIMITED,T1 Active Hilti,,b) M&E,FULL,31/03/2025,279159
2,12300308,CELTIC GROUP LIMITED,G-00057,CELTIC GROUP LIMITED,T1 Active Hilti,,b) M&E,GROUP,31/03/2025,279159
2,14636646,INNOVARE OFFSITE LIMITED,G-00060,BOWMER AND KIRKLAND LIMITED,T1 Active Hilti,,a) Building Construction (steel & metal),MEDIUM,31/08/2025,264015
2,13698905,B&K HYBRID SOLUTIONS LIMITED,G-00060,BOWMER AND KIRKLAND LIMITED,T1 Active Hilti,,a) Building Construction (steel & metal),MEDIUM,31/08/2025,264015
2,02301691,BOWMER & KIRKLAND (LONDON) LIMITED,G-00060,BOWMER AND KIRKLAND LIMITED,T1 Active Hilti,,a) Building Construction (steel & metal),AUDIT EXEMPTION SUBSIDIARY,31/08/2025,264015
2,02427712,KEYCLAD LIMITED,G-00060,BOWMER AND KIRKLAND LIMITED,T1 Active Hilti,,a) Building Construction (steel & metal),MEDIUM,31/08/2025,264015
2,01175772,B & K STRUCTURES LIMITED,G-00060,BOWMER AND KIRKLAND LIMITED,T1 Active Hilti,,a) Building Construction (steel & metal),MEDIUM,31/08/2025,264015
2,00701982,BOWMER AND KIRKLAND LIMITED,G-00060,BOWMER AND KIRKLAND LIMITED,T1 Active Hilti,,a) Building Construction (steel & metal),GROUP,31/08/2025,264015
2,02237435,CELL SECURITY LIMITED,G-00060,BOWMER AND KIRKLAND LIMITED,T1 Active Hilti,,a) Building Construction (steel & metal),AUDIT EXEMPTION SUBSIDIARY,31/08/2025,264015
2,01481063,DERRY BUILDING SERVICES LIMITED,G-00060,BOWMER AND KIRKLAND LIMITED,T1 Active Hilti,,a) Building Construction (steel & metal),FULL,31/08/2025,264015
2,01261882,KEY PROPERTY SOLUTIONS LIMITED,G-00060,BOWMER AND KIRKLAND LIMITED,T1 Active Hilti,,a) Building Construction (steel & metal),FULL,31/08/2025,264015
2,07707155,CAREY LONDON LIMITED,G-00061,CAREY LONDON LIMITED,T1 Active Hilti,,a) Building Construction (domestic) / U2 candidate,FULL,31/07/2025,262353
2,02693294,TITAN INTERIOR SOLUTIONS LIMITED,G-00064,HORBURY GROUP LIMITED,T1 Active Hilti,,b) M&E,FULL,31/05/2025,251385
2,01498493,HORBURY SUPPORT SERVICES LIMITED,G-00064,HORBURY GROUP LIMITED,T1 Active Hilti,,b) M&E,AUDIT EXEMPTION SUBSIDIARY,31/05/2025,251385
2,02773235,HORBURY BUILDING SYSTEMS LIMITED,G-00064,HORBURY GROUP LIMITED,T1 Active Hilti,,b) M&E,FULL,31/05/2021,251385
2,06217640,HORBURY GROUP LIMITED,G-00064,HORBURY GROUP LIMITED,T1 Active Hilti,,b) M&E,GROUP,31/05/2025,251385
2,04204088,MAGNA PLANT AND TOOL HIRE LIMITED,G-00064,HORBURY GROUP LIMITED,T1 Active Hilti,,b) M&E,AUDIT EXEMPTION SUBSIDIARY,31/05/2025,251385
2,03132937,KAEFER LIMITED,G-00066,KAEFER LIMITED,T1 Active Hilti,,a) Building Construction (specialist trades),FULL,31/12/2025,235585
2,02438126,PETER COX LIMITED,G-00068,RENTOKIL INITIAL UK LTD,T1 Active Hilti,,a) Building Construction (specialist trades),FULL,31/12/2025,233746
2,03004506,RENTOKIL PROPERTY CARE LIMITED,G-00068,RENTOKIL INITIAL UK LTD,T1 Active Hilti,,a) Building Construction (specialist trades),FULL,31/12/2025,233746
2,03639301,DUCTCLEAN (UK) LIMITED,G-00068,RENTOKIL INITIAL UK LTD,T1 Active Hilti,,a) Building Construction (specialist trades),FULL,31/03/2025,233746
2,02080653,C & G PLASTERING LIMITED,G-00071,C & G PLASTERING GROUP LTD,T1 Active Hilti,,Housebuilder/Developer (U2 candidate),FULL,31/03/2025,227723
2,07627090,EVABUILD LIMITED,G-00074,EVABUILD GROUP LTD,T1 Active Hilti,,c) Civil Engineering,FULL,30/06/2025,225187
2,02874076,BECK & POLLITZER ENGINEERING LIMITED,G-00079,B&P BUYCO LIMITED,T1 Active Hilti,,e) Maintenance/MRO (industrial),FULL,31/12/2025,220686
2,01230435,C.L.C. CONTRACTORS LIMITED,G-00080,REPAIR MIDCO UK LIMITED,T1 Active Hilti,,b) M&E,FULL,31/03/2025,215758
2,08738271,AXIS EUROPE HOLDINGS LIMITED,G-00080,REPAIR MIDCO UK LIMITED,T1 Active Hilti,,b) M&E,GROUP,31/03/2025,215758
2,03461567,LEE MARLEY BRICKWORK LIMITED,G-00081,LEE MARLEY GROUP HOLDING LIMITED,T1 Active Hilti,,a) Building Construction,FULL,31/12/2024,212920
2,01567759,BILLINGTON STRUCTURES LIMITED,G-00082,BILLINGTON HOLDINGS PLC,T1 Active Hilti,,a) Building Construction (steel & metal),FULL,31/12/2025,208115
2,06575852,PETER MARSHALL STEEL STAIRS LIMITED,G-00082,BILLINGTON HOLDINGS PLC,T1 Active Hilti,,a) Building Construction (steel & metal),FULL,31/12/2025,208115
2,06312583,EASI-EDGE LIMITED,G-00082,BILLINGTON HOLDINGS PLC,T1 Active Hilti,,a) Building Construction (steel & metal),AUDIT EXEMPTION SUBSIDIARY,31/12/2025,208115
2,03167223,AMEON LIMITED,G-00086,AMEON HOLDINGS LIMITED,T1 Active Hilti,,b) M&E,FULL,31/03/2025,199778
2,05570791,AMEON GROUP LIMITED,G-00086,AMEON HOLDINGS LIMITED,T1 Active Hilti,,b) M&E,AUDIT EXEMPTION SUBSIDIARY,31/03/2025,199778
2,03221921,HOLEMASTERS DEMTECH LIMITED,G-00088,IDEAL TIME LIMITED,T1 Active Hilti,,a) Building Construction (specialist trades),FULL,30/06/2025,198061
2,00305189,BAM NUTTALL LIMITED,G-00091,KONINKLIJKE BAM GROEP N.V.,T1 Active Hilti,,c) Civil Engineering,FULL,31/12/2025,192593
2,00626173,BAM SITE SOLUTIONS LIMITED,G-00091,KONINKLIJKE BAM GROEP N.V.,T1 Active Hilti,,c) Civil Engineering,AUDIT EXEMPTION SUBSIDIARY,31/12/2025,192593
2,02379469,BAM CONSTRUCTION LIMITED,G-00091,KONINKLIJKE BAM GROEP N.V.,T1 Active Hilti,,c) Civil Engineering,FULL,31/12/2025,192593
2,01391035,BAM GROUP (UK) LIMITED,G-00091,KONINKLIJKE BAM GROEP N.V.,T1 Active Hilti,,c) Civil Engineering,FULL,31/12/2025,192593
2,03311781,BAM CONSTRUCT & VENTURES UK LIMITED,G-00091,KONINKLIJKE BAM GROEP N.V.,T1 Active Hilti,,c) Civil Engineering,GROUP,31/12/2025,192593
2,01625896,BAM DESIGN LIMITED,G-00091,KONINKLIJKE BAM GROEP N.V.,T1 Active Hilti,,c) Civil Engineering,AUDIT EXEMPTION SUBSIDIARY,31/12/2025,192593
2,03283033,BAM PROPERTIES LIMITED,G-00091,KONINKLIJKE BAM GROEP N.V.,T1 Active Hilti,,c) Civil Engineering,AUDIT EXEMPTION SUBSIDIARY,31/12/2025,192593
2,00995892,AMALGAMATED CONSTRUCTION LTD,G-00094,AMCO GROUP HOLDINGS LIMITED,T1 Active Hilti,,c) Civil Engineering,FULL,30/09/2025,186137
2,00252314,GIFFEN GROUP LIMITED,G-00094,AMCO GROUP HOLDINGS LIMITED,T1 Active Hilti,,c) Civil Engineering,AUDIT EXEMPTION SUBSIDIARY,30/09/2025,186137
2,04362752,STEPHENSON LIMITED,G-00095,STEPHENSON LIMITED,T1 Active Hilti,,a) Building Construction (specialist trades),AUDIT EXEMPTION SUBSIDIARY,30/09/2025,185767
2,02423388,PERMASTEELISA (UK) LIMITED,G-00098,PERMASTEELISA (UK) LIMITED,T1 Active Hilti,,a) Building Construction (specialist trades),FULL,31/03/2025,183731
2,09959339,CONSUMER ENERGY SOLUTIONS LIMITED,G-00102,CEN HOLDCO LIMITED,T1 Active Hilti,,b) M&E,FULL,31/01/2024,176069
2,10423068,ADVANCE ENERGY SERVICES LTD,G-00102,CEN HOLDCO LIMITED,T1 Active Hilti,,b) M&E,AUDIT EXEMPTION SUBSIDIARY,31/01/2024,176069
2,00791017,LINDNER INTERIORS LIMITED,G-00104,LINDNER GMBH,T1 Active Hilti,,a) Building Construction (interior/completion),FULL,31/12/2025,175097
2,03185456,MET - CLAD CONTRACTS LIMITED,G-00109,MET - CLAD CONTRACTS LIMITED,T1 Active Hilti,,a) Building Construction,FULL,30/11/2025,167208
2,03003318,GLENCOE PLANT SERVICES LIMITED,G-00110,MASTERSON HOLDINGS LIMITED,T1 Active Hilti,,Housebuilder/Developer (U2 candidate),FULL,31/08/2025,165704
2,01496218,GETJAR LIMITED,G-00110,MASTERSON HOLDINGS LIMITED,T1 Active Hilti,,Housebuilder/Developer (U2 candidate),FULL,31/08/2025,165704
2,04243937,MASTERSON HOLDINGS LIMITED,G-00110,MASTERSON HOLDINGS LIMITED,T1 Active Hilti,,Housebuilder/Developer (U2 candidate),GROUP,31/08/2025,165704
2,04232289,ATLANTIC CONTRACTS LIMITED,G-00110,MASTERSON HOLDINGS LIMITED,T1 Active Hilti,,Housebuilder/Developer (U2 candidate),FULL,31/08/2025,165704
2,NI010328,SEVERFIELD COMMERCIAL & INDUSTRIAL (NI) LIMITED,G-00111,SEVERFIELD PLC,T1 Active Hilti,,a) Building Construction (steel & metal),FULL,28/03/2026,165131
2,02668795,SEVERFIELD COMMERCIAL & INDUSTRIAL LIMITED,G-00111,SEVERFIELD PLC,T1 Active Hilti,,a) Building Construction (steel & metal),FULL,29/03/2025,165131
2,11180471,SEVERFIELD MODULAR SOLUTIONS LIMITED,G-00111,SEVERFIELD PLC,T1 Active Hilti,,a) Building Construction (steel & metal),FULL,29/03/2025,165131
2,01721262,SEVERFIELD PLC,G-00111,SEVERFIELD PLC,T1 Active Hilti,,a) Building Construction (steel & metal),GROUP,29/03/2025,165131
2,04107553,SEVERFIELD (DESIGN & BUILD) LIMITED,G-00111,SEVERFIELD PLC,T1 Active Hilti,,a) Building Construction (steel & metal),FULL,29/03/2025,165131
2,05196915,SEVERFIELD INFRASTRUCTURE LIMITED,G-00111,SEVERFIELD PLC,T1 Active Hilti,,a) Building Construction (steel & metal),FULL,29/03/2025,165131
2,00762464,L. REYNOLDS (BUILDING SYSTEMS) LIMITED,G-00113,L REYNOLDS HOLDINGS LTD,T1 Active Hilti,,a) Building Construction (interior/completion),FULL,31/05/2025,162042
2,00933689,MCGEE GROUP (HOLDINGS) LIMITED,G-00114,MCGEE TRUSTEE LIMITED,T1 Active Hilti,,a) Building Construction,GROUP,30/11/2025,161617
2,00831363,MCGEE ENVIRONMENTAL SERVICES LIMITED,G-00114,MCGEE TRUSTEE LIMITED,T1 Active Hilti,,a) Building Construction,SMALL,30/11/2024,161617
2,01900907,LONDON UNDERGROUND LIMITED,G-00115,TRANSPORT TRADING LIMITED,T1 Active Hilti,,c) Civil Engineering,AUDIT EXEMPTION SUBSIDIARY,31/03/2025,160933
2,04212657,CROSSRAIL LIMITED,G-00115,TRANSPORT TRADING LIMITED,T1 Active Hilti,,c) Civil Engineering,AUDIT EXEMPTION SUBSIDIARY,31/03/2025,160933
2,09366341,RAIL FOR LONDON (INFRASTRUCTURE) LIMITED,G-00115,TRANSPORT TRADING LIMITED,T1 Active Hilti,,c) Civil Engineering,AUDIT EXEMPTION SUBSIDIARY,31/03/2025,160933
2,06745516,TRANSPORT FOR LONDON FINANCE LIMITED,G-00115,TRANSPORT TRADING LIMITED,T1 Active Hilti,,c) Civil Engineering,AUDIT EXEMPTION SUBSIDIARY,31/03/2025,160933
2,03923425,TUBE LINES LIMITED,G-00115,TRANSPORT TRADING LIMITED,T1 Active Hilti,,c) Civil Engineering,AUDIT EXEMPTION SUBSIDIARY,31/03/2025,160933
2,01867941,BRIGGS & FORRESTER LIVING LIMITED,G-00118,BRIGGS & FORRESTER LIMITED,T1 Active Hilti,,b) M&E,FULL,31/10/2025,157116
2,00428580,BRIGGS & FORRESTER (HOLDINGS) LIMITED,G-00118,BRIGGS & FORRESTER LIMITED,T1 Active Hilti,,b) M&E,SMALL,31/10/2025,157116
2,NI029339,ANTRIM ELECTRICAL & MECHANICAL ENGINEERS LIMITED,G-00119,WDJ LIMITED,T1 Active Hilti,,b) M&E,FULL,31/03/2025,156123
2,07064393,HEIGHTSAFE SYSTEMS LTD,G-00121,GRAVITY BIDCO LIMITED,T1 Active Hilti,,e) Maintenance/MRO (industrial),AUDIT EXEMPTION SUBSIDIARY,31/12/2024,154393
2,SC356962,APS SAFETY SYSTEMS LIMITED,G-00121,GRAVITY BIDCO LIMITED,T1 Active Hilti,,e) Maintenance/MRO (industrial),AUDIT EXEMPTION SUBSIDIARY,31/12/2024,154393
2,03943245,HARCON SERVICES LIMITED,G-00121,GRAVITY BIDCO LIMITED,T1 Active Hilti,,e) Maintenance/MRO (industrial),AUDIT EXEMPTION SUBSIDIARY,31/12/2024,154393
2,03182766,KEE SAFETY LIMITED,G-00121,GRAVITY BIDCO LIMITED,T1 Active Hilti,,e) Maintenance/MRO (industrial),AUDIT EXEMPTION SUBSIDIARY,31/12/2024,154393
2,01546757,PLANET PLATFORMS LIMITED,G-00121,GRAVITY BIDCO LIMITED,T1 Active Hilti,,e) Maintenance/MRO (industrial),AUDIT EXEMPTION SUBSIDIARY,31/12/2024,154393
2,11032343,KIERNAN STRUCTURAL STEEL UK LIMITED,G-00123,KIERNAN STRUCTURAL STEEL UK LIMITED,T1 Active Hilti,,a) Building Construction (specialist trades),FULL,30/09/2025,153354
2,01164271,SWANN ENGINEERING GROUP LTD.,G-00124,SWANN GROUP LIMITED,T1 Active Hilti,,a) Building Construction (steel & metal),FULL,31/03/2025,150236
2,05487474,SWANN GROUP LIMITED,G-00124,SWANN GROUP LIMITED,T1 Active Hilti,,a) Building Construction (steel & metal),GROUP,31/03/2025,150236
2,01042638,GEOFFREY ROBINSON LIMITED,G-00126,GEOFFREY ROBINSON LIMITED,T1 Active Hilti,,a) Building Construction,FULL,31/12/2025,148937
2,00839354,ALTRAD BABCOCK LIMITED,G-00127,ALTRAD UK LIMITED,T1 Active Hilti,,a) Building Construction (specialist trades),FULL,31/08/2025,148126
2,03299544,CAPE INDUSTRIAL SERVICES GROUP LIMITED,G-00127,ALTRAD UK LIMITED,T1 Active Hilti,,a) Building Construction (specialist trades),FULL,31/08/2025,148126
2,06590880,ALTRAD MOTHERWELL BRIDGE LIMITED,G-00127,ALTRAD UK LIMITED,T1 Active Hilti,,a) Building Construction (specialist trades),FULL,31/08/2025,148126
2,00845839,SPARROWS OFFSHORE SERVICES LIMITED,G-00127,ALTRAD UK LIMITED,T1 Active Hilti,,a) Building Construction (specialist trades),FULL,31/08/2025,148126
2,13590060,LNT FIRE PROTECTION LIMITED,G-00131,LNT CARE DEVELOPMENTS HOLDINGS LIMITED,T1 Active Hilti,,a) Building Construction (specialist trades),AUDIT EXEMPTION SUBSIDIARY,31/03/2025,144086
2,12065889,LNT CONSTRUCTION LIMITED,G-00131,LNT CARE DEVELOPMENTS HOLDINGS LIMITED,T1 Active Hilti,,a) Building Construction (specialist trades),FULL,31/03/2025,144086
2,07210512,SOUTH COAST INSULATION SERVICES LIMITED,G-00133,MIMI & MARBLE HOLDINGS LIMITED,T1 Active Hilti,,b) M&E,FULL,31/03/2024,143414
2,03337119,ALTRAD SERVICES LIMITED,G-00135,CAPE HOLDCO LIMITED,T1 Active Hilti,,b) M&E,FULL,31/08/2025,142617
2,06176843,JOHN N DUNN GROUP LIMITED,G-00137,JOHN N DUNN GROUP LIMITED,T1 Active Hilti,,b) M&E,FULL,31/03/2025,140848
2,01269605,A.T. JONES & SON LIMITED,G-00143,A.T. JONES & SON LIMITED,T1 Active Hilti,,a) Building Construction (interior/completion),FULL,31/03/2025,138531
2,01179102,BYRNE BROS. (FORMWORK) LIMITED,G-00148,WBHO UK LIMITED,T1 Active Hilti,,a) Building Construction,FULL,30/06/2025,136652
2,09207114,BYRNE GROUNDWORKS LIMITED,G-00148,WBHO UK LIMITED,T1 Active Hilti,,a) Building Construction,FULL,30/06/2025,136652
2,01100323,BYRNE GROUP LIMITED,G-00148,WBHO UK LIMITED,T1 Active Hilti,,a) Building Construction,GROUP,30/06/2025,136652
2,03925528,CHORUS GROUP HOLDINGS LIMITED,G-00148,WBHO UK LIMITED,T1 Active Hilti,,a) Building Construction,SMALL,30/06/2025,136652
2,00260559,F.B.ELLMER LIMITED,G-00148,WBHO UK LIMITED,T1 Active Hilti,,a) Building Construction,FULL,30/06/2025,136652
2,02867432,RUSSELLS LIMITED,G-00148,WBHO UK LIMITED,T1 Active Hilti,,a) Building Construction,FULL,30/06/2025,136652
2,12080311,PARKERSTEEL LIMITED,G-00149,THL (UK) HOLDINGS LTD,T1 Active Hilti,,a) Building Construction (steel & metal),FULL,30/06/2025,136052
2,00076119,TATE GLOBAL SOLUTIONS LIMITED,G-00155,TATE GLOBAL SOLUTIONS (HOLDINGS) LIMITED,T1 Active Hilti,,a) Building Construction (interior/completion),FULL,31/12/2024,134020
2,01700751,M. LAMBE CONSTRUCTION LIMITED,G-00156,LAMBE GROUP LTD,T1 Active Hilti,,a) Building Construction (domestic) / U2 candidate,FULL,31/10/2025,133774
2,01266778,HUTCHINSON ENGINEERING LIMITED,G-00158,HUTCHINSON ENGINEERING LIMITED,T1 Active Hilti,,a) Building Construction (steel & metal),FULL,30/09/2025,132759
2,03898563,TOTAL HIRE & SALES LIMITED,G-00165,G.F.TOMLINSON GROUP LIMITED,T1 Active Hilti,,Housebuilder/Developer (U2 candidate),FULL,30/06/2025,126149
2,02332956,G.F. TOMLINSON BUILDING LIMITED,G-00165,G.F.TOMLINSON GROUP LIMITED,T1 Active Hilti,,Housebuilder/Developer (U2 candidate),FULL,30/06/2025,126149
2,01456375,G F TOMLINSON & SONS LTD,G-00165,G.F.TOMLINSON GROUP LIMITED,T1 Active Hilti,,Housebuilder/Developer (U2 candidate),SMALL,30/06/2025,126149
2,00233721,G.F.TOMLINSON GROUP LIMITED,G-00165,G.F.TOMLINSON GROUP LIMITED,T1 Active Hilti,,Housebuilder/Developer (U2 candidate),GROUP,30/06/2025,126149
2,06517523,CD ENGINEERING SERVICES LIMITED,G-00168,CD ENGINEERING HOLDINGS LIMITED,T1 Active Hilti,,b) M&E,TOTAL EXEMPTION FULL,30/11/2024,125789
2,12495868,CD ENGINEERING HOLDINGS LIMITED,G-00168,CD ENGINEERING HOLDINGS LIMITED,T1 Active Hilti,,b) M&E,TOTAL EXEMPTION FULL,30/11/2024,125789
2,02766783,ISOLER LTD.,G-00175,NORTHERN BEAR PLC,T1 Active Hilti,,a) Building Construction (specialist trades),FULL,31/03/2025,123403
2,02682028,MGM LTD,G-00175,NORTHERN BEAR PLC,T1 Active Hilti,,a) Building Construction (specialist trades),FULL,31/03/2025,123403
2,05780581,NORTHERN BEAR PLC,G-00175,NORTHERN BEAR PLC,T1 Active Hilti,,a) Building Construction (specialist trades),GROUP,31/03/2025,123403
2,00566823,SIR ROBERT MCALPINE LIMITED,G-00184,NEWARTHILL LIMITED,T1 Active Hilti,,a) Building Construction,FULL,31/10/2025,120015
2,01300615,MORRISROE LIMITED,G-00190,MORRISROE LIMITED,T1 Active Hilti,,a) Building Construction,FULL,31/10/2025,116658
2,02063786,NUVIA LIMITED,G-00199,VINCI,T1 Active Hilti,,c) Civil Engineering,FULL,31/12/2025,111890
2,07681731,ROGER BULLIVANT LIMITED,G-00199,VINCI,T1 Active Hilti,,c) Civil Engineering,FULL,31/12/2024,111890
2,NI034635,POWERTEAM ELECTRICAL SERVICES (UK) LIMITED,G-00199,VINCI,T1 Active Hilti,,c) Civil Engineering,FULL,31/12/2024,111890
2,00065493,ACTEMIUM UK LIMITED,G-00199,VINCI,T1 Active Hilti,,c) Civil Engineering,FULL,31/12/2025,111890
2,00752082,BACHY SOLETANCHE LIMITED,G-00199,VINCI,T1 Active Hilti,,c) Civil Engineering,FULL,31/12/2024,111890
2,02089134,NORTH WEST PROJECTS LIMITED,G-00199,VINCI,T1 Active Hilti,,c) Civil Engineering,FULL,31/12/2025,111890
2,02667726,SIXENSE LIMITED,G-00199,VINCI,T1 Active Hilti,,c) Civil Engineering,MEDIUM,31/12/2025,111890
2,00310690,H.E. SIMM & SON LIMITED,G-00205,H E SIMM HOLDINGS LIMITED,T1 Active Hilti,,b) M&E,FULL,31/12/2023,107843
2,12718911,H E SIMM HOLDINGS LIMITED,G-00205,H E SIMM HOLDINGS LIMITED,T1 Active Hilti,,b) M&E,GROUP,31/12/2023,107843
2,11553738,VVB ENGINEERING (UK) LIMITED,G-00207,SANDTON EUROPE LIMITED,T1 Active Hilti,,b) M&E,FULL,31/12/2025,107528
2,11552281,VVB GROUP LIMITED,G-00207,SANDTON EUROPE LIMITED,T1 Active Hilti,,b) M&E,FULL,31/12/2025,107528
2,00392279,GL EVENTS UK LIMITED,G-00210,GL EVENTS LIVE SA,T1 Active Hilti,,a) Building Construction (specialist trades),FULL,31/12/2024,106782
2,00714476,CHISHOLM & WINCH (CONTRACTS) LTD,G-00220,CHARENTE HOLDINGS LTD,T1 Active Hilti,,c) Civil Engineering,FULL,31/03/2026,101309
2,12483184,FLYNN INTERIORS LIMITED,G-00225,FLYNN INTERIORS LIMITED,T1 Active Hilti,,a) Building Construction (interior/completion),FULL,31/12/2024,99313
2,00443522,DALKIA ENGINEERING LIMITED,G-00241,DALKIA ENGINEERING HOLDING LIMITED,T1 Active Hilti,,b) M&E,FULL,31/12/2025,93292
2,01119637,IMTECH AQUA BUILDING SERVICES LTD,G-00241,DALKIA ENGINEERING HOLDING LIMITED,T1 Active Hilti,,b) M&E,AUDIT EXEMPTION SUBSIDIARY,31/12/2025,93292
2,SC177939,ROSS-SHIRE ENGINEERING LIMITED,G-00246,BROADWAY HOLDCO LIMITED,T1 Active Hilti,,a) Building Construction (steel & metal),GROUP,31/03/2025,92161
2,02122329,BLACKBURN STARLING & COMPANY LIMITED,G-00246,BROADWAY HOLDCO LIMITED,T1 Active Hilti,,a) Building Construction (steel & metal),AUDIT EXEMPTION SUBSIDIARY,31/03/2025,92161
2,SC328334,DPS GROUP LTD,G-00246,BROADWAY HOLDCO LIMITED,T1 Active Hilti,,a) Building Construction (steel & metal),AUDIT EXEMPTION SUBSIDIARY,31/03/2025,92161
2,01310922,GENERAL PANEL SYSTEMS LIMITED,G-00246,BROADWAY HOLDCO LIMITED,T1 Active Hilti,,a) Building Construction (steel & metal),AUDIT EXEMPTION SUBSIDIARY,31/03/2025,92161
2,01347974,SHEERS LIMITED,G-00246,BROADWAY HOLDCO LIMITED,T1 Active Hilti,,a) Building Construction (steel & metal),AUDIT EXEMPTION SUBSIDIARY,31/03/2025,92161
2,09117078,GREENACRE ENVIRONMENTAL SYSTEMS LIMITED,G-00246,BROADWAY HOLDCO LIMITED,T1 Active Hilti,,a) Building Construction (steel & metal),AUDIT EXEMPTION SUBSIDIARY,31/03/2025,92161
2,00798550,SKANSKA RASHLEIGH WEATHERFOIL LIMITED,G-00249,SKANSKA AB,T1 Active Hilti,,a) Building Construction,AUDIT EXEMPTION SUBSIDIARY,31/12/2025,90873
2,00937574,CEMENTATION SKANSKA LIMITED,G-00249,SKANSKA AB,T1 Active Hilti,,a) Building Construction,AUDIT EXEMPTION SUBSIDIARY,31/12/2025,90873
2,00679167,CERVINIA BEAUTY LIMITED,G-00249,SKANSKA AB,T1 Active Hilti,,a) Building Construction,AUDIT EXEMPTION SUBSIDIARY,31/12/2024,90873
2,00784752,SKANSKA UK PLC,G-00249,SKANSKA AB,T1 Active Hilti,,a) Building Construction,GROUP,31/12/2025,90873
2,00191408,SKANSKA CONSTRUCTION UK LIMITED,G-00249,SKANSKA AB,T1 Active Hilti,,a) Building Construction,FULL,31/12/2025,90873
2,00932158,SKANSKA TECHNOLOGY LIMITED,G-00249,SKANSKA AB,T1 Active Hilti,,a) Building Construction,AUDIT EXEMPTION SUBSIDIARY,31/12/2025,90873
2,01450799,FLATLEY CONSTRUCTION LIMITED,G-00250,FLATLEY CONSTRUCTION LIMITED,T1 Active Hilti,,c) Civil Engineering,FULL,31/03/2025,90855
2,01603201,JOHN F HUNT LIMITED,G-00253,JOHN F HUNT LIMITED,T1 Active Hilti,,c) Civil Engineering (groundworks/demolition),FULL,31/03/2025,90260
2,04856838,JOHN F. HUNT FORMWORK LIMITED,G-00253,JOHN F HUNT LIMITED,T1 Active Hilti,,c) Civil Engineering (groundworks/demolition),TOTAL EXEMPTION FULL,31/03/2026,90260
2,00480252,FREYSSINET LIMITED,G-00276,FREYSSINET LIMITED,T1 Active Hilti,,a) Building Construction (specialist trades),FULL,31/12/2024,83959
2,07416677,AQUAFORCE (CONCRETE SERVICES) LIMITED,G-00276,FREYSSINET LIMITED,T1 Active Hilti,,a) Building Construction (specialist trades),SMALL,31/12/2024,83959
2,02997625,FOCCHI LTD,G-00281,FOCCHI LTD,T1 Active Hilti,,b) M&E,FULL,31/12/2025,82834
2,04987403,ALL METAL ROOFING LIMITED,G-00285,AMR SPECIALIST SYSTEMS LTD,T1 Active Hilti,,a) Building Construction (specialist trades),FULL,31/03/2025,81142
2,SC354345,MPACT GROUP LTD,G-00288,MPACT GROUP LTD,T1 Active Hilti,,b) M&E,FULL,31/03/2025,80765
2,08955832,RICHARD KEMBLE CONTRACTS LIMITED,G-00293,RICHARD KEMBLE CONTRACTS HOLDINGS LTD,T1 Active Hilti,,a) Building Construction (specialist trades),TOTAL EXEMPTION FULL,05/04/2025,79253
2,12548477,RICHARD KEMBLE CONTRACTS HOLDINGS LTD,G-00293,RICHARD KEMBLE CONTRACTS HOLDINGS LTD,T1 Active Hilti,,a) Building Construction (specialist trades),TOTAL EXEMPTION FULL,05/04/2025,79253
2,05098556,CORNELIUS UK LIMITED,G-00298,CORNELIUS H GROUP LTD,T1 Active Hilti,,a) Building Construction (specialist trades),MEDIUM,31/12/2024,78250
2,00489736,BINNS FENCING LIMITED,G-00304,HOPWOODS HOLDINGS LIMITED,T1 Active Hilti,,a) Building Construction (specialist trades),FULL,31/12/2025,75278
2,04418891,CLM FIREPROOFING LIMITED,G-00306,CLM GROUP LIMITED,T1 Active Hilti,,a) Building Construction (domestic) / U2 candidate,FULL,30/04/2025,74908
2,11991302,CLM GROUP LIMITED,G-00306,CLM GROUP LIMITED,T1 Active Hilti,,a) Building Construction (domestic) / U2 candidate,GROUP,30/04/2025,74908
2,04446137,ALANDALE PLANT & SCAFFOLDING LIMITED,G-00308,ALANDALE HOLDINGS LIMITED,T1 Active Hilti,,a) Building Construction (specialist trades),MEDIUM,31/12/2024,74400
2,03279228,ALANDALE HOLDINGS LIMITED,G-00308,ALANDALE HOLDINGS LIMITED,T1 Active Hilti,,a) Building Construction (specialist trades),GROUP,31/12/2024,74400
2,03279517,ALANDALE LOGISTICS LIMITED,G-00308,ALANDALE HOLDINGS LIMITED,T1 Active Hilti,,a) Building Construction (specialist trades),MEDIUM,31/12/2024,74400
2,06540746,CAUNTON HOLDINGS LIMITED,G-00310,CAUNTON HOLDINGS LIMITED,T1 Active Hilti,,a) Building Construction (steel & metal),GROUP,31/01/2025,74024
2,00968729,CAUNTON ENGINEERING LIMITED,G-00310,CAUNTON HOLDINGS LIMITED,T1 Active Hilti,,a) Building Construction (steel & metal),FULL,31/01/2025,74024
2,02802131,HANSENGROUP LIMITED,G-00314,HANSENGROUP LIMITED,T1 Active Hilti,,a) Building Construction (interior/completion),FULL,30/06/2025,73716
2,06168053,PROFIXED INTERIORS LIMITED,G-00317,PROFIXED INTERIORS LIMITED,T1 Active Hilti,,a) Building Construction (specialist trades),FULL,31/03/2025,73002
2,NI033331,O'HANLON & FARRELL CONTRACTS LTD,G-00318,O'HANLON & FARRELL CONTRACTS LTD,T1 Active Hilti,,a) Building Construction (domestic) / U2 candidate,FULL,30/11/2024,72998
2,03806421,BESPOKE CONSTRUCTION SERVICES LIMITED,G-00320,BESPOKE CONSTRUCTION SERVICES LIMITED,T1 Active Hilti,,Housebuilder/Developer (U2 candidate),FULL,31/07/2025,72341
2,05088847,P I B CONTRACTORS LTD,G-00328,BELEVI GROUP LTD,T1 Active Hilti,,Housebuilder/Developer (U2 candidate),FULL,31/03/2025,70865
2,SC235142,IQA OPERATIONS GROUP LIMITED,G-00332,ELECNOR SERVICIOS Y PROYECTOS S.A.U,T1 Active Hilti,,b) M&E,FULL,31/12/2025,70149
2,04516604,ETEX UK REMAGIN LIMITED,G-00342,ETEX NEW WAYS NV,T1 Active Hilti,,a) Building Construction (steel & metal),FULL,31/12/2025,68061
2,08363290,ETEX HOLDING UK REMAGIN LIMITED,G-00342,ETEX NEW WAYS NV,T1 Active Hilti,,a) Building Construction (steel & metal),FULL,31/12/2025,68061
2,02431149,M.S.W (UK) LIMITED,G-00349,MSW LIMITED,T1 Active Hilti,,a) Building Construction (specialist trades),FULL,31/12/2025,67553
2,04108747,PERSIMMON HOMES LIMITED,G-00357,PERSIMMON PLC,T1 Active Hilti,,Housebuilder/Developer (U2 candidate),FULL,31/12/2024,66320
2,01182689,CHARLES CHURCH DEVELOPMENTS LIMITED,G-00357,PERSIMMON PLC,T1 Active Hilti,,Housebuilder/Developer (U2 candidate),FULL,31/12/2024,66320
2,01203345,HILLREED HOMES LIMITED,G-00357,PERSIMMON PLC,T1 Active Hilti,,Housebuilder/Developer (U2 candidate),FULL,31/12/2024,66320
2,04256255,SENATOR HOMES LIMITED,G-00357,PERSIMMON PLC,T1 Active Hilti,,Housebuilder/Developer (U2 candidate),FULL,31/12/2024,66320
2,08131186,MPG CONTRACTS LTD,G-00366,MPG CONTRACTS (HOLDINGS) LTD,T1 Active Hilti,,Housebuilder/Developer (U2 candidate),FULL,30/09/2025,64872
2,11526666,P J DAVIDSON (UK) LIMITED,G-00371,P J DAVIDSON (UK) LIMITED,T1 Active Hilti,,a) Building Construction (specialist trades),FULL,31/12/2025,63622
2,07199913,COLORMINIUM (LONDON) LTD,G-00373,CLL GROUP HOLDINGS LIMITED,T1 Active Hilti,,a) Building Construction (steel & metal),FULL,31/12/2025,63101
2,03224036,ACORN CONSTRUCTION (YORKSHIRE) LTD.,G-00376,ACORN CONSTRUCTION (YORKSHIRE) LTD.,T1 Active Hilti,,a) Building Construction (specialist trades),FULL,31/03/2025,61804
2,SC292348,ROBINSONS SCOTLAND LIMITED,G-00377,ROBINSONS SCOTLAND LIMITED,T1 Active Hilti,,a) Building Construction (steel & metal),GROUP,31/12/2025,61527
2,02470552,C. G. REYNOLDS LIMITED,G-00381,REBOX HOLDINGS LIMITED,T1 Active Hilti,,a) Building Construction (specialist trades),MEDIUM,31/03/2025,61376
2,NI629986,HENRY BROTHERS LIMITED,G-00384,HENRY GROUP (NI) LIMITED,T1 Active Hilti,,a) Building Construction,GROUP,31/03/2026,60451
2,NI018696,HENRY GROUP (NI) LIMITED,G-00384,HENRY GROUP (NI) LIMITED,T1 Active Hilti,,a) Building Construction,GROUP,31/03/2026,60451
2,00196308,"P.C.RICHARDSON & CO.(MIDDLESBROUGH),LIMITED",G-00407,"P.C.RICHARDSON & CO.(MIDDLESBROUGH),LIMITED",T1 Active Hilti,,a) Building Construction (specialist trades),FULL,31/03/2025,55913
2,04428369,YUANDA (UK) CO. LTD,G-00424,YUANDA (UK) CO. LTD,T1 Active Hilti,,a) Building Construction,FULL,31/12/2025,53878
2,04428828,WHITTAN INDUSTRIAL LIMITED,G-00425,WHITTAN STORAGE SYSTEMS LIMITED,T1 Active Hilti,,a) Building Construction (steel & metal),FULL,31/03/2025,53794
2,04881739,PRODECK-FIXING LIMITED,G-00426,LGW GROUP LIMITED,T1 Active Hilti,,b) M&E,AUDIT EXEMPTION SUBSIDIARY,31/12/2024,53674
2,03772583,WRIGHT READYMIX LTD,G-00426,LGW GROUP LIMITED,T1 Active Hilti,,b) M&E,FULL,31/12/2024,53674
2,12357197,DELATIM HOLDINGS LIMITED,G-00431,DELATIM GROUP LIMITED,T1 Active Hilti,,b) M&E,FULL,30/04/2025,53138
2,04144061,HARRINGTONS BUILDERS PLC,G-00439,HARRINGTONS BUILDERS PLC,T1 Active Hilti,,a) Building Construction (interior/completion),FULL,31/03/2025,52061
2,07014080,DAVICON MEZZANINE FLOORS LIMITED,G-00441,DAVICON GROUP LIMITED,T1 Active Hilti,,a) Building Construction (steel & metal),FULL,31/03/2025,52009
2,07378956,TRISON HOLDINGS LIMITED,G-00441,DAVICON GROUP LIMITED,T1 Active Hilti,,a) Building Construction (steel & metal),SMALL,31/03/2025,52009
2,02954707,G K R SCAFFOLDING LIMITED,G-00443,G K R LOGISTICS LIMITED,T1 Active Hilti,,a) Building Construction (specialist trades),FULL,31/10/2025,51965
2,04164708,G K R LOGISTICS LIMITED,G-00443,G K R LOGISTICS LIMITED,T1 Active Hilti,,a) Building Construction (specialist trades),GROUP,31/10/2025,51965
2,02347327,ADEY STEEL LIMITED,G-00452,ADEY HOLDINGS LIMITED,T1 Active Hilti,,a) Building Construction (steel & metal),FULL,30/04/2025,51428
2,04369331,ADEY HOLDINGS LIMITED,G-00452,ADEY HOLDINGS LIMITED,T1 Active Hilti,,a) Building Construction (steel & metal),GROUP,30/04/2025,51428
2,01841649,MCNEALY BROWN LIMITED,G-00457,MCNEALY BROWN GROUP LIMITED,T1 Active Hilti,,a) Building Construction (steel & metal),FULL,31/07/2025,50900
2,03215962,KELLY FLEET SERVICES LIMITED,G-00458,KELLY COMMUNICATIONS ENTERPRISES LIMITED,T1 Active Hilti,,a) Building Construction (specialist trades),FULL,29/12/2024,50774
2,03547354,KELLY COMMS LIMITED,G-00458,KELLY COMMUNICATIONS ENTERPRISES LIMITED,T1 Active Hilti,,a) Building Construction (specialist trades),SMALL,29/12/2024,50774
2,07585493,SDM FABRICATION LIMITED,G-00460,STUART HOLDINGS LIMITED,T1 Active Hilti,,a) Building Construction (specialist trades),FULL,31/08/2023,50732
2,06337165,POD-TRAK LIMITED,G-00469,POD-TRAK (HOLDINGS) LIMITED,T1 Active Hilti,,c) Civil Engineering,FULL,31/08/2025,49117
2,05718298,A&M ELECTRICALS LTD,G-00469,POD-TRAK (HOLDINGS) LIMITED,T1 Active Hilti,,c) Civil Engineering,TOTAL EXEMPTION FULL,31/08/2025,49117
2,07074661,MIDWEST CONSTRUCTION LIMITED,G-00479,MIDWEST CONSTRUCTION LIMITED,T1 Active Hilti,,a) Building Construction (specialist trades),FULL,30/11/2025,47906
2,04096378,WAAGNER BIRO STEEL AND GLASS LIMITED,G-00481,WAAGNER BIRO STEEL AND GLASS LIMITED,T1 Active Hilti,,a) Building Construction (specialist trades),FULL,31/12/2024,47700
2,02689144,LOPPINGDALE PLANT LIMITED,G-00485,DTD HOLDINGS LIMITED,T1 Active Hilti,,a) Building Construction (specialist trades),FULL,30/06/2025,47408
2,10487950,LIDER CONSTRUCTION LTD,G-00487,LIDER CONSTRUCTION LTD,T1 Active Hilti,,a) Building Construction (interior/completion),MICRO ENTITY,30/11/2025,47126
2,SC717349,JAMES FREW GROUP LIMITED,G-00494,JAMES FREW GROUP LIMITED,T1 Active Hilti,,e) Maintenance/MRO (industrial),GROUP,31/03/2025,46652
2,03872973,STEELWAY FENSECURE LIMITED,G-00495,STEELWAY FENSECURE LIMITED,T1 Active Hilti,,a) Building Construction (steel & metal),FULL,30/06/2025,46646
2,02072364,MITCHELLSON FORMWORK & CIVIL ENGINEERING LIMITED,G-00497,MITCHELLSON FORMWORK & CIVIL ENGINEERING LIMITED,T1 Active Hilti,,a) Building Construction,FULL,31/05/2025,46537
2,01497223,RICHARDSON ROOFING COMPANY LIMITED,G-00502,RICHARDSON ROOFING HOLDINGS LIMITED,T1 Active Hilti,,a) Building Construction (specialist trades),SMALL,31/08/2025,46050
2,04252237,RICHARDSON ROOFING (INDUSTRIAL) LIMITED,G-00502,RICHARDSON ROOFING HOLDINGS LIMITED,T1 Active Hilti,,a) Building Construction (specialist trades),FULL,31/08/2021,46050
2,04218191,NORDEX UK LIMITED,G-00505,NORDEX ENERGY SE,T1 Active Hilti,,b) M&E,FULL,31/12/2024,45252
2,04759389,SIAN FORMWORK LIMITED,G-00507,SIAN FORMWORK TRUSTEE LTD,T1 Active Hilti,,c) Civil Engineering,TOTAL EXEMPTION FULL,31/10/2024,44709
2,11716680,SIAN GROUP HOLDINGS LIMITED,G-00507,SIAN FORMWORK TRUSTEE LTD,T1 Active Hilti,,c) Civil Engineering,TOTAL EXEMPTION FULL,31/12/2024,44709
2,01081971,MILLCROFT SERVICES P.L.C.,G-00512,MILLCROFT HOLDINGS LIMITED,T1 Active Hilti,,a) Building Construction (specialist trades),FULL,30/12/2024,44043
2,11826640,MILLCROFT HOLDINGS LIMITED,G-00512,MILLCROFT HOLDINGS LIMITED,T1 Active Hilti,,a) Building Construction (specialist trades),GROUP,31/12/2024,44043
2,03647957,BROADSWORD PROJECTS LIMITED,G-00513,BROADSWORD GROUP LIMITED,T1 Active Hilti,,a) Building Construction,FULL,30/06/2025,44032
2,03709861,STORY CONTRACTING LIMITED,G-00516,STORY CONTRACTING LIMITED,T1 Active Hilti,,a) Building Construction,FULL,31/03/2025,43851
2,SC174690,J & D PIERCE (CONTRACTS) LTD.,G-00520,STORSKOGEN UK LIMITED,T1 Active Hilti,,a) Building Construction (steel & metal),FULL,31/12/2024,43170
2,04500487,AC ELECTRICAL SERVICES (NW) LTD,G-00520,STORSKOGEN UK LIMITED,T1 Active Hilti,,a) Building Construction (steel & metal),FULL,31/12/2024,43170
2,01877418,BOON EDAM LIMITED,G-00526,BOON EDAM LIMITED,T1 Active Hilti,,a) Building Construction (specialist trades),FULL,31/12/2025,42072
2,NI003503,JOHN GRAHAM CONSTRUCTION LIMITED,G-00527,JOHN GRAHAM HOLDINGS LIMITED,T1 Active Hilti,,a) Building Construction,GROUP,31/03/2026,41952
2,08811320,KIER GRAHAM DEFENCE LIMITED,G-00527,JOHN GRAHAM HOLDINGS LIMITED,T1 Active Hilti,,a) Building Construction,TOTAL EXEMPTION FULL,30/06/2025,41952
2,10880037,VKE PLANT LIMITED,G-00549,VKE HOLDINGS LIMITED,T1 Active Hilti,,a) Building Construction (interior/completion),AUDIT EXEMPTION SUBSIDIARY,31/08/2025,39744
2,12365615,VKE HOLDINGS LIMITED,G-00549,VKE HOLDINGS LIMITED,T1 Active Hilti,,a) Building Construction (interior/completion),GROUP,31/08/2025,39744
2,02736885,ALUMET SYSTEMS (UK) LIMITED,G-00551,ALUMET SYSTEMS (UK) LIMITED,T1 Active Hilti,,a) Building Construction (steel & metal),GROUP,31/12/2024,39707
2,01435461,CADDICK CONSTRUCTION LIMITED,G-00553,CADDICK GROUP LIMITED,T1 Active Hilti,,a) Building Construction,GROUP,31/08/2025,39516
2,14428271,CCL FACADES LIMITED,G-00553,CADDICK GROUP LIMITED,T1 Active Hilti,,a) Building Construction,SMALL,31/08/2025,39516
2,NI637356,CLARKE GROUP (N.I.) LTD,G-00554,BGF GROUP PLC,T1 Active Hilti,,a) Building Construction (specialist trades),FULL,31/12/2024,39462
2,05543524,ANSTEY HORNE & CO. LIMITED,G-00554,BGF GROUP PLC,T1 Active Hilti,,a) Building Construction (specialist trades),FULL,31/10/2025,39462
2,04204136,LITTLEWOOD FENCING LIMITED,G-00555,LITTLEWOOD FENCING UK LIMITED,T1 Active Hilti,,a) Building Construction (specialist trades),FULL,31/03/2026,39459
2,06696338,DRAYTON BEAUMONT SERVICES HOLDINGS LIMITED,G-00558,DRAYTON BEAUMONT GROUP LIMITED,T1 Active Hilti,,b) M&E,FULL,30/09/2025,39260
2,01087200,JPR MECHANICAL AND ELECTRICAL SERVICES LIMITED,G-00558,DRAYTON BEAUMONT GROUP LIMITED,T1 Active Hilti,,b) M&E,FULL,30/09/2025,39260
2,05586163,ELEMENTS (EUROPE) LIMITED,G-00562,ELEMENTS (EUROPE) LIMITED,T1 Active Hilti,,a) Building Construction (specialist trades),FULL,31/12/2023,38591
2,02735000,ROBORE CUTS LIMITED,G-00566,ROBORE HOLDINGS 2022 LTD,T1 Active Hilti,,a) Building Construction (specialist trades),FULL,30/06/2025,38324
2,01835168,ERIC WRIGHT WATER LIMITED,G-00568,HENMEAD LIMITED,T1 Active Hilti,,c) Civil Engineering,FULL,31/12/2024,38178
2,02565379,ERIC WRIGHT CIVIL ENGINEERING LIMITED,G-00568,HENMEAD LIMITED,T1 Active Hilti,,c) Civil Engineering,FULL,31/12/2024,38178
2,00190204,ERIC WRIGHT CONSTRUCTION LIMITED,G-00568,HENMEAD LIMITED,T1 Active Hilti,,c) Civil Engineering,FULL,31/12/2024,38178
2,02841234,ERIC WRIGHT GROUP LIMITED,G-00568,HENMEAD LIMITED,T1 Active Hilti,,c) Civil Engineering,GROUP,31/12/2024,38178
2,03357937,HATHAWAY ROOFING LIMITED,G-00569,HATHAWAY ROOFING HOLDINGS LIMITED,T1 Active Hilti,,a) Building Construction (specialist trades),FULL,30/09/2025,38139
2,01031385,TRAD SCAFFOLDING CO.LIMITED,G-00572,TRAD HIRE & SALES LIMITED,T1 Active Hilti,,a) Building Construction (specialist trades),FULL,31/08/2025,38064
2,02150279,ALTRAD MTD LIMITED,G-00572,TRAD HIRE & SALES LIMITED,T1 Active Hilti,,a) Building Construction (specialist trades),SMALL,31/08/2025,38064
2,05458501,KELLY FORMWORK (UK) LIMITED,G-00578,KELLY FORMWORK (UK) LIMITED,T1 Active Hilti,,a) Building Construction (specialist trades),MICRO ENTITY,30/06/2025,37618
2,02766990,TAZIKER INDUSTRIAL LIMITED,G-00583,FORTH BIDCO LIMITED,T1 Active Hilti,,a) Building Construction (interior/completion),FULL,31/03/2026,37326
2,01153427,WINGATE ELECTRICAL PLC,G-00585,WINGATE LIMITED,T1 Active Hilti,,b) M&E,GROUP,30/09/2025,37087
2,03385107,EMICO LIMITED,G-00587,EMICO PROPERTY SERVICES LIMITED,T1 Active Hilti,,b) M&E,FULL,30/06/2025,36942
2,NI041488,BAYVIEW CONTRACTS LTD,G-00588,BAYVIEW CONTRACTS LTD,T1 Active Hilti,,b) M&E,FULL,30/09/2025,36940
2,04642985,A D BLY CONSTRUCTION LIMITED,G-00590,ADB CONSTRUCTION LIMITED,T1 Active Hilti,,c) Civil Engineering,FULL,30/11/2025,36566
2,NI653961,GILBERT-ASH HOLDINGS LIMITED,G-00591,GILBERT-ASH HOLDINGS LIMITED,T1 Active Hilti,,a) Building Construction,GROUP,31/12/2024,36562
2,NI002345,GILBERT-ASH LIMITED,G-00591,GILBERT-ASH HOLDINGS LIMITED,T1 Active Hilti,,a) Building Construction,FULL,31/12/2024,36562
2,08061574,THAMES VALLEY CONSTRUCTION LIMITED,G-00597,THAMES VALLEY (HOLDINGS) LIMITED,T1 Active Hilti,,Housebuilder/Developer (U2 candidate),SMALL,30/09/2025,36367
2,08731039,THAMES VALLEY (HOLDINGS) LIMITED,G-00597,THAMES VALLEY (HOLDINGS) LIMITED,T1 Active Hilti,,Housebuilder/Developer (U2 candidate),GROUP,30/09/2025,36367
2,11461839,E COLLINSON & CO LIMITED,G-00600,E COLLINSON & CO LIMITED,T1 Active Hilti,,a) Building Construction (steel & metal),FULL,31/12/2024,35991
2,00949863,MEASOM (DRYLINE) LIMITED,G-00603,F.C.MEASOM LIMITED,T1 Active Hilti,,a) Building Construction (specialist trades),FULL,31/12/2024,35684
2,06278727,RSS INFRASTRUCTURE LIMITED,G-00605,RSS INFRASTRUCTURE LIMITED,T1 Active Hilti,,c) Civil Engineering,FULL,30/09/2025,35245
2,08383823,DANE ARCHITECTURAL SYSTEMS HOLDINGS LIMITED,G-00615,DANE ARCHITECTURAL SYSTEMS HOLDINGS EOT LIMITED,T1 Active Hilti,,a) Building Construction,FULL,31/12/2025,33616
2,02353689,A & J RYAN MECHANICAL SERVICES LIMITED,G-00616,A & J RYAN HOLDINGS LIMITED,T1 Active Hilti,,b) M&E,FULL,31/03/2025,33407
2,SC057943,LUDDON CONSTRUCTION LIMITED,G-00618,DOUGALL HOLDINGS LTD,T1 Active Hilti,,c) Civil Engineering,FULL,31/08/2025,33291
2,00463912,F.P.HURLEY & SONS LIMITED,G-00619,F.P.HURLEY & SONS LIMITED,T1 Active Hilti,,b) M&E,GROUP,30/09/2025,33263
2,SC071884,HUTCHEON SERVICES LIMITED,G-00625,HUTCHEON INVESTMENTS LIMITED,T1 Active Hilti,,b) M&E,FULL,30/11/2025,32890
2,07840276,M J ROBINSON STRUCTURES LIMITED,G-00631,ENSCO 1357 LIMITED,T1 Active Hilti,,a) Building Construction (steel & metal),FULL,31/03/2025,32569
2,02684412,STORTFORD INTERIORS (UK) LIMITED,G-00632,STORTFORD HOLDINGS LIMITED,T1 Active Hilti,,b) M&E,FULL,30/06/2025,32453
2,04379106,AMSPEC LIMITED,G-00646,AMSPEC LIMITED,T1 Active Hilti,,a) Building Construction (interior/completion),FULL,31/03/2026,31247
2,SC202570,ADVANCE CONSTRUCTION (SCOTLAND) LIMITED,G-00648,ADVANCE CONSTRUCTION GROUP LIMITED,T1 Active Hilti,,a) Building Construction (domestic) / U2 candidate,FULL,31/03/2025,31192
2,02765374,CELTIC RECYCLING LTD.,G-00649,CELTIC UTILITIES GROUP LIMITED,T1 Active Hilti,,a) Building Construction,FULL,31/10/2025,31165
2,13840183,REGEN CONSTRUCTION LIMITED,G-00649,CELTIC UTILITIES GROUP LIMITED,T1 Active Hilti,,a) Building Construction,FULL,31/10/2025,31165
2,07981985,RED FACE PLANT HIRE LIMITED,G-00657,CUIG GROUP HOLDINGS LIMITED,T1 Active Hilti,,c) Civil Engineering,SMALL,31/03/2025,30923
2,07981272,CUIG GROUP HOLDINGS LIMITED,G-00657,CUIG GROUP HOLDINGS LIMITED,T1 Active Hilti,,c) Civil Engineering,GROUP,31/03/2025,30923
2,07981946,MCRAIL CONSTRUCTIONS LIMITED,G-00657,CUIG GROUP HOLDINGS LIMITED,T1 Active Hilti,,c) Civil Engineering,MEDIUM,31/03/2025,30923
2,03065752,HANOVER ELECTRICAL CONTRACTORS LIMITED,G-00667,HANOVER ELECTRICAL CONTRACTORS LIMITED,T1 Active Hilti,,b) M&E,FULL,31/07/2025,30377
2,NI011704,SHARPE MECHANICAL & ELECTRICAL SERVICES LIMITED,G-00672,SHARPE MECHANICAL & ELECTRICAL SERVICES LIMITED,T1 Active Hilti,,b) M&E,GROUP,30/09/2024,30114
2,02927566,KNIGHT BUILD LIMITED,G-00689,KNIGHT BUILD LIMITED,T1 Active Hilti,,a) Building Construction (specialist trades),FULL,31/03/2025,28408
2,06077937,OAG LIMITED,G-00692,HEXA GROUP HOLDINGS LIMITED,T1 Active Hilti,,c) Civil Engineering,MEDIUM,31/01/2026,28267
2,01033081,OPTIMA PRODUCTS LIMITED,G-00692,HEXA GROUP HOLDINGS LIMITED,T1 Active Hilti,,c) Civil Engineering,FULL,31/01/2026,28267
2,01886477,OPTIMA CONTRACTING LIMITED,G-00692,HEXA GROUP HOLDINGS LIMITED,T1 Active Hilti,,c) Civil Engineering,GROUP,31/01/2026,28267
2,11914696,F.S.H (HOLDINGS) LIMITED,G-00696,NEWAYS ASSOCIATES LIMITED,T1 Active Hilti,,a) Building Construction (specialist trades),FULL,31/12/2024,28206
2,05729185,TOPBOND HOLDINGS LIMITED,G-00700,TOPBOND HOLDINGS LIMITED,T1 Active Hilti,,a) Building Construction (specialist trades),GROUP,31/03/2025,28037
2,01204146,TOPBOND PLC,G-00700,TOPBOND HOLDINGS LIMITED,T1 Active Hilti,,a) Building Construction (specialist trades),FULL,31/03/2025,28037
2,01189060,LATCHWAYS PLC,G-00703,MSA SAFETY INC,T1 Active Hilti,,b) M&E,FULL,31/12/2024,27928
2,02691137,HCL-SAFETY LIMITED,G-00703,MSA SAFETY INC,T1 Active Hilti,,b) M&E,FULL,31/12/2024,27928
2,10147744,NEXT ENERGY SOLUTIONS LTD,G-00707,ENERGY ACQUISITIONS UK LIMITED,T1 Active Hilti,,a) Building Construction (specialist trades),FULL,31/03/2026,27763
2,01393773,COSTAIN GROUP PLC,G-00709,COSTAIN GROUP PLC,T1 Active Hilti,,c) Civil Engineering,GROUP,31/12/2025,27500
2,00786418,"COSTAIN OIL, GAS & PROCESS LIMITED",G-00709,COSTAIN GROUP PLC,T1 Active Hilti,,c) Civil Engineering,FULL,31/12/2025,27500
2,02712788,ONSITE CENTRAL LIMITED,G-00715,AQUAINVEST ACQUISITIONS LIMITED,T1 Active Hilti,,c) Civil Engineering,FULL,31/03/2025,27318
2,02645390,G STOW LIMITED,G-00715,AQUAINVEST ACQUISITIONS LIMITED,T1 Active Hilti,,c) Civil Engineering,FULL,31/03/2025,27318
2,05283349,INTEGRATED WATER SERVICES LIMITED,G-00715,AQUAINVEST ACQUISITIONS LIMITED,T1 Active Hilti,,c) Civil Engineering,FULL,31/03/2025,27318
2,04144740,OFFICE WATERCOOLERS LIMITED,G-00715,AQUAINVEST ACQUISITIONS LIMITED,T1 Active Hilti,,c) Civil Engineering,FULL,31/03/2025,27318
2,06399736,OMEGA RED HOLDINGS LIMITED,G-00715,AQUAINVEST ACQUISITIONS LIMITED,T1 Active Hilti,,c) Civil Engineering,FULL,31/03/2025,27318
2,05005341,FRANKLIN HODGE INDUSTRIES LIMITED,G-00721,LONGDON ESTATES LIMITED,T1 Active Hilti,,e) Maintenance/MRO (industrial),FULL,31/12/2024,26855
2,00618898,CARTER RETAIL EQUIPMENT LIMITED,G-00721,LONGDON ESTATES LIMITED,T1 Active Hilti,,e) Maintenance/MRO (industrial),GROUP,31/12/2024,26855
2,00176807,CARTER SYNERGY LIMITED,G-00721,LONGDON ESTATES LIMITED,T1 Active Hilti,,e) Maintenance/MRO (industrial),FULL,31/12/2024,26855
2,03907309,ADANA CONSTRUCTION LTD,G-00723,ADANA CONSTRUCTION LTD,T1 Active Hilti,,Housebuilder/Developer (U2 candidate),FULL,31/03/2025,26768
2,NI041349,THORNTON ROOFING (IRELAND) LIMITED,G-00736,THORNTON ROOFING (IRELAND) LIMITED,T1 Active Hilti,,a) Building Construction (specialist trades),FULL,31/03/2025,26319
2,01041277,TRUSTLAND CONSTRUCTION LIMITED,G-00737,TRUSTLAND HOLDINGS LTD,T1 Active Hilti,,a) Building Construction,FULL,31/03/2025,26260
2,06980311,MATTISON SCAFFOLDING LTD,G-00738,MATTISON SCAFFOLDING HOLDINGS LIMITED,T1 Active Hilti,,a) Building Construction (specialist trades),FULL,31/03/2025,26231
2,03690461,LONDON DRYWALL LIMITED,G-00742,LONDON DRYWALL LIMITED,T1 Active Hilti,,a) Building Construction (specialist trades),FULL,05/04/2025,25999
2,02321487,EAST WEST CONNECT LIMITED,G-00747,EAST WEST GROUP LIMITED,T1 Active Hilti,,b) M&E,FULL,31/03/2025,25611
2,04191875,UTS ENGINEERING LIMITED,G-00753,SHAUN SADLER HOLDINGS LIMITED,T1 Active Hilti,,e) Maintenance/MRO (industrial),FULL,31/03/2025,25117
2,05355843,UNDERPRESSURE PIPELINE SOLUTIONS LIMITED,G-00753,SHAUN SADLER HOLDINGS LIMITED,T1 Active Hilti,,e) Maintenance/MRO (industrial),SMALL,31/03/2025,25117
2,02591346,"JACKSON, JACKSON & SONS LIMITED",G-00757,"JACKSON, JACKSON & SONS LIMITED",T1 Active Hilti,,a) Building Construction,FULL,30/04/2025,24998
2,00603519,FRANK H.DALE LIMITED,G-00765,FRANK H.DALE LIMITED,T1 Active Hilti,,a) Building Construction (steel & metal),FULL,31/03/2025,24519
2,00103287,A & P FALMOUTH LIMITED,G-00768,A&P GH 2006 LIMITED,T1 Active Hilti,,e) Maintenance/MRO (industrial),FULL,31/03/2025,24460
2,05127750,A&P TYNE LIMITED,G-00768,A&P GH 2006 LIMITED,T1 Active Hilti,,e) Maintenance/MRO (industrial),FULL,31/03/2025,24460
2,03610363,G & H BUILDING SERVICES LTD.,G-00777,G & H GROUP OF COMPANIES (HOLDINGS) LIMITED,T1 Active Hilti,,b) M&E,MEDIUM,31/12/2024,24024
2,14429334,G & H GROUP OF COMPANIES (HOLDINGS) LIMITED,G-00777,G & H GROUP OF COMPANIES (HOLDINGS) LIMITED,T1 Active Hilti,,b) M&E,GROUP,31/12/2024,24024
2,NI038846,AIDAN STRAIN ELECTRICAL ENGINEERING LIMITED,G-00782,AIDAN STRAIN ELECTRICAL ENGINEERING LIMITED,T1 Active Hilti,,b) M&E,FULL,31/12/2025,23693
2,08217649,ALEKS CONSTRUCTION LTD,G-00789,ALEKS CONSTRUCTION LTD,T1 Active Hilti,,c) Civil Engineering (groundworks/demolition),TOTAL EXEMPTION FULL,30/09/2025,23296
2,10111491,SOUTHAMPTON MARINE SERVICES LIMITED,G-00791,MARINE SERVICES TOP CO LIMITED,T1 Active Hilti,,e) Maintenance/MRO (industrial),FULL,30/06/2025,23243
2,02387700,VOLKERFITZPATRICK LIMITED,G-00794,VOLKERWESSELS UK LIMITED,T1 Active Hilti,,c) Civil Engineering,GROUP,31/12/2025,23158
2,00288392,VOLKERSTEVIN LIMITED,G-00794,VOLKERWESSELS UK LIMITED,T1 Active Hilti,,c) Civil Engineering,FULL,31/12/2025,23158
2,07877543,VOLKERSTEVIN INFRASTRUCTURE LIMITED,G-00794,VOLKERWESSELS UK LIMITED,T1 Active Hilti,,c) Civil Engineering,GROUP,31/12/2025,23158
2,00638559,VOLKERHIGHWAYS LIMITED,G-00794,VOLKERWESSELS UK LIMITED,T1 Active Hilti,,c) Civil Engineering,FULL,31/12/2025,23158
2,00981398,VOLKERSTEVIN SPECIALIST BUSINESSES LIMITED,G-00794,VOLKERWESSELS UK LIMITED,T1 Active Hilti,,c) Civil Engineering,FULL,31/12/2025,23158
2,00285481,VOLKERBROOKS LIMITED,G-00794,VOLKERWESSELS UK LIMITED,T1 Active Hilti,,c) Civil Engineering,FULL,31/12/2025,23158
2,00272267,VOLKERINFRA LIMITED,G-00794,VOLKERWESSELS UK LIMITED,T1 Active Hilti,,c) Civil Engineering,FULL,31/12/2025,23158
2,01456940,VOLKERLASER HOLDINGS (UK) LIMITED,G-00794,VOLKERWESSELS UK LIMITED,T1 Active Hilti,,c) Civil Engineering,FULL,31/12/2025,23158
2,03184313,VOLKERRAIL LIMITED,G-00794,VOLKERWESSELS UK LIMITED,T1 Active Hilti,,c) Civil Engineering,FULL,31/12/2025,23158
2,03998767,VOLKERSERVICES LIMITED,G-00794,VOLKERWESSELS UK LIMITED,T1 Active Hilti,,c) Civil Engineering,FULL,31/12/2025,23158
2,01179305,VOLKERWESSELS UK LIMITED,G-00794,VOLKERWESSELS UK LIMITED,T1 Active Hilti,,c) Civil Engineering,GROUP,31/12/2025,23158
2,15557909,VOLKERWESSELS SPECIALIST BUSINESSES LIMITED,G-00794,VOLKERWESSELS UK LIMITED,T1 Active Hilti,,c) Civil Engineering,FULL,31/12/2025,23158
2,02868418,WOODFORD HEATING & ENERGY LIMITED,G-00795,WOODFORD HEATING & ENERGY TRUSTEES LIMITED,T1 Active Hilti,,b) M&E,FULL,31/01/2025,23142
2,08114350,CENTURY FACADES LIMITED,G-00798,CENTURY CONSTRUCTION GROUP LIMITED,T1 Active Hilti,,b) M&E,FULL,31/12/2024,23087
2,00406516,ANDREW SCOTT LTD.,G-00801,ANDREW SCOTT LTD.,T1 Active Hilti,,c) Civil Engineering,FULL,30/06/2025,22884
2,02752880,INDUSTRIAL CONSTRUCTION (SUSSEX) LIMITED,G-00806,TORCHLIGHT HOLDINGS LIMITED,T1 Active Hilti,,a) Building Construction (specialist trades),FULL,31/12/2025,22563
2,06130415,BENCHMARK SCAFFOLDING LTD,G-00811,BENCHMARK INVESTMENTS LTD,T1 Active Hilti,,a) Building Construction (specialist trades),FULL,30/06/2025,22265
2,02047413,CIMOLAI (UK) LIMITED,G-00813,CIMOLAI (UK) LIMITED,T1 Active Hilti,,c) Civil Engineering,GROUP,31/12/2024,22056
2,OC420899,CIMOLAI-RIMOND (UK) LLP,G-00813,CIMOLAI (UK) LIMITED,T1 Active Hilti,,c) Civil Engineering,FULL,31/12/2024,22056
2,SC272007,DEESIDE TIMBERFRAME LIMITED,G-00825,BANCON DEVELOPMENT HOLDINGS LIMITED,T1 Active Hilti,,Housebuilder/Developer (U2 candidate),FULL,31/03/2025,21287
2,SC058713,BANCON GROUP LIMITED,G-00825,BANCON DEVELOPMENT HOLDINGS LIMITED,T1 Active Hilti,,Housebuilder/Developer (U2 candidate),FULL,31/03/2025,21287
2,00769274,TRANT ENGINEERING LIMITED,G-00827,TRANT HOLDING COMPANY LTD,T1 Active Hilti,,c) Civil Engineering,FULL,31/12/2025,21256
2,12980951,TE- TECH PROCESS SOLUTIONS LIMITED,G-00827,TRANT HOLDING COMPANY LTD,T1 Active Hilti,,c) Civil Engineering,AUDIT EXEMPTION SUBSIDIARY,31/12/2024,21256
2,02503907,MANSELL BUILDING SOLUTIONS LTD,G-00829,EAS INVESTMENTS LIMITED,T1 Active Hilti,,a) Building Construction (steel & metal),FULL,31/12/2024,21199
2,01522080,A.S.M. ENGINEERING LIMITED,G-00831,A.S.M. ENGINEERING TRUSTEES LIMITED,T1 Active Hilti,,b) M&E,FULL,31/03/2025,21157
2,04459448,ROSSLEE CONSTRUCTION LTD,G-00832,A&IC HOLDINGS LTD,T1 Active Hilti,,Housebuilder/Developer (U2 candidate),FULL,30/06/2025,21153
2,02889523,MODEBEST BUILDERS LIMITED,G-00833,MODEBEST AND HEATHROW GROUP HOLDINGS LTD,T1 Active Hilti,,b) M&E,FULL,31/01/2025,21139
2,11743064,DARTFORD PRECAST LIMITED,G-00833,MODEBEST AND HEATHROW GROUP HOLDINGS LTD,T1 Active Hilti,,b) M&E,SMALL,31/01/2025,21139
2,08231117,HEATHROW PLANT (UK) LIMITED,G-00833,MODEBEST AND HEATHROW GROUP HOLDINGS LTD,T1 Active Hilti,,b) M&E,SMALL,31/01/2025,21139
2,04351579,MODEBEST GROUP HOLDINGS LIMITED,G-00833,MODEBEST AND HEATHROW GROUP HOLDINGS LTD,T1 Active Hilti,,b) M&E,SMALL,31/01/2025,21139
2,SC069644,OGILVIE CONSTRUCTION LIMITED,G-00834,OGILVIE CONSTRUCTION LIMITED,T1 Active Hilti,,a) Building Construction,FULL,30/06/2025,21107
2,04154809,OPTIMUM DRYWALL SYSTEMS LIMITED,G-00841,OPTIMUM DRYWALL SYSTEMS LIMITED,T1 Active Hilti,,a) Building Construction (interior/completion),FULL,31/03/2025,20748
2,05210283,RNW (HOLDINGS) LIMITED,G-00847,RNW GROUP LTD,T1 Active Hilti,,b) M&E,FULL,31/08/2025,20530
2,05211559,HALL & KAY FIRE SERVICES LIMITED,G-00869,JONES LANG LASALLE INCORPORATED,T1 Active Hilti,,b) M&E,FULL,31/12/2024,19867
2,05307588,INTEGRAL UK LIMITED,G-00869,JONES LANG LASALLE INCORPORATED,T1 Active Hilti,,b) M&E,FULL,31/12/2024,19867
2,01188567,JONES LANG LASALLE LIMITED,G-00869,JONES LANG LASALLE INCORPORATED,T1 Active Hilti,,b) M&E,FULL,31/12/2024,19867
2,01360130,J & B HOPKINS LIMITED,G-00879,THE J & B HOPKINS EMPLOYEE TRUSTEE COMPANY LIMITED,T1 Active Hilti,,b) M&E,FULL,31/03/2025,19485
2,SC107948,DALES ENGINEERING SERVICES LIMITED,G-00881,DALES 2002 LIMITED,T1 Active Hilti,,a) Building Construction (steel & metal),FULL,31/12/2024,19306
2,SC142670,LINEAR PROJECTS LIMITED,G-00899,LINEAR UK GROUP LIMITED,T1 Active Hilti,,b) M&E,FULL,30/09/2025,18565
2,SC607571,LINEAR UK GROUP LIMITED,G-00899,LINEAR UK GROUP LIMITED,T1 Active Hilti,,b) M&E,GROUP,30/09/2025,18565
2,SC653442,LINEAR BUILDING COMPLIANCE LIMITED,G-00899,LINEAR UK GROUP LIMITED,T1 Active Hilti,,b) M&E,SMALL,30/09/2025,18565
2,02218034,R & M ELECTRICAL GROUP LIMITED,G-00902,INTERNATIONAL ELECTRICAL INVESTMENTS LIMITED,T1 Active Hilti,,a) Building Construction (steel & metal),GROUP,31/12/2025,18418
2,03168088,R&M (FIXINGS & SUPPORTS) LIMITED,G-00902,INTERNATIONAL ELECTRICAL INVESTMENTS LIMITED,T1 Active Hilti,,a) Building Construction (steel & metal),FULL,31/12/2025,18418
2,SC086917,CHAP GROUP LIMITED,G-00911,CHAP (HOLDINGS) LTD,T1 Active Hilti,,Housebuilder/Developer (U2 candidate),FULL,30/09/2025,18128
2,SC293218,CHAP CIVIL ENGINEERING LIMITED,G-00911,CHAP (HOLDINGS) LTD,T1 Active Hilti,,Housebuilder/Developer (U2 candidate),MICRO ENTITY,30/09/2025,18128
2,02266325,DSM DEMOLITION LIMITED,G-00927,NOBEL MIDCO LTD,T1 Active Hilti,,c) Civil Engineering (groundworks/demolition),FULL,31/03/2025,17803
2,03151149,EA-RS FIRE ENGINEERING LIMITED,G-00940,EA-RS FIRE MANAGEMENT LIMITED,T1 Active Hilti,,a) Building Construction (specialist trades),FULL,30/09/2024,17260
2,03543850,EA-RS SOLUTIONS LTD,G-00940,EA-RS FIRE MANAGEMENT LIMITED,T1 Active Hilti,,a) Building Construction (specialist trades),FULL,30/09/2024,17260
2,06702659,FIRESEC COMPLIANCE LIMITED,G-00940,EA-RS FIRE MANAGEMENT LIMITED,T1 Active Hilti,,a) Building Construction (specialist trades),SMALL,30/09/2024,17260
2,09282351,UK FIRE AND SECURITY DOORS LIMITED,G-00940,EA-RS FIRE MANAGEMENT LIMITED,T1 Active Hilti,,a) Building Construction (specialist trades),SMALL,30/09/2024,17260
2,12973605,TOTUS ENGINEERING GROUP HOLDINGS LIMITED,G-00941,TOTUS ENGINEERING GROUP HOLDINGS LIMITED,T1 Active Hilti,,b) M&E,GROUP,31/12/2024,17237
2,02032689,PROGRESSIVE SYSTEMS LIMITED,G-00943,TECHUMBRE LIMITED,T1 Active Hilti,,a) Building Construction (specialist trades),FULL,30/06/2025,17187
2,07380737,PHOENIX BRICKWORK (UK) LIMITED,G-00945,PHOENIX UK GROUP LIMITED,T1 Active Hilti,,b) M&E,MEDIUM,30/09/2025,17121
2,09359480,LEGENDRE UK LIMITED,G-00949,LEGENDRE COMPANY LIMITED,T1 Active Hilti,,a) Building Construction,FULL,31/12/2025,16776
2,01988606,GMI CONSTRUCTION GROUP PLC,G-00969,HIGHGROVE GROUP PLC,T1 Active Hilti,,a) Building Construction,FULL,30/09/2025,16037
2,03044398,TILBURY DOUGLAS ENGINEERING LIMITED,G-00974,TILBURY DOUGLAS ENGINEERING LIMITED,T1 Active Hilti,,b) M&E,FULL,31/12/2025,15877
2,01215183,ALTRAD SUPPORT SERVICES LIMITED,G-00975,ALTRAD SUPPORT SERVICES LIMITED,T1 Active Hilti,,b) M&E,FULL,31/08/2025,15850
2,06341584,BANCROFT GROUP LIMITED,G-00985,BANCROFT SIP TRUSTEES LIMITED,T1 Active Hilti,,b) M&E,FULL,31/12/2024,15603
2,02907123,BANCROFT LIMITED,G-00985,BANCROFT SIP TRUSTEES LIMITED,T1 Active Hilti,,b) M&E,FULL,31/12/2024,15603
2,01980263,SKERRITT ELECTRICAL LTD.,G-00989,SKERRITT ELECTRICAL LTD.,T1 Active Hilti,,b) M&E,FULL,31/10/2025,15391
2,01632717,GEO HOULTON & SONS LIMITED,G-00994,GEO HOULTON & SONS (HOLDINGS) LIMITED,T1 Active Hilti,,a) Building Construction,FULL,29/04/2025,15222
2,02489026,HOCHTIEF (UK) CONSTRUCTION LIMITED,G-00996,HOCHTIEF (UK) CONSTRUCTION LIMITED,T1 Active Hilti,,c) Civil Engineering,FULL,31/12/2024,15151
2,SC265415,G & A BARNIE GROUP LIMITED,G-00998,G & A BARNIE GROUP HOLDINGS LIMITED,T1 Active Hilti,,b) M&E,FULL,30/04/2025,15009
2,SC686223,G & A BARNIE GROUP HOLDINGS LIMITED,G-00998,G & A BARNIE GROUP HOLDINGS LIMITED,T1 Active Hilti,,b) M&E,GROUP,30/04/2025,15009
2,00737922,COLEMAN & COMPANY LIMITED,G-01008,CNC GROUP HOLDINGS LIMITED,T1 Active Hilti,,c) Civil Engineering (groundworks/demolition),MEDIUM,30/04/2025,14775
2,04776218,CNC GROUP HOLDINGS LIMITED,G-01008,CNC GROUP HOLDINGS LIMITED,T1 Active Hilti,,c) Civil Engineering (groundworks/demolition),GROUP,30/04/2025,14775
2,07775303,COLEMAN & COMPANY PLANT HIRE LIMITED,G-01008,CNC GROUP HOLDINGS LIMITED,T1 Active Hilti,,c) Civil Engineering (groundworks/demolition),TOTAL EXEMPTION FULL,30/04/2025,14775
2,SC202412,SPL POWERLINES UK LIMITED,G-01019,SPL POWERLINES UK LIMITED,T1 Active Hilti,,b) M&E,FULL,31/12/2025,14403
2,05606089,KIER TRANSPORTATION LIMITED,G-01027,KIER GROUP PLC,T1 Active Hilti,,c) Civil Engineering,FULL,30/06/2025,14191
2,02099533,KIER CONSTRUCTION LIMITED,G-01027,KIER GROUP PLC,T1 Active Hilti,,c) Civil Engineering,FULL,30/06/2025,14191
2,01157281,KIER INFRASTRUCTURE AND OVERSEAS LIMITED,G-01027,KIER GROUP PLC,T1 Active Hilti,,c) Civil Engineering,FULL,30/06/2025,14191
2,02708030,KIER GROUP PLC,G-01027,KIER GROUP PLC,T1 Active Hilti,,c) Civil Engineering,GROUP,30/06/2025,14191
2,02624887,KIER FACILITIES SERVICES LIMITED,G-01027,KIER GROUP PLC,T1 Active Hilti,,c) Civil Engineering,FULL,30/06/2025,14191
2,00810557,KIER INTERNATIONAL LIMITED,G-01027,KIER GROUP PLC,T1 Active Hilti,,c) Civil Engineering,AUDIT EXEMPTION SUBSIDIARY,30/06/2025,14191
2,06927150,KIER NORTH TYNESIDE LIMITED,G-01027,KIER GROUP PLC,T1 Active Hilti,,c) Civil Engineering,SMALL,30/06/2024,14191
2,04233359,KIER PLANT LIMITED,G-01027,KIER GROUP PLC,T1 Active Hilti,,c) Civil Engineering,AUDIT EXEMPTION SUBSIDIARY,30/06/2025,14191
2,08881783,KIER PROFESSIONAL SERVICES LIMITED,G-01027,KIER GROUP PLC,T1 Active Hilti,,c) Civil Engineering,AUDIT EXEMPTION SUBSIDIARY,30/06/2025,14191
2,02651873,KIER SERVICES LIMITED,G-01027,KIER GROUP PLC,T1 Active Hilti,,c) Civil Engineering,GROUP,30/06/2025,14191
2,06391459,KIER STOKE LIMITED,G-01027,KIER GROUP PLC,T1 Active Hilti,,c) Civil Engineering,AUDIT EXEMPTION SUBSIDIARY,30/06/2024,14191
2,01006026,MCNICHOLAS CONSTRUCTION (HOLDINGS) LIMITED,G-01027,KIER GROUP PLC,T1 Active Hilti,,c) Civil Engineering,FULL,30/06/2025,14191
2,01510892,MCNICHOLAS CONSTRUCTION SERVICES LIMITED,G-01027,KIER GROUP PLC,T1 Active Hilti,,c) Civil Engineering,AUDIT EXEMPTION SUBSIDIARY,30/06/2025,14191
2,03460378,BOUYGUES (U.K.) LIMITED,G-01033,BOUYGUES (U.K.) LIMITED,T1 Active Hilti,,Housebuilder/Developer (U2 candidate),FULL,31/12/2025,14110
2,02770523,GRANTS OF SHOREDITCH LIMITED,G-01035,GRANTS OF SHOREDITCH LIMITED,T1 Active Hilti,,a) Building Construction,GROUP,30/06/2025,14093
2,00438134,PIGGOTT AND WHITFIELD LIMITED,G-01044,PIGGOTT AND WHITFIELD LIMITED,T1 Active Hilti,,b) M&E,FULL,31/03/2026,13869
2,NI667329,DAWSON WAM HOLDINGS LIMITED,G-01057,DAWSON WAM HOLDINGS LIMITED,T1 Active Hilti,,c) Civil Engineering,GROUP,31/12/2024,13457
2,01868307,DAWSON-WAM LTD,G-01057,DAWSON WAM HOLDINGS LIMITED,T1 Active Hilti,,c) Civil Engineering,FULL,31/12/2024,13457
2,SC047194,CAMPBELL PLANT HIRE LIMITED,G-01065,CORPACQ LIMITED,T1 Active Hilti,,b) M&E,SMALL,31/12/2025,13293
2,10702708,GLENAVON HOLDINGS LIMITED,G-01065,CORPACQ LIMITED,T1 Active Hilti,,b) M&E,FULL,31/12/2024,13293
2,07143835,GLENAVON PLUMBING & HEATING LIMITED,G-01065,CORPACQ LIMITED,T1 Active Hilti,,b) M&E,FULL,31/12/2025,13293
2,15339322,PREMIER BUILDING GROUP HOLDINGS LIMITED,G-01065,CORPACQ LIMITED,T1 Active Hilti,,b) M&E,FULL,31/12/2024,13293
2,07536232,PSF STEEL LIMITED,G-01065,CORPACQ LIMITED,T1 Active Hilti,,b) M&E,SMALL,31/12/2024,13293
2,03350268,MCCRORY BRICKWORK LIMITED,G-01067,MCCRORY BRICKWORK LIMITED,T1 Active Hilti,,a) Building Construction,FULL,31/10/2025,13237
2,04007482,COCKSEDGE BUILDING CONTRACTORS LIMITED,G-01068,NGB CONSTRUCTION EMPLOYEE OWNERSHIP TRUSTEE LIMITED,T1 Active Hilti,,Housebuilder/Developer (U2 candidate),FULL,30/06/2025,13225
2,08934710,NGB CONSTRUCTION LIMITED,G-01068,NGB CONSTRUCTION EMPLOYEE OWNERSHIP TRUSTEE LIMITED,T1 Active Hilti,,Housebuilder/Developer (U2 candidate),GROUP,31/12/2024,13225
2,02743908,PAYE STONEWORK & RESTORATION LIMITED,G-01071,PAYE STONEWORK INVESTMENTS LIMITED,T1 Active Hilti,,a) Building Construction (specialist trades),FULL,31/08/2025,13151
2,04849245,CHECKMATE FIRE SOLUTIONS LIMITED,G-01075,CHECKMATE FIRE SOLUTIONS LIMITED,T1 Active Hilti,,a) Building Construction (specialist trades),FULL,30/09/2025,13044
2,06013820,BERKELEY HOMES (SOUTHALL) LIMITED,G-01081,TBG (3) 2009 LIMITED,T1 Active Hilti,,Housebuilder/Developer (U2 candidate),FULL,30/04/2025,12861
2,12154582,CUBICWORKS LTD,G-01086,CUBICWORKS LTD,T1 Active Hilti,,b) M&E,GROUP,30/09/2025,12762
2,NI067532,FG MECHANICAL BUILDING SERVICES LIMITED,G-01089,FG MECHANICAL BUILDING SERVICES LIMITED,T1 Active Hilti,,b) M&E,FULL,30/06/2025,12711
2,04064995,SUNNYBANK PLASTERING LIMITED,G-01092,SUNNYBANK HOLDINGS LIMITED,T1 Active Hilti,,a) Building Construction (interior/completion),TOTAL EXEMPTION FULL,31/03/2025,12664
2,13486008,SUNNYBANK HOLDINGS LIMITED,G-01092,SUNNYBANK HOLDINGS LIMITED,T1 Active Hilti,,a) Building Construction (interior/completion),MICRO ENTITY,31/03/2025,12664
2,01799580,CBRE MANAGED SERVICES LIMITED,G-01098,CBRE GLOBAL ACQUISITION LIMITED,T1 Active Hilti,,e) Maintenance/MRO (facilities),FULL,31/12/2025,12610
2,03536032,CBRE LIMITED,G-01098,CBRE GLOBAL ACQUISITION LIMITED,T1 Active Hilti,,e) Maintenance/MRO (facilities),FULL,31/12/2025,12610
2,00661449,CBRE GWS LIMITED,G-01098,CBRE GLOBAL ACQUISITION LIMITED,T1 Active Hilti,,e) Maintenance/MRO (facilities),FULL,31/12/2025,12610
2,04118370,TELFORD HOMES LIMITED,G-01098,CBRE GLOBAL ACQUISITION LIMITED,T1 Active Hilti,,e) Maintenance/MRO (facilities),GROUP,31/12/2025,12610
2,09782970,TURNER & TOWNSEND HOLDINGS LIMITED,G-01098,CBRE GLOBAL ACQUISITION LIMITED,T1 Active Hilti,,e) Maintenance/MRO (facilities),GROUP,31/12/2025,12610
2,SC055889,TOUGH CONSTRUCTION LIMITED,G-01099,TOUGH CONSTRUCTION EOT LIMITED,T1 Active Hilti,,c) Civil Engineering,FULL,31/07/2025,12603
2,03215644,LONGWORTH BUILDING SERVICES LIMITED,G-01103,LONGWORTH SPECIALIST SERVICES LTD,T1 Active Hilti,,a) Building Construction (specialist trades),FULL,31/07/2025,12516
2,13291006,LONGWORTH HARD METALS LTD,G-01103,LONGWORTH SPECIALIST SERVICES LTD,T1 Active Hilti,,a) Building Construction (specialist trades),AUDIT EXEMPTION SUBSIDIARY,31/07/2025,12516
2,00916538,MORRISROE DEMOLITION LIMITED,G-01106,MWC INVESTMENTS II LIMITED,T1 Active Hilti,,c) Civil Engineering (groundworks/demolition),FULL,31/10/2025,12482
2,05017698,CANTILLON HOLDINGS LIMITED,G-01106,MWC INVESTMENTS II LIMITED,T1 Active Hilti,,c) Civil Engineering (groundworks/demolition),FULL,31/10/2025,12482
2,02034695,CONSTRUCTION MARINE LIMITED,G-01114,CONSTRUCTION MARINE LIMITED,T1 Active Hilti,,c) Civil Engineering,FULL,30/09/2025,12256
2,01302042,DUFFY CONSTRUCTION LIMITED,G-01125,DUFFY GROUP HOLDINGS LIMITED,T1 Active Hilti,,a) Building Construction,FULL,30/04/2025,11963
2,00685303,PORTAKABIN LIMITED,G-01131,PACIFIC BIDCO LIMITED,T1 Active Hilti,,a) Building Construction (specialist trades),GROUP,31/12/2024,11904
2,SC045554,PORTAKABIN (SCOTLAND) LIMITED,G-01131,PACIFIC BIDCO LIMITED,T1 Active Hilti,,a) Building Construction (specialist trades),FULL,31/12/2024,11904
2,02912200,PORTAKABIN (REFURBISHED) LIMITED,G-01131,PACIFIC BIDCO LIMITED,T1 Active Hilti,,a) Building Construction (specialist trades),FULL,31/12/2024,11904
2,08303573,INTOHEAT (HOLDINGS) LIMITED,G-01135,INTOHEAT (HOLDINGS) LIMITED,T1 Active Hilti,,b) M&E,GROUP,31/03/2025,11782
2,01069492,PADDINGTON CONSTRUCTION LIMITED,G-01148,PADDINGTON CONSTRUCTION LIMITED,T1 Active Hilti,,a) Building Construction,FULL,30/09/2024,11532
2,01058418,L.& W.WILSON(ENDMOOR)LIMITED,G-01150,L.& W.WILSON(ENDMOOR)LIMITED,T1 Active Hilti,,a) Building Construction,FULL,28/06/2025,11487
2,SC435847,SSE RENEWABLES LIMITED,G-01151,SSE PLC,T1 Active Hilti,,b) M&E,FULL,31/03/2025,11466
2,02317133,ENERVEO LIMITED,G-01151,SSE PLC,T1 Active Hilti,,b) M&E,FULL,31/03/2025,11466
2,SC117119,SSE PLC,G-01151,SSE PLC,T1 Active Hilti,,b) M&E,GROUP,31/03/2026,11466
2,10060563,SSE ENTERPRISE LIMITED,G-01151,SSE PLC,T1 Active Hilti,,b) M&E,AUDIT EXEMPTION SUBSIDIARY,31/03/2025,11466
2,02310571,SSE GENERATION LIMITED,G-01151,SSE PLC,T1 Active Hilti,,b) M&E,FULL,31/03/2025,11466
2,SC277475,SSE STOCK LIMITED,G-01151,SSE PLC,T1 Active Hilti,,b) M&E,FULL,31/03/2025,11466
2,12650549,SSE THERMAL ENERGY HOLDINGS LIMITED,G-01151,SSE PLC,T1 Active Hilti,,b) M&E,AUDIT EXEMPTION SUBSIDIARY,31/03/2025,11466
2,02764438,SSEPG (OPERATIONS) LIMITED,G-01151,SSE PLC,T1 Active Hilti,,b) M&E,AUDIT EXEMPTION SUBSIDIARY,31/03/2025,11466
2,SC073177,MACKENZIE CONSTRUCTION LIMITED,G-01156,MACKENZIE CONSTRUCTION LIMITED,T1 Active Hilti,,c) Civil Engineering,FULL,31/03/2025,11400
2,03909595,NORTHFIELD CONSTRUCTION LIMITED,G-01160,NORTHFIELD CONSTRUCTION LIMITED,T1 Active Hilti,,a) Building Construction (specialist trades),FULL,30/09/2025,11264
2,02566474,CONCEPT BUILDING SERVICES LIMITED,G-01162,CONCEPT BUILDING SERVICES LIMITED,T1 Active Hilti,,a) Building Construction (interior/completion),MICRO ENTITY,31/03/2025,11227
2,00983459,JONES BROS. RUTHIN (CIVIL ENGINEERING) CO. LIMITED,G-01164,JONES BROS. RUTHIN CO. LTD,T1 Active Hilti,,c) Civil Engineering,FULL,31/03/2025,11115
2,10735268,OCTAVIUS INFRASTRUCTURE LTD.,G-01175,OCTAVIUS INFRASTRUCTURE LTD.,T1 Active Hilti,,a) Building Construction,GROUP,31/03/2025,11003
2,00158677,J.H.SHOUKSMITH & SONS LIMITED,G-01181,SHOUKSMITH HOLDINGS LIMITED,T1 Active Hilti,,b) M&E,FULL,31/12/2024,10838
2,05759393,LINDNER PRATER LIMITED,G-01182,LINDNER PRATER LIMITED,T1 Active Hilti,,a) Building Construction,FULL,31/12/2024,10814
2,05352888,TRITON CONSTRUCTION LIMITED,G-01185,TRITON CONSTRUCTION LIMITED,T1 Active Hilti,,a) Building Construction,FULL,31/03/2025,10791
2,11144959,JOHN DUNN LTD,G-01187,JOHN DUNN LTD,T1 Active Hilti,,a) Building Construction (specialist trades),TOTAL EXEMPTION FULL,31/01/2025,10783
2,00849433,D & R GROUP PLC,G-01189,D & R GROUP PLC,T1 Active Hilti,,a) Building Construction (specialist trades),FULL,31/05/2025,10735
2,03869897,BARNFIELD ENGINEERING SERVICES LIMITED,G-01190,C&R ENGINEERING LIMITED,T1 Active Hilti,,b) M&E,FULL,30/06/2025,10713
2,08116345,MOORTOWN GROUP LIMITED,G-01195,MCMANUS GROUP HOLDINGS LIMITED,T1 Active Hilti,,c) Civil Engineering,MEDIUM,31/05/2025,10637
2,00454398,WORLEY FIELD SERVICES LIMITED,G-01200,WORLEY EUROPE LTD,T1 Active Hilti,,a) Building Construction (specialist trades),FULL,30/06/2024,10550
2,03371550,WORLEY EUROPE SERVICES LIMITED,G-01200,WORLEY EUROPE LTD,T1 Active Hilti,,a) Building Construction (specialist trades),FULL,30/06/2025,10550
2,04334425,WORLEY EUROPE LTD,G-01200,WORLEY EUROPE LTD,T1 Active Hilti,,a) Building Construction (specialist trades),FULL,30/06/2025,10550
2,05390125,OFP TIMBER FRAMED HOMES LTD,G-01215,CHARTWAY GROUP LIMITED,T1 Active Hilti,,c) Civil Engineering,FULL,31/12/2023,10275
2,10401411,CHARTWAY CIVIL ENGINEERING LIMITED,G-01215,CHARTWAY GROUP LIMITED,T1 Active Hilti,,c) Civil Engineering,FULL,31/05/2024,10275
2,07083543,COLLINS DESIGN AND BUILD LIMITED,G-01217,COLLINS DESIGN AND BUILD LIMITED,T1 Active Hilti,,a) Building Construction,FULL,31/03/2025,10249
2,02169815,DAVID ANDREWS (CONSTRUCTION) LIMITED,G-01218,DAC MANAGEMENT SERVICES LIMITED,T1 Active Hilti,,a) Building Construction (interior/completion),FULL,31/10/2025,10217
2,01074194,"P. CASEY & CO., LIMITED",G-01220,THE CASEY GROUP LIMITED,T1 Active Hilti,,b) M&E,FULL,31/07/2025,10146
2,04233269,THE CASEY GROUP LIMITED,G-01220,THE CASEY GROUP LIMITED,T1 Active Hilti,,b) M&E,GROUP,31/07/2025,10146
2,04487555,R.N. WOOLER & CO (HOLDINGS) LIMITED,G-01223,R.N. WOOLER & CO (HOLDINGS) LIMITED,T1 Active Hilti,,a) Building Construction,GROUP,31/12/2025,10087
2,00444313,ENIGMA INDUSTRIAL SERVICES LTD,G-01227,ENIGMA INDUSTRIAL SERVICES HOLDINGS LTD,T1 Active Hilti,,c) Civil Engineering,FULL,31/12/2025,10026
2,00327454,HAROLD NEWSOME LIMITED,G-01235,HAROLD NEWSOME GROUP LIMITED,T1 Active Hilti,,a) Building Construction (steel & metal),FULL,31/03/2025,9875
2,05637448,READ CONSTRUCTION GROUP LIMITED,G-01244,READ CONSTRUCTION UK LIMITED,T1 Active Hilti,,Housebuilder/Developer (U2 candidate),FULL,31/03/2025,9739
2,05536599,ARC GROUP LONDON LIMITED,G-01257,ARC GROUP HOLDINGS LIMITED,T1 Active Hilti,,b) M&E,MEDIUM,31/08/2025,9344
2,12550867,ARC GROUP HOLDINGS LIMITED,G-01257,ARC GROUP HOLDINGS LIMITED,T1 Active Hilti,,b) M&E,GROUP,31/08/2025,9344
2,13045101,FLAHIVE BRICKWORK HOLDINGS LIMITED,G-01263,FLAHIVE BRICKWORK HOLDINGS LIMITED,T1 Active Hilti,,a) Building Construction,GROUP,31/01/2026,9260
2,01954821,ENABLE INFRASTRUCTURE LIMITED,G-01264,ENABLE INVESTMENT HOLDINGS LIMITED,T1 Active Hilti,,c) Civil Engineering,FULL,31/03/2025,9222
2,09480034,ENABLE DESIGN SERVICES LIMITED,G-01264,ENABLE INVESTMENT HOLDINGS LIMITED,T1 Active Hilti,,c) Civil Engineering,SMALL,31/03/2025,9222
2,01889657,SHIELD ENVIRONMENTAL SERVICES LIMITED,G-01267,SHIELD ENVIRONMENTAL HOLDINGS LIMITED,T1 Active Hilti,,e) Maintenance/MRO (industrial),FULL,31/07/2025,9137
2,00258810,J.T.MACKLEY & CO.LIMITED,G-01293,VAN OORD DREDGING AND MARINE CONTRACTORS BV,T1 Active Hilti,,c) Civil Engineering,FULL,29/12/2024,8783
2,09107157,CRL SURVEYS LIMITED,G-01303,CENTURA GROUP LIMITED,T1 Active Hilti,,a) Building Construction (specialist trades),SMALL,30/06/2025,8672
2,00781062,CONCRETE REPAIRS LIMITED,G-01303,CENTURA GROUP LIMITED,T1 Active Hilti,,a) Building Construction (specialist trades),FULL,30/06/2025,8672
2,SC057058,VIPOND FIRE PROTECTION LIMITED,G-01307,CHUBB LIMITED,T1 Active Hilti,,a) Building Construction (specialist trades),FULL,31/12/2023,8652
2,00524469,CHUBB FIRE & SECURITY LIMITED,G-01307,CHUBB LIMITED,T1 Active Hilti,,a) Building Construction (specialist trades),FULL,31/12/2024,8652
2,00134210,CHUBB FIRE LIMITED,G-01307,CHUBB LIMITED,T1 Active Hilti,,a) Building Construction (specialist trades),FULL,31/12/2024,8652
2,SC178102,PEGASUS FIRE PROTECTION COMPANY LIMITED,G-01320,PEGASUS FIRE PROTECTION COMPANY LIMITED,T1 Active Hilti,,a) Building Construction,FULL,31/08/2025,8393
2,03376202,OPENVIEW SECURITY SOLUTIONS LIMITED,G-01324,OPENVIEW GROUP LIMITED,T1 Active Hilti,,b) M&E,FULL,31/03/2025,8328
2,05114513,OPENVIEW GROUP LIMITED,G-01324,OPENVIEW GROUP LIMITED,T1 Active Hilti,,b) M&E,GROUP,31/03/2025,8328
2,06771648,WESTBOURNE CIVIL ENGINEERING LIMITED,G-01328,WESTBOURNE CIVIL ENGINEERING LIMITED,T1 Active Hilti,,a) Building Construction (specialist trades),FULL,31/12/2024,8240
2,03808946,MULTIPLEX CONSTRUCTION EUROPE LIMITED,G-01331,MULTIPLEX EUROPE LIMITED,T1 Active Hilti,,a) Building Construction (specialist trades),FULL,31/12/2025,8216
2,06552957,TRACKWORK GROUP LIMITED,G-01336,TRACKWORK GROUP LIMITED,T1 Active Hilti,,a) Building Construction (specialist trades),GROUP,30/09/2025,8101
2,05779626,LORCLON LIMITED,G-01337,LORCLON LIMITED,T1 Active Hilti,,c) Civil Engineering,FULL,31/03/2025,8098
2,00607575,BANNER PLANT LIMITED,G-01339,HENRY BOOT PLC,T1 Active Hilti,,a) Building Construction (specialist trades),FULL,31/12/2024,8043
2,00160996,HENRY BOOT PLC,G-01339,HENRY BOOT PLC,T1 Active Hilti,,a) Building Construction (specialist trades),GROUP,31/12/2025,8043
2,SC162759,DAVID HARDIE ENGINEERING LTD.,G-01344,HARDIE HOLDINGS LTD,T1 Active Hilti,,Housebuilder/Developer (U2 candidate),FULL,31/03/2025,7936
2,00797565,D. MORGAN PLC,G-01350,D. MORGAN PLC,T1 Active Hilti,,c) Civil Engineering,FULL,31/05/2025,7827
2,03498835,DRAGADOS UK LIMITED,G-01357,ACS ACTIVADDES DE CONSTRUCCION Y SERVICES SA,T1 Active Hilti,,c) Civil Engineering,FULL,31/12/2024,7776
2,05405140,ANGLIAN DEMOLITION & ASBESTOS LIMITED,G-01364,ANGLIAN WASTE RECYCLING GROUP LIMITED,T1 Active Hilti,,c) Civil Engineering (groundworks/demolition),FULL,30/11/2024,7675
2,SC042401,VEITCHI INTERIORS LIMITED,G-01368,VEITCHI INTERIORS LIMITED,T1 Active Hilti,,a) Building Construction,FULL,30/11/2025,7637
2,12057929,PHOENIX ELECTRICAL GROUP LIMITED,G-01372,PHOENIX ELECTRICAL GROUP LIMITED,T1 Active Hilti,,a) Building Construction (specialist trades),TOTAL EXEMPTION FULL,30/06/2025,7605
2,07085326,HOWORTH AIR TECHNOLOGY LIMITED,G-01376,HOWORTH AIR TECHNOLOGY LIMITED,T1 Active Hilti,,a) Building Construction (steel & metal),GROUP,31/12/2024,7567
2,NI055434,TARANTO LIMITED,G-01380,TARANTO LIMITED,T1 Active Hilti,,a) Building Construction (specialist trades),FULL,31/10/2024,7522
2,02591237,VIRGIN MEDIA LIMITED,G-01382,GENERAL CABLE LIMITED,T1 Active Hilti,,c) Civil Engineering,FULL,31/12/2024,7497
2,03076222,NTL BUSINESS LIMITED,G-01382,GENERAL CABLE LIMITED,T1 Active Hilti,,c) Civil Engineering,FILING EXEMPTION SUBSIDIARY,31/12/2025,7497
2,02514287,VIRGIN MEDIA WHOLESALE LIMITED,G-01382,GENERAL CABLE LIMITED,T1 Active Hilti,,c) Civil Engineering,FULL,31/12/2024,7497
2,03146195,C.F. ROBERTS (ELECTRICAL CONTRACTORS) LIMITED,G-01388,CFR INVESTMENTS LIMITED,T1 Active Hilti,,b) M&E,MEDIUM,31/10/2025,7430
2,07012921,CFR INVESTMENTS LIMITED,G-01388,CFR INVESTMENTS LIMITED,T1 Active Hilti,,b) M&E,GROUP,31/10/2025,7430
2,00944470,RICHARDSON & STARLING (NORTHERN) LIMITED,G-01391,RICHARDSON & STARLING (NORTHERN) LIMITED,T1 Active Hilti,,a) Building Construction (specialist trades),FULL,30/11/2025,7415
2,SC068593,FRONT LINE CONSTRUCTION LIMITED,G-01392,FRONT LINE CONSTRUCTION LIMITED,T1 Active Hilti,,a) Building Construction,FULL,31/01/2025,7402
2,02732546,GRATTE BROTHERS GROUP LIMITED,G-01399,GRATTE BROTHERS GROUP LIMITED,T1 Active Hilti,,b) M&E,GROUP,31/03/2025,7280
2,01224662,ESSEX SERVICES GROUP LIMITED,G-01402,ESSEX GROUP HOLDINGS INTERNATIONAL LIMITED,T1 Active Hilti,,b) M&E,FULL,31/12/2025,7265
2,02070346,SULZER PUMPS (UK) LIMITED,G-01413,SULZER (UK) HOLDINGS LIMITED,T1 Active Hilti,,e) Maintenance/MRO (industrial),FULL,31/12/2025,7168
2,00270442,SULZER SERVICES (UK) LIMITED,G-01413,SULZER (UK) HOLDINGS LIMITED,T1 Active Hilti,,e) Maintenance/MRO (industrial),FULL,31/12/2025,7168
2,03347095,SULZER (UK) HOLDINGS LIMITED,G-01413,SULZER (UK) HOLDINGS LIMITED,T1 Active Hilti,,e) Maintenance/MRO (industrial),FULL,31/12/2025,7168
2,02447926,SULZER PUMPS WASTEWATER UK LIMITED,G-01413,SULZER (UK) HOLDINGS LIMITED,T1 Active Hilti,,e) Maintenance/MRO (industrial),FULL,31/12/2025,7168
2,02707042,WALTERS U.K. LIMITED,G-01425,G. WALTERS (HOLDINGS) LIMITED,T1 Active Hilti,,a) Building Construction,FULL,28/02/2025,7051
2,01993246,WALTERS ENVIRONMENTAL LIMITED,G-01425,G. WALTERS (HOLDINGS) LIMITED,T1 Active Hilti,,a) Building Construction,SMALL,28/02/2025,7051
2,01435273,RAYMOND WOOD (COMMERCIAL) LIMITED,G-01428,LANCASHIRE DOUBLE GLAZING GROUP LIMITED,T1 Active Hilti,,a) Building Construction (interior/completion),MEDIUM,31/12/2024,7027
2,02309348,LANCASHIRE DOUBLE GLAZING GROUP LIMITED,G-01428,LANCASHIRE DOUBLE GLAZING GROUP LIMITED,T1 Active Hilti,,a) Building Construction (interior/completion),GROUP,31/12/2024,7027
2,00415632,A E YATES LIMITED,G-01429,A E YATES (EOT) LIMITED,T1 Active Hilti,,c) Civil Engineering,GROUP,31/08/2025,7025
2,08326109,J MCCANN & CO LIMITED,G-01445,MCCANN HOLDINGS LIMITED,T1 Active Hilti,,c) Civil Engineering,FULL,31/12/2025,6856
2,01059082,MCCANN GROUP LIMITED,G-01445,MCCANN HOLDINGS LIMITED,T1 Active Hilti,,c) Civil Engineering,MEDIUM,31/12/2025,6856
2,03978094,ENGLISH ARCHITECTURAL GLAZING LIMITED,G-01447,HAMSARD 3540 LIMITED,T1 Active Hilti,,b) M&E,FULL,31/12/2023,6841
2,07098218,ENGENDA GROUP LIMITED,G-01448,ENGENDA GROUP LIMITED,T1 Active Hilti,,a) Building Construction (specialist trades),FULL,31/12/2024,6826
2,02689988,ALLTASK LIMITED,G-01451,ALLTASK LIMITED,T1 Active Hilti,,a) Building Construction (specialist trades),FULL,31/03/2026,6817
2,00208517,J.B.CORRIE AND COMPANY LIMITED,G-01458,J.B.CORRIE AND COMPANY LIMITED,T1 Active Hilti,,a) Building Construction (steel & metal),FULL,31/12/2025,6648
2,SC055449,MUIR CONSTRUCTION LIMITED,G-01470,MUIR CONSTRUCTION LIMITED,T1 Active Hilti,,a) Building Construction,FULL,01/02/2026,6554
2,01169341,CENTREGREAT LIMITED,G-01473,CENTREGREAT TRADE LIMITED,T1 Active Hilti,,b) M&E,FULL,31/05/2025,6515
2,03591105,JSM GROUP SERVICES LIMITED,G-01484,JSM BIDCO LIMITED,T1 Active Hilti,,c) Civil Engineering,FULL,31/12/2024,6325
2,03286059,TECHNICARE LTD T/AS BLYTH GROUP LTD,G-01490,BLYTH GROUP HOLDINGS LIMITED,T1 Active Hilti,,Housebuilder/Developer (U2 candidate),FULL,31/03/2025,6300
2,NI040434,MICHAEL NUGENT LTD,G-01511,MICHAEL NUGENT LTD,T1 Active Hilti,,b) M&E,GROUP,30/09/2025,6080
2,12590255,ALLIANCE GROUNDWORKS AND CIVILS LIMITED,G-01524,ALLIANCE GROUNDWORKS AND CIVILS LIMITED,T1 Active Hilti,,c) Civil Engineering (groundworks/demolition),FULL,30/11/2025,5803
2,00264322,BETHELL CONSTRUCTION LIMITED,G-01527,BETHELL PROPERTY SERVICES LTD,T1 Active Hilti,,c) Civil Engineering,FULL,30/09/2025,5785
2,02898593,BUXTED CONSTRUCTION LIMITED,G-01532,BUXTED CONSTRUCTION LIMITED,T1 Active Hilti,,a) Building Construction (domestic) / U2 candidate,FULL,31/07/2025,5735
2,00653735,MS INTERNATIONAL PLC,G-01543,MS INTERNATIONAL PLC,T1 Active Hilti,,a) Building Construction (steel & metal),GROUP,30/04/2025,5612
2,02197909,MSI - QUALITY FORGINGS LIMITED,G-01543,MS INTERNATIONAL PLC,T1 Active Hilti,,a) Building Construction (steel & metal),MICRO ENTITY,30/04/2025,5612
2,00982241,CHEMPLAS LIMITED,G-01544,MCG HOLDCO LIMITED,T1 Active Hilti,,a) Building Construction (specialist trades),FULL,31/12/2025,5606
2,06983757,J B CONSTRUCTION 1 LIMITED,G-01545,J B CONSTRUCTION 1 LIMITED,T1 Active Hilti,,a) Building Construction,FULL,31/12/2024,5596
2,SC191842,MCCONNELL LIMITED,G-01548,MCCONNELL GROUP HOLDINGS LIMITED,T1 Active Hilti,,b) M&E,FULL,30/04/2026,5557
2,02764092,APOLLO CRADLES LIMITED,G-01549,APOLLO ACCESS HOLDINGS LTD,T1 Active Hilti,,a) Building Construction (specialist trades),FULL,31/03/2025,5557
2,01348218,LORNE STEWART PLC,G-01552,LSRM HOLDINGS LTD,T1 Active Hilti,,b) M&E,FULL,31/12/2025,5524
2,01449438,ROTARY BUILDING SERVICES LTD,G-01552,LSRM HOLDINGS LTD,T1 Active Hilti,,b) M&E,FULL,31/12/2025,5524
2,00368625,ROTARY SOUTHERN LIMITED,G-01552,LSRM HOLDINGS LTD,T1 Active Hilti,,b) M&E,SMALL,31/12/2024,5524
2,05280899,BALCO BALCONY SYSTEMS LIMITED,G-01557,BALCO GROUP AB,T1 Active Hilti,,a) Building Construction (interior/completion),FULL,31/12/2025,5466
2,10296542,ERBAY UK LTD,G-01558,ERBAY UK LTD,T1 Active Hilti,,a) Building Construction (steel & metal),FULL,31/12/2025,5463
2,01878311,PLANET CONTRACTING LIMITED,G-01564,PLANET CONTRACTING LIMITED,T1 Active Hilti,,a) Building Construction (interior/completion),FULL,31/12/2025,5414
2,03520336,G & A FIRE PROTECTION LIMITED,G-01571,G & A FIRE PROTECTION TRUSTEES LIMITED,T1 Active Hilti,,b) M&E,FULL,31/12/2024,5324
2,01642561,CHRIS BOWKER LIMITED,G-01573,CHRIS BOWKER LIMITED,T1 Active Hilti,,b) M&E,FULL,31/05/2025,5316
2,10719054,EVERTON STADIUM DEVELOPMENT LIMITED,G-01579,"EVERTON FOOTBALL CLUB COMPANY, LIMITED",T1 Active Hilti,,Housebuilder/Developer (U2 candidate),SMALL,30/06/2025,5270
2,01176225,A COPELAND GROUP LIMITED,G-01583,ACGL HOLDINGS LIMITED,T1 Active Hilti,,b) M&E,FULL,31/05/2025,5253
2,03106982,ROSE BUILDERS LTD,G-01585,ROSE GROUP LIMITED,T1 Active Hilti,,Housebuilder/Developer (U2 candidate),FULL,31/03/2025,5246
2,11983830,ADSTONE CONSTRUCTION GROUP LTD,G-01587,ADSTONE CONSTRUCTION GROUP LTD,T1 Active Hilti,,a) Building Construction,GROUP,31/12/2024,5244
2,09876352,BAXTER KELLY LTD,G-01590,BAXTER KELLY LTD,T1 Active Hilti,,a) Building Construction (domestic) / U2 candidate,MEDIUM,31/05/2024,5212
2,06679409,AMEON UTILITIES LIMITED,G-01591,AMEON UTILITIES (GROUP) LIMITED,T1 Active Hilti,,b) M&E,FULL,31/03/2025,5196
2,03893139,CONNECT SCAFFOLDING LIMITED,G-01592,CONNECT TRUSTEES LIMITED,T1 Active Hilti,,a) Building Construction (specialist trades),FULL,31/01/2025,5189
2,00525842,SEWELL CONSTRUCTION LIMITED,G-01594,SEWELL VENTURES LTD,T1 Active Hilti,,a) Building Construction,FULL,31/12/2024,5175
2,01745436,LLORET CONTROL SYSTEMS LIMITED,G-01599,LLORET EOT LIMITED,T1 Active Hilti,,b) M&E,FULL,31/12/2025,5123
2,08711174,A PLUS BRICKWORK LTD,G-01600,A PLUS BRICKWORK LTD,T1 Active Hilti,,a) Building Construction,TOTAL EXEMPTION FULL,30/09/2025,5095
2,12946279,CUBIC GROUP LTD,G-01609,CUBIC GROUP LTD,T1 Active Hilti,,a) Building Construction (domestic) / U2 candidate,UNAUDITED ABRIDGED,30/09/2025,4986
2,01143519,WALCON MARINE LIMITED,G-01610,WALCON LIMITED,T1 Active Hilti,,c) Civil Engineering,FULL,30/04/2025,4971
2,03419833,ELECTRA-NET (UK) LIMITED,G-01614,CAPITA PLC,T1 Active Hilti,,b) M&E,TOTAL EXEMPTION FULL,31/12/2024,4923
2,06027254,CAPITA HOLDINGS LIMITED,G-01614,CAPITA PLC,T1 Active Hilti,,b) M&E,FULL,31/12/2025,4923
2,06002593,CAPITA IT SERVICES HOLDINGS LIMITED,G-01614,CAPITA PLC,T1 Active Hilti,,b) M&E,TOTAL EXEMPTION FULL,31/12/2025,4923
2,02018542,CAPITA PROPERTY AND INFRASTRUCTURE LIMITED,G-01614,CAPITA PLC,T1 Active Hilti,,b) M&E,TOTAL EXEMPTION FULL,31/12/2025,4923
2,02275625,COMPUTERLAND UK LIMITED,G-01614,CAPITA PLC,T1 Active Hilti,,b) M&E,TOTAL EXEMPTION FULL,31/12/2024,4923
2,03478909,BRIDGEWAY CONSULTING LIMITED,G-01622,BRIDGEWAY CONSULTING (HOLDINGS) LIMITED,T1 Active Hilti,,c) Civil Engineering,FULL,31/12/2024,4831
2,01044173,HURST STORES AND INTERIORS LIMITED,G-01627,HURST GROUP (NORTHERN) LIMITED,T1 Active Hilti,,a) Building Construction (specialist trades),SMALL,31/03/2025,4776
2,02911969,HURST GROUP (NORTHERN) LIMITED,G-01627,HURST GROUP (NORTHERN) LIMITED,T1 Active Hilti,,a) Building Construction (specialist trades),GROUP,31/03/2025,4776
2,04344380,A2O LIMITED,G-01629,A2O LIMITED,T1 Active Hilti,,a) Building Construction (interior/completion),FULL,31/12/2024,4750
2,10765048,NPSG UK LIMITED,G-01636,NPSG UK LIMITED,T1 Active Hilti,,a) Building Construction (interior/completion),SMALL,31/12/2024,4662
2,01270837,HW MARTIN FENCING AND FORESTRY LIMITED,G-01638,HW MARTIN HOLDINGS LIMITED,T1 Active Hilti,,c) Civil Engineering,AUDIT EXEMPTION SUBSIDIARY,31/07/2025,4655
2,03843329,H W MARTIN WASTE LIMITED,G-01638,HW MARTIN HOLDINGS LIMITED,T1 Active Hilti,,c) Civil Engineering,FULL,31/07/2025,4655
2,02941889,HW MARTIN HOLDINGS LIMITED,G-01638,HW MARTIN HOLDINGS LIMITED,T1 Active Hilti,,c) Civil Engineering,GROUP,31/07/2025,4655
2,00112626,"QUALTER, HALL & COMPANY LIMITED",G-01648,"QUALTER, HALL HOLDINGS LIMITED",T1 Active Hilti,,a) Building Construction (steel & metal),FULL,31/12/2024,4546
2,11834704,DE GROUP CONTRACTING (HOLDINGS) LIMITED,G-01663,DEGC (HOLDINGS) LTD,T1 Active Hilti,,a) Building Construction (specialist trades),FULL,31/10/2025,4431
2,13150196,DEGC (HOLDINGS) LTD,G-01663,DEGC (HOLDINGS) LTD,T1 Active Hilti,,a) Building Construction (specialist trades),GROUP,31/10/2025,4431
2,07452893,ARROWCRUIT HOLDINGS LIMITED,G-01685,ARROWCRUIT HOLDINGS LIMITED,T1 Active Hilti,,a) Building Construction (domestic) / U2 candidate,GROUP,31/12/2024,4320
2,07073437,ARROWBUILD & CIVIL ENGINEERING LIMITED,G-01685,ARROWCRUIT HOLDINGS LIMITED,T1 Active Hilti,,a) Building Construction (domestic) / U2 candidate,FULL,31/12/2024,4320
2,04180810,TNV CONSTRUCTION LIMITED,G-01686,KANVEL HOLDINGS LTD,T1 Active Hilti,,a) Building Construction,FULL,31/03/2025,4302
2,03851892,EUROSAFE SOLUTIONS LIMITED,G-01693,EUROSAFE SOLUTIONS LIMITED,T1 Active Hilti,,b) M&E,GROUP,30/06/2025,4197
2,03223165,CALJAN LIMITED,G-01698,INVESTMENT AB LATOUR (PUBL),T1 Active Hilti,,e) Maintenance/MRO (industrial),FULL,31/12/2024,4145
2,OC317729,CADMAN AND SON LLP,G-01700,C.M. CADMAN GROUP LIMITED (THE),T1 Active Hilti,,a) Building Construction,SMALL,31/03/2025,4117
2,01217969,C.M. CADMAN GROUP LIMITED (THE),G-01700,C.M. CADMAN GROUP LIMITED (THE),T1 Active Hilti,,a) Building Construction,GROUP,31/03/2025,4117
2,09452063,PINNACLE GROUP HOLDINGS LIMITED,G-01704,PINNACLE GROUP HOLDINGS LIMITED,T1 Active Hilti,,c) Civil Engineering,GROUP,31/03/2025,4084
2,03208361,PINNACLE CONSULTING ENGINEERS LIMITED,G-01704,PINNACLE GROUP HOLDINGS LIMITED,T1 Active Hilti,,c) Civil Engineering,FULL,31/03/2025,4084
2,13579176,WINTECH ENGINEERING LIMITED,G-01705,WINTECH GROUP LIMITED,T1 Active Hilti,,c) Civil Engineering,SMALL,31/03/2025,4082
2,00129834,WILLIAM BIRCH & SONS LIMITED,G-01706,WILLIAM BIRCH HOLDINGS LIMITED,T1 Active Hilti,,a) Building Construction,FULL,31/12/2025,4082
2,02811275,WINTECH GROUP LIMITED,G-01705,WINTECH GROUP LIMITED,T1 Active Hilti,,c) Civil Engineering,GROUP,31/03/2025,4082
2,SC174699,MARSHALL CONSTRUCTION LIMITED,G-01707,MARSHALL CONSTRUCTION LIMITED,T1 Active Hilti,,a) Building Construction,GROUP,31/07/2025,4052
2,SC019963,VEITCHI FLOORING LIMITED,G-01711,VEITCHI FLOORING LIMITED,T1 Active Hilti,,a) Building Construction (interior/completion),FULL,30/11/2025,3974
2,01899061,MURRILL CONSTRUCTION LIMITED,G-01714,MURRILL HOLDINGS LIMITED,T1 Active Hilti,,c) Civil Engineering,FULL,30/09/2025,3944
2,02699545,RAINTON CONSTRUCTION LIMITED,G-01716,MGL GROUP LIMITED,T1 Active Hilti,,c) Civil Engineering,FULL,31/03/2025,3939
2,01051184,M.G.L. DEMOLITION LIMITED,G-01716,MGL GROUP LIMITED,T1 Active Hilti,,c) Civil Engineering,FULL,31/03/2025,3939
2,02982870,GAS WORLD LTD,G-01721,GW HOLDINGS (BRISTOL) LTD,T1 Active Hilti,,b) M&E,FULL,31/10/2025,3896
2,04410202,ARROW INDUSTRIAL GROUP LIMITED,G-01722,ARROW INDUSTRIAL GROUP LIMITED,T1 Active Hilti,,a) Building Construction (interior/completion),FULL,30/09/2025,3881
2,03129904,M.J.S. CONSTRUCTION (MARCH) LIMITED,G-01725,MJS HOLDINGS (MARCH) LTD,T1 Active Hilti,,a) Building Construction,FULL,31/12/2024,3836
2,01581523,TCLARKE SERVICES LIMITED,G-01729,TCLARKE PLC,T1 Active Hilti,,b) M&E,FULL,31/03/2026,3817
2,00189434,TCLARKE CONTRACTING LIMITED,G-01729,TCLARKE PLC,T1 Active Hilti,,b) M&E,FULL,31/03/2026,3817
2,00119351,TCLARKE PLC,G-01729,TCLARKE PLC,T1 Active Hilti,,b) M&E,FULL,31/03/2025,3817
2,05733095,BROGAN GROUP LTD,G-01733,BROGAN GROUP HOLDINGS LTD,T1 Active Hilti,,a) Building Construction (specialist trades),FULL,31/12/2024,3804
2,03209293,STAGE ELECTRICS PARTNERSHIP LIMITED,G-01734,STAGE ELECTRICS GROUP LIMITED,T1 Active Hilti,,b) M&E,FULL,31/07/2025,3797
2,08245994,STAGE ELECTRICS GROUP LIMITED,G-01734,STAGE ELECTRICS GROUP LIMITED,T1 Active Hilti,,b) M&E,GROUP,31/07/2025,3797
2,13441361,SIZE GROUP STRUCTURES LTD,G-01742,SIZE GROUP LTD,T1 Active Hilti,,a) Building Construction (specialist trades),SMALL,31/12/2024,3767
2,10486436,SIZE GROUP LTD,G-01742,SIZE GROUP LTD,T1 Active Hilti,,a) Building Construction (specialist trades),GROUP,31/12/2024,3767
2,03421543,OCU SERVICES LIMITED,G-01744,OAT BIDCO LIMITED,T1 Active Hilti,,a) Building Construction (specialist trades),FULL,30/04/2025,3764
2,02347181,OCU HORNBILL LIMITED,G-01744,OAT BIDCO LIMITED,T1 Active Hilti,,a) Building Construction (specialist trades),FULL,30/04/2025,3764
2,02516226,OCU NORTHAVON GROUP LIMITED,G-01744,OAT BIDCO LIMITED,T1 Active Hilti,,a) Building Construction (specialist trades),FULL,30/04/2025,3764
2,09307607,OCU GROUP LTD,G-01744,OAT BIDCO LIMITED,T1 Active Hilti,,a) Building Construction (specialist trades),GROUP,30/04/2025,3764
2,SC028565,R.J. MCLEOD (CONTRACTORS) LIMITED,G-01744,OAT BIDCO LIMITED,T1 Active Hilti,,a) Building Construction (specialist trades),GROUP,29/04/2025,3764
2,00719464,R W ARMSTRONG & SONS LIMITED,G-01764,R W ARMSTRONG HOLDINGS LIMITED,T1 Active Hilti,,a) Building Construction (domestic) / U2 candidate,FULL,31/03/2025,3624
2,07023025,DALKIA ENERGY SERVICES LIMITED,G-01765,EDF ENERGY LIMITED,T1 Active Hilti,,b) M&E,FULL,31/12/2025,3615
2,09752439,DALKIA GROUP LIMITED,G-01765,EDF ENERGY LIMITED,T1 Active Hilti,,b) M&E,GROUP,31/12/2025,3615
2,06275653,DALKIA OPERATIONS LIMITED,G-01765,EDF ENERGY LIMITED,T1 Active Hilti,,b) M&E,FULL,31/12/2025,3615
2,10275207,EDF ENERGY SERVICES LIMITED,G-01765,EDF ENERGY LIMITED,T1 Active Hilti,,b) M&E,FULL,31/12/2025,3615
2,06731507,LEVEN ENERGY SERVICES LIMITED,G-01765,EDF ENERGY LIMITED,T1 Active Hilti,,b) M&E,AUDIT EXEMPTION SUBSIDIARY,31/12/2025,3615
2,08938560,MSS CLEAN TECHNOLOGY LIMITED,G-01765,EDF ENERGY LIMITED,T1 Active Hilti,,b) M&E,AUDIT EXEMPTION SUBSIDIARY,31/12/2025,3615
2,12431376,POD POINT GROUP HOLDINGS LIMITED,G-01765,EDF ENERGY LIMITED,T1 Active Hilti,,b) M&E,GROUP,31/12/2024,3615
2,SC133446,DALKIA SCOTSHIELD LIMITED,G-01765,EDF ENERGY LIMITED,T1 Active Hilti,,b) M&E,FULL,31/12/2025,3615
2,05211611,DK WHS LIMITED,G-01765,EDF ENERGY LIMITED,T1 Active Hilti,,b) M&E,AUDIT EXEMPTION SUBSIDIARY,31/12/2025,3615
2,05172586,THE BERKELEY GROUP HOLDINGS PLC,G-01767,THE BERKELEY GROUP HOLDINGS PLC,T1 Active Hilti,,Housebuilder/Developer (U2 candidate),GROUP,30/04/2025,3591
2,05383563,BERKELEY (SQP) LIMITED,G-01767,THE BERKELEY GROUP HOLDINGS PLC,T1 Active Hilti,,Housebuilder/Developer (U2 candidate),FULL,30/04/2025,3591
2,OC396332,ST WILLIAM HOMES LLP,G-01767,THE BERKELEY GROUP HOLDINGS PLC,T1 Active Hilti,,Housebuilder/Developer (U2 candidate),FULL,30/04/2025,3591
2,02590468,ST GEORGE PLC,G-01767,THE BERKELEY GROUP HOLDINGS PLC,T1 Active Hilti,,Housebuilder/Developer (U2 candidate),FULL,30/04/2025,3591
2,03190056,ST JAMES GROUP LIMITED,G-01767,THE BERKELEY GROUP HOLDINGS PLC,T1 Active Hilti,,Housebuilder/Developer (U2 candidate),FULL,30/04/2026,3591
2,04234695,LJJ LTD,G-01769,LJJ TRUSTEE LIMITED,T1 Active Hilti,,a) Building Construction (specialist trades),FULL,31/07/2025,3583
2,00871763,P.N.DALY LIMITED,G-01771,P.N.DALY LIMITED,T1 Active Hilti,,a) Building Construction (specialist trades),FULL,30/09/2025,3572
2,01073245,FORKERS LIMITED,G-01791,H R F HOLDINGS LIMITED,T1 Active Hilti,,c) Civil Engineering,FULL,31/03/2025,3396
2,01024603,T.RICHARD JONES (BETWS)LIMITED,G-01794,TRJ CYF LTD,T1 Active Hilti,,a) Building Construction,FULL,31/07/2025,3387
2,01896340,KEITH WALTON BRICKWORK LIMITED,G-01801,KEITH WALTON CONSTRUCTION COMPANY LIMITED,T1 Active Hilti,,a) Building Construction (specialist trades),FULL,31/12/2025,3341
2,02470129,STANFORD INDUSTRIAL CONCRETE FLOORING LIMITED,G-01805,LOUCH HOLDINGS LTD,T1 Active Hilti,,a) Building Construction (specialist trades),FULL,31/03/2025,3313
2,NI020319,LOCKSLEY ENGINEERING COMPANY LIMITED,G-01810,LOCKSLEY ENGINEERING COMPANY LIMITED,T1 Active Hilti,,Housebuilder/Developer (U2 candidate),TOTAL EXEMPTION FULL,31/03/2025,3281
2,03347951,ROYAL IHC LIMITED,G-01813,IHC MERWEDE UK LIMITED,T1 Active Hilti,,a) Building Construction (steel & metal),FULL,31/12/2024,3256
2,02048625,DALE BUILDING MAINTENANCE LIMITED,G-01818,DALE SERVICES GROUP LIMITED,T1 Active Hilti,,a) Building Construction (specialist trades),FULL,31/12/2025,3238
2,01971312,CANARY WHARF LIMITED,G-01829,CANARY WHARF HOLDINGS LIMITED,T1 Active Hilti,,a) Building Construction,FULL,31/12/2025,3150
2,02352250,CANARY WHARF CONTRACTORS LIMITED,G-01829,CANARY WHARF HOLDINGS LIMITED,T1 Active Hilti,,a) Building Construction,FULL,31/12/2025,3150
2,02343739,JOHN TURNER CONSTRUCTION GROUP LTD,G-01844,JOHN TURNER HOLDINGS LIMITED,T1 Active Hilti,,a) Building Construction,GROUP,31/03/2025,3092
2,01401191,WRIGHT BUILD LTD.,G-01844,JOHN TURNER HOLDINGS LIMITED,T1 Active Hilti,,a) Building Construction,FULL,31/03/2025,3092
2,SC254742,CAMPION HOMES LIMITED,G-01859,CAMPION HOMES LIMITED,T1 Active Hilti,,a) Building Construction (domestic) / U2 candidate,FULL,30/06/2025,2994
2,04108771,LANDMARK BRICKWORK LIMITED,G-01862,LANDMARK BRICKWORK LIMITED,T1 Active Hilti,,a) Building Construction,MEDIUM,31/08/2025,2969
2,07938743,CHURCHILL CONTRACTORS (UK) LIMITED,G-01866,CHURCHILL CONTRACTORS GROUP UK LIMITED,T1 Active Hilti,,Housebuilder/Developer (U2 candidate),FULL,31/12/2024,2944
2,11083182,GRANT STORE LIMITED,G-01872,RHI PROJECTS LIMITED,T1 Active Hilti,,b) M&E,FULL,30/11/2025,2917
2,01908306,CHURNGOLD CONSTRUCTION LIMITED,G-01891,CHURNGOLD CONSTRUCTION LIMITED,T1 Active Hilti,,a) Building Construction,FULL,31/05/2025,2775
2,01520021,BORRAS CONSTRUCTION LTD.,G-01894,B.G.H. LIMITED,T1 Active Hilti,,a) Building Construction,FULL,31/12/2025,2756
2,02568539,SITE ENGINEERING SURVEYS LIMITED,G-01911,FASTWAY MANAGEMENT LIMITED,T1 Active Hilti,,a) Building Construction,FULL,31/01/2025,2686
2,SC053848,FES LIMITED,G-01918,FES HOLDCO LIMITED,T1 Active Hilti,,b) M&E,FULL,31/08/2025,2641
2,04237944,STONEWOOD BUILDERS LIMITED,G-01933,STONEWOOD BUILDERS HOLDINGS LIMITED,T1 Active Hilti,,a) Building Construction (domestic) / U2 candidate,FULL,30/09/2025,2575
2,12931813,STONEWOOD GROUP LTD,G-01933,STONEWOOD BUILDERS HOLDINGS LIMITED,T1 Active Hilti,,a) Building Construction (domestic) / U2 candidate,SMALL,30/09/2025,2575
2,SC458759,KILMAC LTD,G-01936,KILMAC EMPLOYEE OWNERSHIP TRUSTEES LTD,T1 Active Hilti,,c) Civil Engineering,FULL,30/09/2025,2567
2,01236338,LINDUM GROUP LIMITED,G-01939,LINDUM GROUP LIMITED,T1 Active Hilti,,a) Building Construction,GROUP,30/11/2025,2554
2,01265667,LINDUM GROUP PETERBOROUGH LIMITED,G-01939,LINDUM GROUP LIMITED,T1 Active Hilti,,a) Building Construction,MICRO ENTITY,30/11/2025,2554
2,08209199,CHAMPION GROUNDWORKS LIMITED,G-01943,CHAMPION GROUNDWORKS & CONSTRUCTION LTD,T1 Active Hilti,,b) M&E,AUDIT EXEMPTION SUBSIDIARY,30/09/2025,2546
2,03200045,FRED CHAMPION GROUNDWORKS LIMITED,G-01943,CHAMPION GROUNDWORKS & CONSTRUCTION LTD,T1 Active Hilti,,b) M&E,FULL,30/09/2025,2546
2,02527960,S. & R. (LONDON) LTD.,G-01949,S&R (SOUTHERN) EOT LIMITED,T1 Active Hilti,,a) Building Construction (interior/completion),TOTAL EXEMPTION FULL,31/08/2025,2513
2,02645178,GALAMAST LIMITED,G-01953,GALAMAST LIMITED,T1 Active Hilti,,c) Civil Engineering,FULL,30/09/2025,2500
2,09829565,ROE TIMBER FRAME HOLDINGS LIMITED,G-01962,ROE TIMBER FRAME HOLDINGS LIMITED,T1 Active Hilti,,a) Building Construction,GROUP,30/04/2025,2484
2,00494174,FRANK KEY (NOTTINGHAM) LIMITED,G-01986,FRANK KEY HOLDINGS LIMITED,T1 Active Hilti,,a) Building Construction (specialist trades),FULL,31/12/2024,2356
2,00927963,FRANK KEY TOOL HIRE LIMITED,G-01986,FRANK KEY HOLDINGS LIMITED,T1 Active Hilti,,a) Building Construction (specialist trades),SMALL,31/12/2024,2356
2,01721842,STONBURY LIMITED,G-01987,PROJECT SUTTON BIDCO LIMITED,T1 Active Hilti,,a) Building Construction (specialist trades),FULL,30/06/2025,2347
2,06775188,DEANE ROOFING AND CLADDING LTD,G-02003,DEANE ROOFING AND CLADDING LTD,T1 Active Hilti,,a) Building Construction (specialist trades),FULL,28/02/2025,2243
2,09911886,LEGAL & GENERAL HOMES MODULAR LIMITED,G-02005,LEGAL & GENERAL CAPITAL INVESTMENTS LIMITED,T1 Active Hilti,,a) Building Construction (specialist trades),FULL,31/12/2024,2240
2,03196642,EAST MIDLANDS INSTRUMENT COMPANY LIMITED,G-02010,EMIC GROUP LTD,T1 Active Hilti,,b) M&E,FULL,31/12/2024,2223
2,02753492,AIR TECHNOLOGY SYSTEMS LIMITED,G-02032,AIR TECHNOLOGY SYSTEMS LIMITED,T1 Active Hilti,,b) M&E,GROUP,31/10/2025,2155
2,06170629,JOHN REID & SONS (STRUCSTEEL) HOLDINGS LIMITED,G-02033,JOHN REID & SONS (STRUCSTEEL) HOLDINGS LIMITED,T1 Active Hilti,,a) Building Construction (steel & metal),GROUP,31/03/2025,2152
2,01056494,COPPARD PLANT HIRE LIMITED,G-02036,COPPARD PLANT HIRE LIMITED,T1 Active Hilti,,c) Civil Engineering (groundworks/demolition),GROUP,30/06/2025,2144
2,02585759,VEOLIA ENERGY & UTILITY SERVICES UK LIMITED,G-02048,VEOLIA ENVIRONNEMENT SA,T1 Active Hilti,,a) Building Construction (specialist trades),FULL,31/12/2025,2092
2,00327847,VWS (UK) LTD,G-02048,VEOLIA ENVIRONNEMENT SA,T1 Active Hilti,,a) Building Construction (specialist trades),FULL,31/12/2024,2092
2,02664833,VEOLIA UK LIMITED,G-02048,VEOLIA ENVIRONNEMENT SA,T1 Active Hilti,,a) Building Construction (specialist trades),FULL,31/12/2025,2092
2,02215767,VEOLIA ENVIRONMENTAL SERVICES GROUP (UK) LIMITED,G-02048,VEOLIA ENVIRONNEMENT SA,T1 Active Hilti,,a) Building Construction (specialist trades),GROUP,31/12/2024,2092
2,SC147604,VWS WESTGARTH LIMITED,G-02048,VEOLIA ENVIRONNEMENT SA,T1 Active Hilti,,a) Building Construction (specialist trades),FULL,31/12/2024,2092
2,SC213977,BORDER CONSTRUCTION (HOLDINGS) LIMITED,G-02055,VESTBROWN (ESH) LIMITED,T1 Active Hilti,,Housebuilder/Developer (U2 candidate),MICRO ENTITY,31/12/2024,2065
2,04031196,DUNELM PROPERTY SERVICES LIMITED,G-02055,VESTBROWN (ESH) LIMITED,T1 Active Hilti,,Housebuilder/Developer (U2 candidate),MICRO ENTITY,31/12/2024,2065
2,03724890,ESH HOLDINGS LIMITED,G-02055,VESTBROWN (ESH) LIMITED,T1 Active Hilti,,Housebuilder/Developer (U2 candidate),GROUP,31/12/2025,2065
2,02529939,ESH CONSTRUCTION LIMITED,G-02055,VESTBROWN (ESH) LIMITED,T1 Active Hilti,,Housebuilder/Developer (U2 candidate),FULL,31/12/2025,2065
2,14520677,KIMAK SYSTEMS & DESIGN UK LIMITED,G-02064,KIMAK SYSTEMS & DESIGN UK LIMITED,T1 Active Hilti,,a) Building Construction (steel & metal),SMALL,31/12/2024,2029
2,01533370,CELTEST COMPANY LIMITED,G-02068,PHENNA GROUP HOLDINGS LIMITED,T1 Active Hilti,,c) Civil Engineering,AUDIT EXEMPTION SUBSIDIARY,31/12/2024,2004
2,04374737,XAIS-PTS LIMITED,G-02068,PHENNA GROUP HOLDINGS LIMITED,T1 Active Hilti,,c) Civil Engineering,AUDIT EXEMPTION SUBSIDIARY,31/12/2024,2004
2,08960979,STROMA GROUP LIMITED,G-02068,PHENNA GROUP HOLDINGS LIMITED,T1 Active Hilti,,c) Civil Engineering,AUDIT EXEMPTION SUBSIDIARY,31/12/2024,2004
2,03746649,STEVE GREGOR PLUMBING AND HEATING LIMITED,G-02082,STEVE GREGOR PLUMBING AND HEATING LIMITED,T1 Active Hilti,,b) M&E,FULL,31/07/2025,1967
2,00468397,WILLIAM DAVIS LIMITED,G-02086,BROADTHORPE LTD,T1 Active Hilti,,Housebuilder/Developer (U2 candidate),FULL,31/05/2025,1953
2,SC117613,GARELOCH SUPPORT SERVICES (PLANT) LIMITED,G-02095,SF2004 LIMITED,T1 Active Hilti,,c) Civil Engineering,FULL,29/09/2025,1910
2,07253083,WILLS BROS CIVIL ENGINEERING LIMITED,G-02103,WILLS BROS LTD,T1 Active Hilti,,c) Civil Engineering,FULL,31/12/2024,1880
2,SC511972,WILLS BROS JOHN PAUL JV LIMITED,G-02103,WILLS BROS LTD,T1 Active Hilti,,c) Civil Engineering,SMALL,31/12/2024,1880
2,12500720,CLANCY GROUP HOLDINGS LIMITED,G-02113,CLANCY GROUP HOLDINGS LIMITED,T1 Active Hilti,,c) Civil Engineering,GROUP,30/03/2025,1836
2,00432242,CLANCY DOCWRA LIMITED,G-02113,CLANCY GROUP HOLDINGS LIMITED,T1 Active Hilti,,c) Civil Engineering,FULL,30/03/2025,1836
2,SC265230,NORTH WEST MARINE LIMITED,G-02115,JIFMAR OFFSHORE SERVICES S.A.S.,T1 Active Hilti,,c) Civil Engineering,SMALL,31/12/2024,1831
2,SC268491,JIFMAR SCOTLAND LIMITED,G-02115,JIFMAR OFFSHORE SERVICES S.A.S.,T1 Active Hilti,,c) Civil Engineering,SMALL,31/12/2025,1831
2,11006425,VAN OORD OFFSHORE WIND UK LTD.,G-02117,VAN OORD OFFSHORE WIND B.V.,T1 Active Hilti,,c) Civil Engineering,FULL,31/12/2024,1824
2,02759627,M.B.E. GLAZING SYSTEMS LIMITED,G-02119,M.B.E. GLAZING SYSTEMS LIMITED,T1 Active Hilti,,a) Building Construction (interior/completion),FULL,31/12/2024,1810
2,05633906,DL M & E BUILDING SERVICES LTD,G-02122,BTGM GROUP LIMITED,T1 Active Hilti,,b) M&E,FULL,31/12/2025,1788
2,03308698,SINDEN CONSTRUCTION LIMITED,G-02128,SINDEN HOLDINGS LIMITED,T1 Active Hilti,,Housebuilder/Developer (U2 candidate),FULL,31/03/2026,1772
2,SC162625,CALEDONIAN ALLOYS LIMITED,G-02133,BERKSHIRE HATHAWAY INC.,T1 Active Hilti,,a) Building Construction (specialist trades),FULL,29/12/2024,1745
2,00036721,SPECIAL METALS WIGGIN LIMITED,G-02133,BERKSHIRE HATHAWAY INC.,T1 Active Hilti,,a) Building Construction (specialist trades),FULL,29/12/2024,1745
2,02366728,KIERNAN CONSTRUCTION LIMITED,G-02134,KIERNAN HOLDINGS LIMITED,T1 Active Hilti,,a) Building Construction,MEDIUM,30/06/2025,1745
2,05164860,KIERNAN HOLDINGS LIMITED,G-02134,KIERNAN HOLDINGS LIMITED,T1 Active Hilti,,a) Building Construction,GROUP,30/06/2025,1745
2,03476201,NORTHERN POWERGRID HOLDINGS COMPANY,G-02133,BERKSHIRE HATHAWAY INC.,T1 Active Hilti,,a) Building Construction (specialist trades),GROUP,31/12/2025,1745
2,01248622,SPECIAL METALS DEUTSCHLAND LIMITED,G-02133,BERKSHIRE HATHAWAY INC.,T1 Active Hilti,,a) Building Construction (specialist trades),SMALL,29/12/2024,1745
2,00530589,TIMET UK LIMITED,G-02133,BERKSHIRE HATHAWAY INC.,T1 Active Hilti,,a) Building Construction (specialist trades),FULL,29/12/2024,1745
2,05042198,EMANUEL WHITTAKER HOLDINGS LIMITED,G-02145,EMANUEL WHITTAKER EOT TRUSTEE LIMITED,T1 Active Hilti,,a) Building Construction (specialist trades),GROUP,30/11/2025,1715
2,SC110359,REALM CONSTRUCTION LIMITED,G-02149,REALM CONSTRUCTION LIMITED,T1 Active Hilti,,c) Civil Engineering,GROUP,31/08/2025,1684
2,01160845,CAPRI MECHANICAL SERVICES LIMITED,G-02154,CAPRI MECHANICAL SERVICES TRUSTEE LIMITED,T1 Active Hilti,,b) M&E,FULL,30/04/2025,1645
2,01534913,MULALLEY & CO. LIMITED,G-02162,SHERRYGREEN LTD,T1 Active Hilti,,a) Building Construction,FULL,31/03/2025,1619
2,03578140,SEDDON CONSTRUCTION LIMITED,G-02163,SEDDON GROUP LIMITED,T1 Active Hilti,,Housebuilder/Developer (U2 candidate),GROUP,31/12/2025,1617
2,08461555,SEDDON GROUP LIMITED,G-02163,SEDDON GROUP LIMITED,T1 Active Hilti,,Housebuilder/Developer (U2 candidate),GROUP,31/12/2025,1617
2,01047968,NATTA BUILDING COMPANY LIMITED,G-02164,NATTA BUILDING COMPANY LIMITED,T1 Active Hilti,,a) Building Construction,GROUP,31/03/2025,1613
2,00710413,J.WAREING & SON (WREA GREEN) LIMITED,G-02165,J.WAREING & SON (WREA GREEN) LIMITED,T1 Active Hilti,,a) Building Construction (steel & metal),FULL,31/12/2024,1607
2,03797518,GALLAGHER LIMITED,G-02172,GALLAGHER GROUP HOLDINGS LTD,T1 Active Hilti,,a) Building Construction,FULL,30/09/2025,1573
2,00837766,TRIMLINE LIMITED,G-02174,TRIMLINE LIMITED,T1 Active Hilti,,e) Maintenance/MRO (industrial),FULL,30/09/2025,1563
2,10700193,ANEL ENGINEERING & CONTRACTING LIMITED,G-02181,ANEL ELEKTRIK PROJE TAAHHUT ANONIM SIRKE,T1 Active Hilti,,b) M&E,SMALL,31/12/2024,1548
2,03054365,BEACONS BUSINESS INTERIORS LIMITED,G-02196,BEACONS BUSINESS INTERIORS GROUP LIMITED,T1 Active Hilti,,a) Building Construction (interior/completion),FULL,31/05/2025,1495
2,10719222,OXFORD DIRECT SERVICES LIMITED,G-02197,OXFORD DIRECT SERVICES LIMITED,T1 Active Hilti,,e) Maintenance/MRO (facilities),FULL,31/03/2025,1495
2,06475031,FALCON TOWER CRANE SERVICES LTD,G-02202,FALCON GROUP SERVICES LTD,T1 Active Hilti,,a) Building Construction (specialist trades),FULL,31/12/2024,1480
2,00836280,CONSTANT AIR SYSTEMS LIMITED,G-02227,CONSTANT AIR SYSTEMS LIMITED,T1 Active Hilti,,b) M&E,GROUP,31/01/2026,1387
2,NI010862,PORTVIEW FIT-OUT LIMITED,G-02230,PORTVIEW SPECIALISTS HOLDINGS LIMITED,T1 Active Hilti,,a) Building Construction (interior/completion),FULL,30/11/2024,1378
2,02108692,PRINCIPLE SYSTEMS LIMITED,G-02267,TANDEM 1987 LIMITED,T1 Active Hilti,,a) Building Construction (steel & metal),FULL,31/12/2025,1265
2,02237410,PRINCIPLE FABRICATIONS LIMITED,G-02267,TANDEM 1987 LIMITED,T1 Active Hilti,,a) Building Construction (steel & metal),TOTAL EXEMPTION FULL,31/12/2024,1265
2,02884681,WJ NORTH LIMITED,G-02268,WJ (GROUP) LIMITED,T1 Active Hilti,,a) Building Construction (specialist trades),FULL,31/03/2025,1260
2,03734577,MIKE ETHERIDGE CONSTRUCTION LIMITED,G-02269,MIKE ETHERIDGE CONSTRUCTION LIMITED,T1 Active Hilti,,a) Building Construction (domestic) / U2 candidate,GROUP,31/12/2024,1254
2,06007186,PANTERA CARPENTRY (SOUTH EAST) LIMITED,G-02286,PANTERA GROUP HOLDINGS LIMITED,T1 Active Hilti,,a) Building Construction (specialist trades),FULL,31/12/2025,1203
2,03418211,LTC GROUP87 LTD,G-02302,LTC GROUP87 LTD,T1 Active Hilti,,a) Building Construction (specialist trades),GROUP,31/08/2025,1148
2,06728315,LTC SPECIALIST SCAFFOLDING LIMITED,G-02302,LTC GROUP87 LTD,T1 Active Hilti,,a) Building Construction (specialist trades),SMALL,31/08/2025,1148
2,08073206,VERTEC LIMITED,G-02310,VERTEC LIMITED,T1 Active Hilti,,a) Building Construction (specialist trades),GROUP,31/07/2025,1123
2,04638969,FORTEM SOLUTIONS LIMITED,G-02322,HARDWICKE INVESTMENTS LIMITED,T1 Active Hilti,,Housebuilder/Developer (U2 candidate),FULL,31/12/2025,1085
2,03421224,WALSWORTH LIMITED,G-02322,HARDWICKE INVESTMENTS LIMITED,T1 Active Hilti,,Housebuilder/Developer (U2 candidate),FULL,31/12/2025,1085
2,04118020,WILLMOTT DIXON INTERIORS LIMITED,G-02322,HARDWICKE INVESTMENTS LIMITED,T1 Active Hilti,,Housebuilder/Developer (U2 candidate),FULL,31/12/2025,1085
2,00198032,WILLMOTT DIXON HOLDINGS LIMITED,G-02322,HARDWICKE INVESTMENTS LIMITED,T1 Active Hilti,,Housebuilder/Developer (U2 candidate),GROUP,31/12/2025,1085
2,00768173,WILLMOTT DIXON CONSTRUCTION LIMITED,G-02322,HARDWICKE INVESTMENTS LIMITED,T1 Active Hilti,,Housebuilder/Developer (U2 candidate),FULL,31/12/2025,1085
2,05922246,WILLMOTT DIXON LIMITED,G-02322,HARDWICKE INVESTMENTS LIMITED,T1 Active Hilti,,Housebuilder/Developer (U2 candidate),GROUP,31/12/2025,1085
2,SC156961,W M DONALD LIMITED,G-02324,W M DONALD LIMITED,T1 Active Hilti,,c) Civil Engineering,FULL,31/03/2025,1080
2,SC268168,RDA SCAFFOLDING LIMITED,G-02333,RDA SCAFFOLDING LIMITED,T1 Active Hilti,,a) Building Construction (specialist trades),TOTAL EXEMPTION FULL,31/10/2025,1051
2,04814422,C3 CONSTRUCTION LIMITED,G-02360,C3 CONSTRUCTION GROUP LIMITED,T1 Active Hilti,,a) Building Construction,FULL,30/09/2025,986
2,02016581,HUTTON CONSTRUCTION LIMITED,G-02371,HUTTON EAST,T1 Active Hilti,,a) Building Construction,FULL,31/03/2025,968
2,01481051,KINGERLEE LIMITED,G-02377,KINGERLEE HOLDINGS LTD,T1 Active Hilti,,a) Building Construction,FULL,31/12/2024,950
2,13502546,JADE-ADEN SERVICES HOLDINGS LIMITED,G-02378,JADE-ADEN LTD,T1 Active Hilti,,a) Building Construction (specialist trades),FULL,30/09/2024,947
2,00408163,PEARCE CONSTRUCTION (BARNSTAPLE) LIMITED,G-02387,PCB EOT LIMITED,T1 Active Hilti,,Housebuilder/Developer (U2 candidate),FULL,30/04/2025,929
2,12443492,BRITISH OFFSITE LIMITED,G-02390,WESTON GROUP PLC,T1 Active Hilti,,a) Building Construction (domestic) / U2 candidate,FULL,31/07/2025,926
2,04345221,WESTON [BUSINESS CENTRES] LIMITED,G-02390,WESTON GROUP PLC,T1 Active Hilti,,a) Building Construction (domestic) / U2 candidate,SMALL,31/07/2025,926
2,02133568,WESTON HOMES PLC,G-02390,WESTON GROUP PLC,T1 Active Hilti,,a) Building Construction (domestic) / U2 candidate,GROUP,31/07/2025,926
2,06000685,MEDLOCK FRB LIMITED,G-02393,MEDLOCK FRB LIMITED,T1 Active Hilti,,Housebuilder/Developer (U2 candidate),FULL,31/12/2024,920
2,05997507,MORRISROE GROUP LIMITED,G-02421,MORRISROE GROUP LIMITED,T1 Active Hilti,,a) Building Construction (interior/completion),GROUP,31/10/2025,858
2,05149872,HOUSTON COX CENTRAL LIMITED,G-02421,MORRISROE GROUP LIMITED,T1 Active Hilti,,a) Building Construction (interior/completion),FULL,31/10/2025,858
2,04239357,HOUSTON COX LIMITED,G-02421,MORRISROE GROUP LIMITED,T1 Active Hilti,,a) Building Construction (interior/completion),AUDIT EXEMPTION SUBSIDIARY,31/10/2025,858
2,07606090,PIPER JOINERY LIMITED,G-02421,MORRISROE GROUP LIMITED,T1 Active Hilti,,a) Building Construction (interior/completion),AUDIT EXEMPTION SUBSIDIARY,31/10/2025,858
2,00614864,COUNTRYSIDE PROPERTIES (UK) LIMITED,G-02423,COPTHORN HOLDINGS LIMITED,T1 Active Hilti,,Housebuilder/Developer (U2 candidate),FULL,31/12/2024,855
2,11255094,COUNTRYSIDE TIMBER FRAME LIMITED,G-02423,COPTHORN HOLDINGS LIMITED,T1 Active Hilti,,Housebuilder/Developer (U2 candidate),AUDIT EXEMPTION SUBSIDIARY,31/12/2024,855
2,SC239081,PMK CIVIL ENGINEERING LIMITED,G-02428,PMK TRUSTEES LTD,T1 Active Hilti,,a) Building Construction (specialist trades),FULL,31/12/2024,840
2,01508543,WAKEFIELD ACOUSTICS LIMITED,G-02445,MALVAR ENGINEERING LIMITED,T1 Active Hilti,,a) Building Construction (steel & metal),FULL,31/12/2024,806
2,05689614,MJL CONTRACTORS LIMITED,G-02453,MJL HOLDINGS (SW) LIMITED,T1 Active Hilti,,c) Civil Engineering,FULL,30/09/2025,783
2,06500918,MJL PLANT HIRE (CORNWALL) LIMITED,G-02453,MJL HOLDINGS (SW) LIMITED,T1 Active Hilti,,c) Civil Engineering,SMALL,30/09/2025,783
2,SC105726,T. & N. GILMARTIN (CONTRACTORS) LIMITED,G-02455,T & N GILMARTIN (CONTRACTORS) EOT TRUSTEE LIMITED,T1 Active Hilti,,c) Civil Engineering,FULL,30/04/2025,781
2,01609213,SPEEDIER SCAFFOLDING LIMITED,G-02460,SPEEDY SCAFFOLDING LIMITED,T1 Active Hilti,,a) Building Construction (specialist trades),FULL,31/03/2025,774
2,SC686791,MCTAGGART GROUP HOLDINGS LIMITED,G-02464,MCTAGGART GROUP HOLDINGS LIMITED,T1 Active Hilti,,Housebuilder/Developer (U2 candidate),GROUP,31/03/2025,761
2,SC042957,MCTAGGART CONSTRUCTION LIMITED,G-02464,MCTAGGART GROUP HOLDINGS LIMITED,T1 Active Hilti,,Housebuilder/Developer (U2 candidate),FULL,31/03/2025,761
2,NI034251,H & A MECHANICAL SERVICES LIMITED,G-02466,H&A GROUP LIMITED,T1 Active Hilti,,b) M&E,MEDIUM,31/05/2025,760
2,SC354801,GGK CONTRACTS (SCOTLAND) LIMITED,G-02471,GGK CONTRACTS (SCOTLAND) LIMITED,T1 Active Hilti,,c) Civil Engineering,FULL,30/06/2025,744
2,00796750,ASTON HEATING LIMITED,G-02473,ASTON HEATING LIMITED,T1 Active Hilti,,b) M&E,FULL,31/03/2025,741
2,03096602,STEVE HOSKIN CONSTRUCTION LIMITED,G-02475,STEVE HOSKIN CONSTRUCTION LIMITED,T1 Active Hilti,,a) Building Construction (domestic) / U2 candidate,FULL,31/03/2025,737
2,01099323,POLYPIPE LIMITED,G-02489,POLYPIPE LIMITED,T1 Active Hilti,,a) Building Construction (interior/completion),FULL,31/12/2025,711
2,06215200,SKY GARDEN LIMITED,G-02489,POLYPIPE LIMITED,T1 Active Hilti,,a) Building Construction (interior/completion),AUDIT EXEMPTION SUBSIDIARY,31/12/2024,711
2,00402652,R3 POLYGON UK LTD.,G-02492,POLYGON INTERNATIONAL AB,T1 Active Hilti,,a) Building Construction (specialist trades),FULL,31/12/2024,707
2,02147266,PHELAN CONSTRUCTION LIMITED,G-02500,PHELAN CONSTRUCTION LIMITED,T1 Active Hilti,,Housebuilder/Developer (U2 candidate),GROUP,31/12/2025,688
2,01369726,BELFOR UK LIMITED,G-02503,BELFOR UK LIMITED,T1 Active Hilti,,e) Maintenance/MRO (facilities),FULL,31/12/2025,685
2,NI071100,GRAHAM ASSET MANAGEMENT LIMITED,G-02507,JOHN GRAHAM HOLDINGS LIMITED,T1 Active Hilti,,e) Maintenance/MRO (facilities),FULL,31/03/2026,677
2,04656708,HOWARD CIVIL ENGINEERING LIMITED,G-02516,HOWARD CIVIL ENGINEERING LIMITED,T1 Active Hilti,,c) Civil Engineering,FULL,31/08/2025,665
2,01450866,EMMITT PLANT LIMITED,G-02525,ONE GROUP CONSTRUCTION LIMITED,T1 Active Hilti,,c) Civil Engineering,AUDIT EXEMPTION SUBSIDIARY,31/12/2024,651
2,06778819,JACKSON CIVIL ENGINEERING GROUP LIMITED,G-02525,ONE GROUP CONSTRUCTION LIMITED,T1 Active Hilti,,c) Civil Engineering,GROUP,31/12/2024,651
2,04995919,JACKSON CIVILS LIMITED,G-02525,ONE GROUP CONSTRUCTION LIMITED,T1 Active Hilti,,c) Civil Engineering,AUDIT EXEMPTION SUBSIDIARY,31/12/2024,651
2,08522964,ONE GROUP CONSTRUCTION LIMITED,G-02525,ONE GROUP CONSTRUCTION LIMITED,T1 Active Hilti,,c) Civil Engineering,GROUP,31/12/2024,651
2,02389994,S.E.H. (IPSWICH) LIMITED,G-02525,ONE GROUP CONSTRUCTION LIMITED,T1 Active Hilti,,c) Civil Engineering,AUDIT EXEMPTION SUBSIDIARY,31/12/2024,651
2,01621424,SEH FRENCH LIMITED,G-02525,ONE GROUP CONSTRUCTION LIMITED,T1 Active Hilti,,c) Civil Engineering,FULL,31/12/2024,651
2,03725452,COMEX 2000 (UK) LIMITED,G-02543,COMEX 2000 (UK) LIMITED,T1 Active Hilti,,e) Maintenance/MRO (industrial),GROUP,31/03/2025,622
2,03664832,HOROHOE CONSTRUCTION LIMITED,G-02558,HOROHOE CONSTRUCTION LIMITED,T1 Active Hilti,,Housebuilder/Developer (U2 candidate),FULL,30/11/2025,590
2,14069068,DID CONSTRUCT LTD,G-02579,DID CONSTRUCT LTD,T1 Active Hilti,,a) Building Construction (domestic) / U2 candidate,MICRO ENTITY,30/04/2025,564
2,03360908,BARNWOOD GROUP LIMITED,G-02598,BARNWOOD HOLDINGS LIMITED,T1 Active Hilti,,a) Building Construction,GROUP,31/12/2025,527
2,01017470,J. GREENWOOD (BUILDERS) LIMITED,G-02599,GREENWOOD BUILDERS LIMITED,T1 Active Hilti,,Housebuilder/Developer (U2 candidate),FULL,30/06/2025,525
2,03362396,CPC CIVILS LIMITED,G-02600,CPC CIVILS GROUP LIMITED,T1 Active Hilti,,a) Building Construction (specialist trades),FULL,31/12/2025,524
2,NI028148,ALL PIPE ENGINEERING LIMITED,G-02601,ALL PIPE ENGINEERING LIMITED,T1 Active Hilti,,b) M&E,FULL,31/03/2025,522
2,10690558,WESTSTONE CONSTRUCTION LTD,G-02602,STT HOLDINGS LTD,T1 Active Hilti,,b) M&E,TOTAL EXEMPTION FULL,31/03/2025,521
2,13219583,STT HOLDINGS LTD,G-02602,STT HOLDINGS LTD,T1 Active Hilti,,b) M&E,MICRO ENTITY,30/03/2025,521
2,07429907,VISION MODULAR SYSTEMS UK LIMITED,G-02626,BERKELEY STREET INVESTMENTS LTD,T1 Active Hilti,,b) M&E,FULL,30/11/2025,490
2,02420992,CORBYN CONSTRUCTION LIMITED,G-02637,CORBYN HOLDINGS LIMITED,T1 Active Hilti,,c) Civil Engineering,FULL,30/06/2023,478
2,09670128,GEORGE COX LIMITED,G-02649,GEORGE COX LIMITED,T1 Active Hilti,,c) Civil Engineering,GROUP,30/09/2025,454
2,02775128,GEORGE COX & SONS LIMITED,G-02649,GEORGE COX LIMITED,T1 Active Hilti,,c) Civil Engineering,FULL,30/09/2025,454
2,04323212,ORTON ELECTRICAL SERVICES LIMITED,G-02652,ORTON ELECTRICAL & MECHANICAL GROUP LIMITED,T1 Active Hilti,,b) M&E,FULL,31/03/2025,450
2,09587480,BOROUGH ENGINEERING SERVICES LIMITED,G-02657,POLLITT HOLDINGS LIMITED,T1 Active Hilti,,a) Building Construction,FULL,31/12/2024,445
2,06528721,CAMBRIDGE FLAT ROOFING COMPANY LIMITED,G-02672,CAMBRIDGE FLAT ROOFING COMPANY LIMITED,T1 Active Hilti,,a) Building Construction (specialist trades),FULL,05/04/2025,428
2,08621624,WATSON CONSTRUCTION LTD,G-02674,WATSON CONSTRUCTION (HOLDINGS) LTD,T1 Active Hilti,,Housebuilder/Developer (U2 candidate),FULL,31/12/2024,427
2,02545561,PP O'CONNOR GROUP LIMITED,G-02680,PP O'CONNOR GROUP LIMITED,T1 Active Hilti,,c) Civil Engineering (groundworks/demolition),GROUP,31/10/2025,420
2,03912122,WESTFIELD EUROPE LIMITED,G-02687,UNIBAIL-RODAMCO-WESTFIELD SE,T1 Active Hilti,,Housebuilder/Developer (U2 candidate),GROUP,31/12/2024,416
2,12939666,RJ LIFTS GROUP LIMITED,G-02688,RJ LIFTS TRUSTEES LIMITED,T1 Active Hilti,,e) Maintenance/MRO (industrial),GROUP,30/04/2025,415
2,08428819,R&W CIVIL ENGINEERING LTD,G-02689,CHANTACRE LIMITED,T1 Active Hilti,,c) Civil Engineering,FULL,31/03/2022,414
2,01590744,CHANTACRE LIMITED,G-02689,CHANTACRE LIMITED,T1 Active Hilti,,c) Civil Engineering,GROUP,31/03/2025,414
2,04114488,R&W LANGLEY LIMITED,G-02689,CHANTACRE LIMITED,T1 Active Hilti,,c) Civil Engineering,SMALL,31/03/2025,414
2,14840026,PAVEHALL GROUP LIMITED,G-02691,PAVEHALL GROUP LIMITED,T1 Active Hilti,,Housebuilder/Developer (U2 candidate),TOTAL EXEMPTION FULL,31/03/2025,413
2,01384760,PAVEHALL PUBLIC LIMITED COMPANY,G-02691,PAVEHALL GROUP LIMITED,T1 Active Hilti,,Housebuilder/Developer (U2 candidate),FULL,30/03/2025,413
2,02366665,SOUTH WEST WATER LIMITED,G-02694,PENNON GROUP PLC,T1 Active Hilti,,c) Civil Engineering,FULL,31/03/2026,408
2,00347381,NEVILLE SPECIAL PROJECTS LTD,G-02702,NEVILLE TRUST LIMITED,T1 Active Hilti,,a) Building Construction,FULL,31/03/2025,391
2,00359855,T. & E. NEVILLE LIMITED,G-02702,NEVILLE TRUST LIMITED,T1 Active Hilti,,a) Building Construction,SMALL,31/03/2025,391
2,03683003,ROLLALONG LIMITED,G-02705,ROLLALONG LIMITED,T1 Active Hilti,,a) Building Construction (specialist trades),FULL,31/12/2024,388
2,01735193,WILLERBY LANDSCAPES LIMITED,G-02708,WILLERBY LANDSCAPES EOT LIMITED,T1 Active Hilti,,a) Building Construction (specialist trades),FULL,30/06/2025,385
2,00303359,TILBURY DOUGLAS CONSTRUCTION LIMITED,G-02716,TILBURY DOUGLAS CONSTRUCTION LIMITED,T1 Active Hilti,,a) Building Construction,FULL,31/12/2025,377
2,08003962,KANADEVIA INOVA UK LIMITED,G-02720,KANADEVIA CORPORATION,T1 Active Hilti,,e) Maintenance/MRO (industrial),MEDIUM,31/03/2025,370
2,01836048,JENNINGS BUILDING & CIVIL ENGINEERING LIMITED,G-02728,JENNINGS BUILDING & CIVIL ENGINEERING LIMITED,T1 Active Hilti,,c) Civil Engineering,FULL,31/03/2025,351
2,06056699,BJF CONNECTIONS LTD,G-02747,BJF GROUP LIMITED,T1 Active Hilti,,b) M&E,FULL,31/03/2025,323
2,09687256,BJF GROUP LIMITED,G-02747,BJF GROUP LIMITED,T1 Active Hilti,,b) M&E,GROUP,31/03/2025,323
2,06256571,BAKER HICKS LIMITED,G-02756,MORGAN SINDALL GROUP PLC,T1 Active Hilti,,Housebuilder/Developer (U2 candidate),FULL,31/12/2025,315
2,02387333,LOVELL PARTNERSHIPS LIMITED,G-02756,MORGAN SINDALL GROUP PLC,T1 Active Hilti,,Housebuilder/Developer (U2 candidate),FULL,31/12/2025,315
2,00905526,MAGNOR PLANT HIRE LIMITED,G-02756,MORGAN SINDALL GROUP PLC,T1 Active Hilti,,Housebuilder/Developer (U2 candidate),FULL,31/12/2025,315
2,05744976,MORGAN SINDALL HOLDINGS LIMITED,G-02756,MORGAN SINDALL GROUP PLC,T1 Active Hilti,,Housebuilder/Developer (U2 candidate),FULL,31/12/2025,315
2,02755027,MORGAN LOVELL PLC,G-02756,MORGAN SINDALL GROUP PLC,T1 Active Hilti,,Housebuilder/Developer (U2 candidate),FULL,31/12/2025,315
2,00521970,MORGAN SINDALL GROUP PLC,G-02756,MORGAN SINDALL GROUP PLC,T1 Active Hilti,,Housebuilder/Developer (U2 candidate),GROUP,31/12/2025,315
2,01904978,MS (MEST) LIMITED,G-02756,MORGAN SINDALL GROUP PLC,T1 Active Hilti,,Housebuilder/Developer (U2 candidate),SMALL,31/12/2025,315
2,00836946,OVERBURY PLC,G-02756,MORGAN SINDALL GROUP PLC,T1 Active Hilti,,Housebuilder/Developer (U2 candidate),FULL,31/12/2025,315
2,01870042,LOVELL POWERMINSTER LIMITED,G-02756,MORGAN SINDALL GROUP PLC,T1 Active Hilti,,Housebuilder/Developer (U2 candidate),FULL,31/12/2025,315
2,04969901,MORGAN SINDALL ENGINEERING SOLUTIONS LIMITED,G-02756,MORGAN SINDALL GROUP PLC,T1 Active Hilti,,Housebuilder/Developer (U2 candidate),FULL,31/12/2025,315
2,02788418,COMPCO FIRE SYSTEMS LIMITED,G-02790,WTECH FIRE UK LTD,T1 Active Hilti,,b) M&E,FULL,30/06/2025,306
2,00818913,THOMAS ARMSTRONG (CONSTRUCTION) LIMITED,G-02798,THOMAS ARMSTRONG (CONSTRUCTION) LIMITED,T1 Active Hilti,,a) Building Construction,FULL,27/09/2025,296
2,NI011033,O'HARE & MCGOVERN LIMITED,G-02803,OHMG (HOLDINGS) LTD,T1 Active Hilti,,a) Building Construction,FULL,31/12/2024,290
2,11102447,ANDERSON O&U LIMITED,G-02813,ANDERSON DEVELOPMENT GROUP LIMITED,T1 Active Hilti,,Housebuilder/Developer (U2 candidate),FULL,31/03/2025,272
2,04691622,ANDERSON DESIGN & BUILD LIMITED,G-02813,ANDERSON DEVELOPMENT GROUP LIMITED,T1 Active Hilti,,Housebuilder/Developer (U2 candidate),FULL,31/03/2025,272
2,02536812,ABBEY PYNFORD LIMITED,G-02821,CONLON PLANT LIMITED,T1 Active Hilti,,a) Building Construction,TOTAL EXEMPTION FULL,30/11/2025,260
2,08133914,ABBEY PYNFORD GEO STRUCTURES LTD,G-02821,CONLON PLANT LIMITED,T1 Active Hilti,,a) Building Construction,MICRO ENTITY,31/05/2025,260
2,04625750,KINGSTON LANDSCAPE GROUP LIMITED,G-02822,KINGSTON LANDSCAPE GROUP LIMITED,T1 Active Hilti,,e) Maintenance/MRO (facilities),FULL,31/12/2025,259
2,08148515,CONISTON DARTFORD LIMITED,G-02828,CONISTON HOLDINGS LTD,T1 Active Hilti,,c) Civil Engineering,FULL,30/11/2025,251
2,01688008,CONISTON LIMITED,G-02828,CONISTON HOLDINGS LTD,T1 Active Hilti,,c) Civil Engineering,FULL,30/11/2025,251
2,15871501,CONISTON HOLDINGS LTD,G-02828,CONISTON HOLDINGS LTD,T1 Active Hilti,,c) Civil Engineering,GROUP,30/11/2025,251
2,04312150,DES GROUP LIMITED,G-02827,RAYMOND WILLIAM ANDREWS,T1 Active Hilti,,e) Maintenance/MRO (industrial),FULL,31/12/2024,251
2,04525775,DAVID ASHLEY CONSTRUCTION LIMITED,G-02843,BKJ HOLDINGS LIMITED,T1 Active Hilti,,c) Civil Engineering,FULL,31/12/2024,239
2,10161241,GLENTHORNE BUILD LTD,G-02847,GLENTHORNE GROUP LTD,T1 Active Hilti,,Housebuilder/Developer (U2 candidate),TOTAL EXEMPTION FULL,31/05/2025,237
2,02973858,PREMIER MARINAS LIMITED,G-02868,GOWER PLACE INVESTMENTS LIMITED,T1 Active Hilti,,a) Building Construction (specialist trades),GROUP,28/09/2025,222
2,10878406,ALCONEX INFRASTRUCTURE AND SOLUTIONS LIMITED,G-02869,PORTCHESTER EQUITY LIMITED,T1 Active Hilti,,c) Civil Engineering,FULL,30/09/2025,221
2,05514770,W B M GROUNDWORKS LIMITED,G-02873,W B M GROUNDWORKS LIMITED,T1 Active Hilti,,c) Civil Engineering,FULL,31/03/2025,216
2,01314691,KENSON HIGHWAYS LIMITED,G-02875,YABSLEY HOLDINGS LIMITED,T1 Active Hilti,,c) Civil Engineering,FULL,31/03/2025,213
2,08807474,CURO CONSTRUCTION LIMITED,G-02896,CURO CONSTRUCTION LIMITED,T1 Active Hilti,,a) Building Construction (specialist trades),FULL,30/09/2024,193
2,01389235,FAITHDEAN PLC,G-02897,FAITHDEAN HOLDINGS LIMITED,T1 Active Hilti,,a) Building Construction (interior/completion),FULL,31/03/2025,193
2,01359667,THE BARNES GROUP LIMITED,G-02899,THE BARNES GROUP LIMITED,T1 Active Hilti,,Housebuilder/Developer (U2 candidate),FULL,30/09/2025,192
2,02745902,BORLEY ENGINEERING SERVICES LIMITED,G-02901,BORLEY ASSOCIATES LIMITED,T1 Active Hilti,,a) Building Construction (specialist trades),FULL,31/03/2025,188
2,05031730,CMB FYLDE ENGINEERING LIMITED,G-02901,BORLEY ASSOCIATES LIMITED,T1 Active Hilti,,a) Building Construction (specialist trades),SMALL,31/03/2025,188
2,00387371,KIND & CO. (BUILDERS) LIMITED,G-02916,KIND MANANGEMENT LTD,T1 Active Hilti,,a) Building Construction,FULL,31/12/2025,178
2,03985694,B B R ROOFING LIMITED,G-02927,B B R ROOFING LIMITED,T1 Active Hilti,,a) Building Construction (specialist trades),FULL,31/03/2025,165
2,02262602,WILLIAMS SOUTHERN LIMITED,G-02937,WILLIAMSBUILD MANAGEMENT LIMITED,T1 Active Hilti,,c) Civil Engineering,FULL,31/07/2025,157
2,SC206369,CURTIS MOORE (CLADDING SYSTEMS) LIMITED,G-02944,CURTIS MOORE GROUP LIMITED,T1 Active Hilti,,a) Building Construction (interior/completion),FULL,31/03/2026,150
2,00817316,EYRE BUILDING SERVICES GROUP LIMITED,G-02971,RGCC LIMITED,T1 Active Hilti,,a) Building Construction,FULL,31/12/2025,130
2,00381800,FISHERBULLEN LIMITED,G-02971,RGCC LIMITED,T1 Active Hilti,,a) Building Construction,AUDIT EXEMPTION SUBSIDIARY,31/12/2025,130
2,07626738,GROUND TECHNOLOGY SERVICES LIMITED,G-02971,RGCC LIMITED,T1 Active Hilti,,a) Building Construction,AUDIT EXEMPTION SUBSIDIARY,31/12/2025,130
2,00270273,R.G. CARTER LIMITED,G-02971,RGCC LIMITED,T1 Active Hilti,,a) Building Construction,FULL,31/12/2025,130
2,03879910,R.G. CARTER CAMBRIDGE LIMITED,G-02971,RGCC LIMITED,T1 Active Hilti,,a) Building Construction,FULL,31/12/2025,130
2,01916420,R.G. CARTER PROJECTS LIMITED,G-02971,RGCC LIMITED,T1 Active Hilti,,a) Building Construction,FULL,31/12/2025,130
2,02077392,R.G. CARTER TECHNICAL SERVICES LIMITED,G-02971,RGCC LIMITED,T1 Active Hilti,,a) Building Construction,AUDIT EXEMPTION SUBSIDIARY,31/12/2025,130
2,09542602,JCW LIFTS LTD,G-02978,ANLEV (UK) HOLDINGS LIMITED,T1 Active Hilti,,e) Maintenance/MRO (industrial),SMALL,31/12/2025,127
2,03213600,PRECISION LIFT SERVICES LIMITED,G-02978,ANLEV (UK) HOLDINGS LIMITED,T1 Active Hilti,,e) Maintenance/MRO (industrial),FULL,31/12/2025,127
2,13733402,ANLEV (UK) HOLDINGS LIMITED,G-02978,ANLEV (UK) HOLDINGS LIMITED,T1 Active Hilti,,e) Maintenance/MRO (industrial),GROUP,31/12/2025,127
2,00794821,NCMT LIMITED,G-02993,NCMT TRUSTEE COMPANY LTD,T1 Active Hilti,,e) Maintenance/MRO (industrial),FULL,28/02/2025,118
2,NI016051,HERON BROS. LIMITED,G-03000,HERON BROS. LIMITED,T1 Active Hilti,,a) Building Construction,FULL,31/08/2025,115
2,05048684,S D SAMUELS (SPECIAL PROJECTS) LIMITED,G-02999,FRAYCALE GROUP LTD,T1 Active Hilti,,a) Building Construction (specialist trades),FULL,31/12/2021,115
2,06597563,S D SAMUELS LIMITED,G-02999,FRAYCALE GROUP LTD,T1 Active Hilti,,a) Building Construction (specialist trades),TOTAL EXEMPTION FULL,31/12/2024,115
2,01237050,O. SEAMAN & SON LIMITED,G-03001,O. SEAMAN & SON LIMITED,T1 Active Hilti,,Housebuilder/Developer (U2 candidate),FULL,31/03/2025,114
2,03951818,DANAHER & WALSH (CIVIL ENGINEERING) LIMITED,G-03042,DANAHER & WALSH GROUP LIMITED,T1 Active Hilti,,c) Civil Engineering,MEDIUM,31/03/2025,82
2,03957969,DANAHER & WALSH GROUP LIMITED,G-03042,DANAHER & WALSH GROUP LIMITED,T1 Active Hilti,,c) Civil Engineering,GROUP,31/03/2025,82
2,03673520,G.K.R. MAINTENANCE & BUILDING CO. LIMITED,G-03058,G.K.R. MAINTENANCE & BUILDING CO. LIMITED,T1 Active Hilti,,a) Building Construction,FULL,31/12/2025,71
2,02644726,COLAS LIMITED,G-03077,COLAS S.A.,T1 Active Hilti,,c) Civil Engineering,FULL,31/12/2024,50
2,10379475,ARDMORE GROUP LIMITED,G-03080,ARDMORE GROUP HOLDINGS LTD,T1 Active Hilti,,a) Building Construction,GROUP,30/09/2024,46
2,11890551,ARDMORE CONSTRUCTION GROUP LTD,G-03080,ARDMORE GROUP HOLDINGS LTD,T1 Active Hilti,,a) Building Construction,GROUP,30/09/2024,46
2,01971857,FASTGLOBE (MASTICS) LIMITED,G-03085,FASTGLOBE (MASTICS) LIMITED,T1 Active Hilti,,Housebuilder/Developer (U2 candidate),GROUP,31/01/2025,36
2,01913324,AIREDALE CATERING EQUIPMENT LIMITED,G-03089,DOYLE BIDCO LIMITED,T1 Active Hilti,,e) Maintenance/MRO (industrial),FULL,31/12/2024,32
2,05301280,LAWTECH GROUP LIMITED,G-03093,LAWTECH GROUP LIMITED,T1 Active Hilti,,b) M&E,FULL,31/03/2025,27
2,NI012273,GRANT'S ELECTRICAL SERVICES (N.I.) LIMITED,G-03105,GRANT'S ELECTRICAL SERVICES (N.I.) LIMITED,T1 Active Hilti,,e) Maintenance/MRO (industrial),FULL,30/09/2025,10
2,03790267,KINGSTON DRYWALL LIMITED,G-03106,RED UMBRELLA LIMITED,T1 Active Hilti,,Housebuilder/Developer (U2 candidate),SMALL,31/12/2024,8
2,08689699,MEASOM HOLDINGS LIMITED,G-03106,RED UMBRELLA LIMITED,T1 Active Hilti,,Housebuilder/Developer (U2 candidate),GROUP,31/12/2024,8
3,07559639,24-7 GROUP LIMITED,G-03193,24-7 HOLDINGS LIMITED,T4 Remainder,F,b) M&E,FULL,31/03/2025,0
3,04729294,24HR AQUAFLOW SERVICES LIMITED,G-03194,REACT GROUP PLC,T4 Remainder,F,c) Civil Engineering,FULL,30/09/2025,0
3,SC057720,A. & J. STEPHEN (BUILDERS) LIMITED,G-03270,A & J STEPHEN (HOLDINGS) LIMITED,T4 Remainder,B3+F,a) Building Construction (domestic) / U2 candidate,FULL,05/04/2025,0
3,SC155832,A.B. 2000 LTD.,G-03414,KIRKNER HOLDINGS LTD,T2 A-class large,B3+F,a) Building Construction (specialist trades),FULL,01/12/2024,0
3,SC422278,AB2000 (SCOTLAND) LTD,G-03414,KIRKNER HOLDINGS LTD,T2 A-class large,B3+F,a) Building Construction (specialist trades),SMALL,01/12/2024,0
3,05704087,A C ELECTRICAL (NORTH) LIMITED,G-03583,A C GROUP HOLDINGS LIMITED,T4 Remainder,B3+F,b) M&E,GROUP,31/03/2025,0
3,01444265,ADDINGTON (FORMWORK) LIMITED,G-03749,ADDINGTON (FORMWORK) LIMITED,T3 Large est.,B3,a) Building Construction (specialist trades),FULL,31/08/2025,0
3,SC704558,AIM GROUP UK (HOLDINGS) LTD,G-03957,AIM GROUP UK (HOLDINGS) LTD,T4 Remainder,F,a) Building Construction (steel & metal),GROUP,30/06/2025,0
3,08355388,ALLIED PROTEK ENGINEERING SOLUTIONS LIMITED,G-04221,POLUMA GROUP LIMITED,T4 Remainder,F,a) Building Construction (steel & metal),FULL,31/01/2025,0
3,06235048,ALLISON HOMES LIMITED,G-04227,ALLISON HOMES HOLDINGS LIMITED,T3 Large est.,F,Housebuilder/Developer (U2 candidate),FULL,30/09/2025,0
3,00960001,ALLMAND - SMITH LIMITED,G-04228,ALLMAND-SMITH GROUP LIMITED,T4 Remainder,B3+F,a) Building Construction (steel & metal),FULL,31/12/2024,0
3,15449270,ALTAIR GROUP LIMITED,G-04290,SLR GROUP HOLDINGS LIMITED,T3 Large est.,B3+F,b) M&E,TOTAL EXEMPTION FULL,31/01/2025,0
3,04197644,AMALGA LIMITED,G-04337,AMALGA HOLDINGS LIMITED,T3 Large est.,F,a) Building Construction (specialist trades),TOTAL EXEMPTION FULL,30/04/2025,0
3,01250869,ARMSTRONG-PRIESTLEY LIMITED,G-04811,ARMSTRONG PRIESTLEY HOLDINGS LIMITED,T4 Remainder,B3,b) M&E,FULL,31/03/2025,0
3,01068783,ASHE GROUP HOLDINGS LIMITED,G-04922,ASHE GROUP HOLDINGS LIMITED,T4 Remainder,F,Housebuilder/Developer (U2 candidate),GROUP,31/12/2024,0
3,SC214691,ASHLEIGH (SCOTLAND) LIMITED,G-04928,ASHLEIGH (SCOTLAND) LIMITED,T3 Large est.,B3,a) Building Construction,FULL,31/03/2025,0
3,02529333,ASPECT GROUP SERVICES LIMITED,G-04953,ASPECT GROUP HOLDINGS LIMITED,T4 Remainder,B3,a) Building Construction (specialist trades),FULL,30/04/2025,0
3,02412510,AVK/SEG LIMITED,G-05159,AVK POWER SOLUTIONS LIMITED,T2 A-class large,F,e) Maintenance/MRO (industrial),GROUP,31/03/2025,0
3,01368818,AVONDALE CONSTRUCTION LIMITED,G-05172,AVONDALE CONSTRUCTION LIMITED,T3 Large est.,B3,a) Building Construction (specialist trades),FULL,31/10/2025,0
3,03268873,AVV SOLUTIONS LIMITED,G-05183,AVV SOLUTIONS LIMITED,T2 A-class large,B3,a) Building Construction (specialist trades),TOTAL EXEMPTION FULL,30/04/2026,0
3,03772101,B.J. CHAMPION SCAFFOLDING LTD.,G-05267,B.J. CHAMPION HOLDINGS LTD.,T4 Remainder,F,Housebuilder/Developer (U2 candidate),SMALL,30/04/2025,0
3,SC277667,BSB STRUCTURAL LTD.,G-05291,BSB BIDCO LIMITED,T4 Remainder,F,a) Building Construction (steel & metal),FULL,31/03/2025,0
3,03773774,B.J. CHAMPION HOLDINGS LTD.,G-05267,B.J. CHAMPION HOLDINGS LTD.,T4 Remainder,F,Housebuilder/Developer (U2 candidate),GROUP,30/04/2025,0
3,02491994,B.J. CHAMPION CONTRACTORS LIMITED,G-05267,B.J. CHAMPION HOLDINGS LTD.,T4 Remainder,F,Housebuilder/Developer (U2 candidate),SMALL,30/04/2025,0
3,05265414,BAE SYSTEMS (HOLDINGS) LIMITED,G-05346,BAE SYSTEMS PLC,T2 A-class large,F,e) Maintenance/MRO (facilities),FULL,31/12/2024,0
3,01996687,BAE SYSTEMS (OPERATIONS) LIMITED,G-05346,BAE SYSTEMS PLC,T2 A-class large,F,e) Maintenance/MRO (facilities),FULL,31/12/2025,0
3,01957765,BAE SYSTEMS MARINE (HOLDINGS) LIMITED,G-05346,BAE SYSTEMS PLC,T2 A-class large,F,e) Maintenance/MRO (facilities),FULL,31/12/2024,0
3,06135651,BAE SYSTEMS SURFACE SHIPS (HOLDINGS) LIMITED,G-05346,BAE SYSTEMS PLC,T2 A-class large,F,e) Maintenance/MRO (facilities),FULL,31/12/2024,0
3,03431388,BATEMAN GROUNDWORKS LIMITED,G-05576,BATEMAN GROUNDWORKS TRUSTEES LIMITED,T4 Remainder,B3,c) Civil Engineering,FULL,31/12/2025,0
3,07236915,BCT SERVICES (SOUTH) LTD,G-05648,BCT GROUP HOLDINGS LTD,T3 Large est.,B3+F,c) Civil Engineering,UNAUDITED ABRIDGED,31/03/2025,0
3,09733378,BEAVER BRIDGES LIMITED,G-05688,BEAVER BRIDGES LIMITED,T3 Large est.,B1,c) Civil Engineering,FULL,31/03/2025,0
3,01700765,BECT BUILDING CONTRACTORS LIMITED,G-05708,UTC GROUP LIMITED,T4 Remainder,B2+F,Housebuilder/Developer (U2 candidate),FULL,30/06/2025,0
3,07437216,BELLROCK (C&P) ADVISORY LTD,G-05753,BELL ROCK WORKPLACE MANAGEMENT LIMITED,T3 Large est.,F,Housebuilder/Developer (U2 candidate),AUDIT EXEMPTION SUBSIDIARY,31/12/2024,0
3,13700608,BIKER GROUP HOLDINGS LIMITED,G-05901,BIKER GROUP VENTURES LIMITED,T4 Remainder,B3+F,a) Building Construction (interior/completion),GROUP,31/12/2024,0
3,02827132,BIKER BESPOKE LIMITED,G-05901,BIKER GROUP VENTURES LIMITED,T4 Remainder,B3+F,a) Building Construction (interior/completion),SMALL,31/12/2024,0
3,14221700,BRETT GROUP HOLDINGS LIMITED,G-06327,FURLEY PAGE EXECUTOR & TRUSTEE COMPANY LIMITED,T3 Large est.,B3,a) Building Construction,GROUP,31/12/2024,0
3,02062057,BRIDGEBANK LIMITED,G-06356,BRIDGEBANK GROUP LIMITED,T3 Large est.,F,c) Civil Engineering,FULL,31/01/2025,0
3,01182739,BROOKS AND WOOD LIMITED,G-06492,BROOKS AND WOOD GROUP LIMITED,T4 Remainder,F,a) Building Construction,FULL,30/09/2025,0
3,01561231,BTU (INSTALLATION & MAINTENANCE) LIMITED,G-06562,BTU HOLDINGS LTD,T4 Remainder,B3+F,b) M&E,FULL,31/10/2025,0
3,03584156,BUILDING MANAGEMENT SOLUTIONS INTEGRATORS LIMITED,G-06608,BEDROCK SYSTEMS BIDCO LIMITED,T4 Remainder,F,b) M&E,FULL,31/12/2024,0
3,00545646,BREE CONSTRUCTION (NORTH) LIMITED,G-06624,BREE HOMES GROUP LIMITED,T3 Large est.,F,Housebuilder/Developer (U2 candidate),FULL,31/03/2025,0
3,02261235,BUXTON BUILDING CONTRACTORS LIMITED,G-06697,ACRE 1228 LIMITED,T4 Remainder,F,Housebuilder/Developer (U2 candidate),FULL,31/07/2025,0
3,NI620836,BYRNE CONSTRUCTION LTD,G-06731,BYRNE CONSTRUCTION LTD,T3 Large est.,B3,a) Building Construction (interior/completion),TOTAL EXEMPTION FULL,31/10/2024,0
3,08428265,CALA GROUP (HOLDINGS) LIMITED,G-06904,FERGUSON BIDCO LIMITED,T3 Large est.,F,a) Building Construction (domestic) / U2 candidate,GROUP,31/12/2024,0
3,03054414,CAMBRIDGE MAINTENANCE SERVICES LIMITED,G-06959,MECSIA MIDCO LIMITED,T3 Large est.,F,e) Maintenance/MRO (facilities),AUDIT EXEMPTION SUBSIDIARY,31/12/2025,0
3,05661863,CAPITAL & REGIONAL HOLDINGS LIMITED,G-07031,NEWRIVER REIT PLC,T4 Remainder,F,Housebuilder/Developer (U2 candidate),FULL,31/03/2025,0
3,04288118,CARTER ELECTRICAL SERVICES LIMITED,G-07168,GRAVENHUNGER GROUP LIMITED,T4 Remainder,F,b) M&E,FULL,30/09/2025,0
3,09874998,CEMA GROUP LTD,G-07323,CEMA GROUP LTD,T3 Large est.,B3,b) M&E,GROUP,31/12/2024,0
3,06391276,CENTERCOMMS LIMITED,G-07333,CENTERCOMMS LIMITED,T4 Remainder,B3,c) Civil Engineering,FULL,31/05/2025,0
3,01978534,CENTRAL HEATING SERVICES LIMITED,G-07346,GREENVIEW GROUP HOLDINGS LIMITED,T4 Remainder,B3,b) M&E,SMALL,31/03/2024,0
3,NI635459,CENTUM ENGINEERING SERVICES LTD,G-07367,MCG FAMILY HOLDINGS LIMITED,T3 Large est.,B2,a) Building Construction (specialist trades),SMALL,31/12/2024,0
3,02210420,CHES (UK) LIMITED,G-07522,THERMAL CAPITAL HOLDINGS LIMITED,T2 A-class large,B3+F,b) M&E,TOTAL EXEMPTION FULL,31/03/2025,0
3,07889412,CITY ENERGY NETWORK LIMITED,G-07643,NEW DRAGON HOLDCO LTD,T4 Remainder,F,a) Building Construction (specialist trades),GROUP,31/01/2025,0
3,08149507,CLEAR LINE HOLDINGS LTD,G-07783,FASADGRUPPEN UK LIMITED,T4 Remainder,B1+F,a) Building Construction (specialist trades),GROUP,31/12/2024,0
3,03867792,CLEAR LINE MAINTENANCE LTD,G-07783,FASADGRUPPEN UK LIMITED,T4 Remainder,B1+F,a) Building Construction (specialist trades),FULL,31/12/2024,0
3,01853066,FOX BROTHERS (LEYLAND) LTD,G-07819,FOX BROTHERS HOLDINGS LIMITED,T4 Remainder,F,c) Civil Engineering,FULL,31/08/2025,0
3,01572590,LAVER GROUP LIMITED,G-07643,NEW DRAGON HOLDCO LTD,T4 Remainder,F,a) Building Construction (specialist trades),SMALL,31/01/2025,0
3,04083989,COLLINS EARTHWORKS LIMITED,G-07949,COLLINS EARTHWORKS LIMITED,T3 Large est.,B3,c) Civil Engineering (groundworks/demolition),FULL,30/11/2024,0
3,04657008,COLT CONSTRUCTION LTD,G-07962,COLT DEVELOPMENTS EOT LTD,T4 Remainder,B3,Housebuilder/Developer (U2 candidate),FULL,31/12/2024,0
3,04371530,BGIS BUILDING SERVICES MAINTENANCE LIMITED,G-07974,BGIS FACILITIES MANAGEMENT LIMITED,T4 Remainder,F,b) M&E,FULL,31/10/2024,0
3,NI037518,COMBINED FACILITIES MANAGEMENT LTD,G-07975,CFM GROUP HOLDINGS LTD,T2 A-class large,B3+F,a) Building Construction (specialist trades),FULL,31/03/2025,0
3,SC355872,COMPASS BUILDING AND CONSTRUCTION SERVICES LTD,G-08004,COMBAIST LIMITED,T4 Remainder,F,a) Building Construction,FULL,30/09/2025,0
3,03920337,CORRIGENDA LIMITED,G-08246,APLEONA UK PPP LIMITED,T2 A-class large,F,b) M&E,FULL,31/03/2025,0
3,01249197,R.J. HEATHMAN (CONTRACTORS) LIMITED,G-08322,R.J. HEATHMAN (CONTRACTORS) LIMITED,T4 Remainder,B3,c) Civil Engineering,FULL,31/03/2026,0
3,04373299,CROUDACE HOMES GROUP LIMITED,G-08473,CROUDACE HOMES GROUP LIMITED,T3 Large est.,B3,a) Building Construction (domestic) / U2 candidate,GROUP,31/12/2025,0
3,05960293,CTS OFFSHORE AND MARINE LIMITED,G-08539,CTS OFFSHORE AND MARINE LIMITED,T4 Remainder,B3,e) Maintenance/MRO (industrial),GROUP,31/12/2024,0
3,00549824,CULLUM DETUNERS LIMITED,G-08557,CULLUM EOT TRUSTEE LIMITED,T4 Remainder,B3,a) Building Construction (steel & metal),FULL,31/03/2025,0
3,SC144767,DARCHEM ENGINEERING LIMITED,G-08809,TRANSDIGM MICROWAVE LIMITED,T3 Large est.,F,a) Building Construction (steel & metal),FULL,30/09/2024,0
3,04346861,DAVIDSONS DEVELOPMENTS LIMITED,G-08906,DAVIDSONS DEVELOPMENTS LIMITED,T3 Large est.,B3,Housebuilder/Developer (U2 candidate),FULL,31/12/2025,0
3,02465079,DBD DISTRIBUTION LIMITED,G-08945,DBD EMPLOYEE OWNERSHIP TRUST LIMITED,T4 Remainder,B3,a) Building Construction (specialist trades),FULL,31/12/2025,0
3,07655869,DBD ENTERPRISES LIMITED,G-08945,DBD EMPLOYEE OWNERSHIP TRUST LIMITED,T4 Remainder,B3,a) Building Construction (specialist trades),GROUP,31/12/2025,0
3,00449118,DEELEY CONSTRUCTION LIMITED,G-09005,DEELEY GROUP LIMITED,T4 Remainder,B3,a) Building Construction,FULL,30/04/2025,0
3,01293493,DEELEY GROUP LIMITED,G-09005,DEELEY GROUP LIMITED,T4 Remainder,B3,a) Building Construction,GROUP,30/04/2025,0
3,01873018,DELRON SERVICES LIMITED,G-09038,DSL GROUP HOLDINGS LIMITED,T4 Remainder,B3,b) M&E,FULL,28/02/2026,0
3,05752285,DESIGNER M & E SERVICES UK LIMITED,G-09149,DESIGNER M & E SERVICES UK LIMITED,T4 Remainder,B3,a) Building Construction,FULL,31/03/2025,0
3,03462107,DOOCEY HOLDINGS LIMITED,G-09370,HIGGS TRUST CORPORATION LIMITED,T3 Large est.,B2+B3+F,c) Civil Engineering,FULL,31/07/2025,0
3,02818677,DSD CONSTRUCTION LIMITED,G-07819,FOX BROTHERS HOLDINGS LIMITED,T4 Remainder,F,c) Civil Engineering,FULL,31/12/2024,0
3,01990656,UI SOCIAL INFRASTRUCTURE LIMITED,G-09616,UNITED INFRASTRUCTURE MANAGEMENT LIMITED,T4 Remainder,F,a) Building Construction (interior/completion),FULL,31/03/2026,0
3,08594105,E PLAN ENERGY LIMITED,G-09676,DB CAPITAL INVESTMENTS LIMITED,T4 Remainder,B2+F,b) M&E,FULL,31/07/2025,0
3,03307848,EAGLE AUTOMATION SYSTEMS LIMITED,G-09711,SDIPTECH AB (PUBL),T4 Remainder,F,b) M&E,SMALL,31/12/2025,0
3,SC298533,ECG FACILITIES SERVICES LIMITED,G-06959,MECSIA MIDCO LIMITED,T3 Large est.,F,e) Maintenance/MRO (facilities),AUDIT EXEMPTION SUBSIDIARY,31/12/2025,0
3,03865004,ELITE LANDSCAPES LIMITED,G-10110,ELITE LANDSCAPES HOLDCO LIMITED,T4 Remainder,F,a) Building Construction (specialist trades),FULL,30/06/2025,0
3,14242484,EMERGENCY REPAIRS LIMITED,G-10192,EMERGENCY REPAIRS LIMITED,T3 Large est.,B3,b) M&E,MICRO ENTITY,31/07/2024,0
3,13146439,ENSHORE SUBSEA LIMITED,G-10304,ENSHORE SUBSEA LIMITED,T4 Remainder,B3,a) Building Construction (specialist trades),GROUP,31/12/2024,0
3,08350071,EPPH LIMITED,G-10367,IJP HOLDINGS LIMITED,T4 Remainder,F,b) M&E,FULL,31/03/2025,0
3,07742256,EPWIN GROUP LIMITED,G-10378,LAUMANN GROUP SE,T3 Large est.,B1+F,a) Building Construction (interior/completion),GROUP,31/12/2024,0
3,14445085,ERICO GROUP LTD,G-10406,ERICO GROUP LTD,T2 A-class large,B3,a) Building Construction (interior/completion),MICRO ENTITY,31/10/2025,0
3,01484358,EVANDER GLAZING AND LOCKS LIMITED,G-10378,LAUMANN GROUP SE,T3 Large est.,B1+F,a) Building Construction (interior/completion),FULL,31/03/2025,0
3,06259559,EVOENERGY LIMITED,G-10599,BRACKLEY HOLDINGS LIMITED,T4 Remainder,F,b) M&E,FULL,31/03/2025,0
3,15999253,EXYTE UK LIMITED,G-10679,EXYTE UK LIMITED,T2 A-class large,B3,b) M&E,SMALL,31/12/2025,0
3,NI004078,FARRANS LIMITED,G-10809,FARRANS LIMITED,T3 Large est.,B3,Housebuilder/Developer (U2 candidate),FULL,31/12/2024,0
3,02673066,UNITED INFRASTRUCTURE WATER LIMITED,G-10829,UI UTILITY INFRASTRUCTURE HOLDCO LIMITED,T3 Large est.,F,a) Building Construction (specialist trades),FULL,31/03/2026,0
3,08109560,FIRE-PRO LTD,G-10994,LOWE HOLDINGS LIMITED,T4 Remainder,F,b) M&E,MICRO ENTITY,30/06/2025,0
3,01652911,FORD CIVIL ENGINEERING LIMITED,G-11214,FORD CIVILS LTD,T4 Remainder,F,c) Civil Engineering,FULL,31/12/2024,0
3,00804642,FOX (OWMBY) LIMITED,G-11299,FOX (OWMBY) LIMITED,T4 Remainder,B3,c) Civil Engineering,GROUP,31/12/2024,0
3,02652113,FRANCIS & LEWIS INTERNATIONAL LIMITED,G-11325,HALEY SECURITIES LTD,T4 Remainder,B3+F,a) Building Construction (steel & metal),FULL,31/12/2025,0
3,04405016,G.PURCHASE CONSTRUCTION LIMITED,G-11551,WATES PROPERTY SERVICES LIMITED,T3 Large est.,B1,a) Building Construction (domestic) / U2 candidate,AUDIT EXEMPTION SUBSIDIARY,31/12/2025,0
3,02254217,GALTEC LIMITED,G-11645,GALTEC HOLDINGS LIMITED,T4 Remainder,B3,a) Building Construction (specialist trades),FULL,30/09/2025,0
3,06281466,GATEWAY CHASSIS SOLUTIONS LIMITED,G-11712,WSL CHASSIS DIVISION LIMITED,T3 Large est.,F,a) Building Construction (steel & metal),MEDIUM,31/12/2024,0
3,06569822,GATEWAY FABRICATIONS LIMITED,G-11712,WSL CHASSIS DIVISION LIMITED,T3 Large est.,F,a) Building Construction (steel & metal),TOTAL EXEMPTION FULL,31/12/2024,0
3,NI016265,GEDA CONSTRUCTION COMPANY LIMITED,G-11778,DSTA LTD,T4 Remainder,F,a) Building Construction,FULL,31/12/2025,0
3,02814031,GELDER LIMITED,G-11786,GELDER GROUP HOLDINGS LIMITED,T3 Large est.,F,a) Building Construction,MEDIUM,31/12/2025,0
3,04338791,GP GROUP LIMITED,G-12143,DLAP HOLDINGS LIMITED,T2 A-class large,F,b) M&E,TOTAL EXEMPTION FULL,28/02/2025,0
3,08075989,UNITED INFRASTRUCTURE CONNECTED LIMITED,G-10829,UI UTILITY INFRASTRUCTURE HOLDCO LIMITED,T3 Large est.,F,a) Building Construction (specialist trades),FULL,31/03/2026,0
3,07065896,GREEN FROG CONNECT LIMITED,G-12257,HANAB UK HOLDING LIMITED,T4 Remainder,F,c) Civil Engineering,GROUP,31/05/2025,0
3,NI686528,GREENVIEW GROUP HOLDINGS LIMITED,G-07346,GREENVIEW GROUP HOLDINGS LIMITED,T4 Remainder,B3,b) M&E,GROUP,31/03/2024,0
3,02237772,SWECO UK HOLDING LIMITED,G-12347,SWECO AB,T2 A-class large,F,c) Civil Engineering,GROUP,31/12/2025,0
3,03517348,GUILDMORE LTD.,G-12412,GUILDMORE GROUP LIMITED,T4 Remainder,B3+F,a) Building Construction,GROUP,31/03/2025,0
3,SC073414,H F ELECTRICAL LIMITED,G-12472,HF GROUP LIMITED,T3 Large est.,B3,b) M&E,GROUP,31/03/2025,0
3,SC142257,HAD-FAB LIMITED,G-12536,HAD-FAB LIMITED,T4 Remainder,B3,a) Building Construction (steel & metal),FULL,31/03/2026,0
3,01012909,HADEE ENGINEERING CO. LTD,G-12539,HALFWAY HOLDINGS NO. 2 LIMITED,T4 Remainder,B3+F,a) Building Construction (steel & metal),FULL,30/04/2025,0
3,04261333,HEATFORCE (WALES) LIMITED,G-07643,NEW DRAGON HOLDCO LTD,T4 Remainder,F,a) Building Construction (specialist trades),FULL,31/01/2025,0
3,06453721,NASMYTH HENTON LIMITED,G-12924,SIGMA ADVANCED SYSTEMS UK LTD,T4 Remainder,F,a) Building Construction (steel & metal),FULL,30/04/2025,0
3,SC109368,HESCOTT ENGINEERING COMPANY LIMITED,G-03957,AIM GROUP UK (HOLDINGS) LTD,T4 Remainder,F,a) Building Construction (steel & metal),MEDIUM,30/06/2025,0
3,SC316875,HF GROUP LIMITED,G-12472,HF GROUP LIMITED,T3 Large est.,B3,b) M&E,GROUP,31/03/2025,0
3,11531531,HODGSON ACOUSTICS COMPANY LTD,G-13206,IAC ACOUSTIC COMPANY UK LIMITED,T3 Large est.,B3,a) Building Construction (steel & metal),TOTAL EXEMPTION FULL,31/12/2021,0
3,02814205,COMBISAFE INTERNATIONAL LIMITED,G-13269,PIP GLOBAL SAFETY HOLDING UK LTD,T4 Remainder,F,a) Building Construction (specialist trades),FULL,31/12/2024,0
3,09060863,HOULIHAN & CO (HOLDINGS) LIMITED,G-13299,T HUNT CONSULTING CO LIMITED,T4 Remainder,F,c) Civil Engineering,GROUP,31/08/2025,0
3,01065430,HOULIHAN & CO. (EXCAVATIONS) LIMITED,G-13299,T HUNT CONSULTING CO LIMITED,T4 Remainder,F,c) Civil Engineering,FULL,31/08/2025,0
3,16033049,HOULIHAN & CO (GROUP) LIMITED,G-13299,T HUNT CONSULTING CO LIMITED,T4 Remainder,F,c) Civil Engineering,TOTAL EXEMPTION FULL,31/08/2025,0
3,09781647,IMPACT ENERGY LIMITED,G-13684,IMPACT ENERGY HOLDINGS LIMITED,T4 Remainder,F,b) M&E,FULL,31/03/2025,0
3,08320320,INFINITY FIRE PREVENTION LTD,G-13765,INFINITY GROUP OF COMPANIES LTD,T4 Remainder,B3+F,a) Building Construction (interior/completion),FULL,26/06/2025,0
3,09273081,INSTALOFT LTD,G-13821,LAPIS ENTERPRISES HOLDINGS LIMITED,T4 Remainder,F,b) M&E,FULL,30/04/2025,0
3,00279524,J.BRAND LIMITED,G-10994,LOWE HOLDINGS LIMITED,T4 Remainder,F,b) M&E,FULL,31/01/2025,0
3,01176060,J DEVINE CIVIL ENGINEERING LTD,G-14074,DEVINE HOLDINGS LIMITED,T4 Remainder,B3,c) Civil Engineering,FULL,31/07/2025,0
3,01615396,J. DEVINE PLANT HIRE LIMITED,G-14074,DEVINE HOLDINGS LIMITED,T4 Remainder,B3,c) Civil Engineering,SMALL,31/07/2025,0
3,00987946,J R INDUSTRIES LIMITED,G-09711,SDIPTECH AB (PUBL),T4 Remainder,F,b) M&E,FULL,31/12/2025,0
3,02471336,J.R. PICKSTOCK LIMITED,G-14144,ABLE 7 LIMITED,T3 Large est.,F,a) Building Construction,TOTAL EXEMPTION FULL,30/09/2025,0
3,11633704,TE PETERBOROUGH LIMITED,G-14226,DISRUPTIVE ENTREPRENEURIAL VENTURES LTD,T2 A-class large,B1+F,Housebuilder/Developer (U2 candidate),TOTAL EXEMPTION FULL,30/06/2025,0
3,08831030,JCW ENERGY SERVICES LIMITED,G-08246,APLEONA UK PPP LIMITED,T2 A-class large,F,b) M&E,FULL,31/12/2025,0
3,00820289,JERRAM FALKUS CONSTRUCTION LIMITED,G-14394,JERRAM FALKUS LTD,T4 Remainder,B3,Housebuilder/Developer (U2 candidate),FULL,31/07/2024,0
3,04882878,J O'DOHERTY HAULAGE LIMITED,G-14475,J O'DOHERTY HOLDINGS LIMITED,T4 Remainder,B3,a) Building Construction (specialist trades),FULL,31/03/2025,0
3,16007065,JOHN PAUL CONSTRUCTION (UK) LIMITED,G-14536,JOHN PAUL CONSTRUCTION (UK) LIMITED,T2 A-class large,B3,a) Building Construction,FULL,30/12/2025,0
3,10178589,JUBB GROUP LIMITED,G-14670,RISE MIDCO LIMITED,T2 A-class large,F,Housebuilder/Developer (U2 candidate),AUDIT EXEMPTION SUBSIDIARY,31/12/2024,0
3,04080619,JUBB CONSULTING ENGINEERS LIMITED,G-14670,RISE MIDCO LIMITED,T2 A-class large,F,Housebuilder/Developer (U2 candidate),AUDIT EXEMPTION SUBSIDIARY,31/12/2024,0
3,00960163,KARDEX SYSTEMS (UK) LIMITED,G-14755,KARDEX HOLDING AG,T4 Remainder,B1,e) Maintenance/MRO (industrial),FULL,31/12/2025,0
3,13289372,KBS MARITIME LIMITED,G-05346,BAE SYSTEMS PLC,T2 A-class large,F,e) Maintenance/MRO (facilities),FULL,31/12/2025,0
3,01274344,KELTBRAY LIMITED,G-14841,CRUMLIN CAPITAL LIMITED,T2 A-class large,F,c) Civil Engineering (groundworks/demolition),FULL,31/10/2025,0
3,01554321,KONCLUDE DEMOLITION LIMITED,G-14841,CRUMLIN CAPITAL LIMITED,T2 A-class large,F,c) Civil Engineering (groundworks/demolition),MICRO ENTITY,31/10/2025,0
3,01766240,KIRKMAN AND JOURDAIN LIMITED,G-15083,KIRKMAN AND JOURDAIN TRUSTEE LIMITED,T4 Remainder,B3,b) M&E,FULL,31/12/2024,0
3,05633442,KNIGHT HARWOOD LIMITED,G-15129,KHG LIMITED,T4 Remainder,B3+F,a) Building Construction (interior/completion),FULL,31/12/2025,0
3,03974921,KNORR-BREMSE RAIL SYSTEMS (UK) LIMITED,G-15143,KNORR-BREMSE AG,T3 Large est.,B1,e) Maintenance/MRO (industrial),FULL,31/12/2024,0
3,03325927,LEEDS BUILDING SERVICES LIMITED,G-15484,LBS ELECTRICAL LTD,T3 Large est.,B3+F,a) Building Construction (interior/completion),TOTAL EXEMPTION FULL,30/06/2025,0
3,01383597,LEETON ELECTRICAL LIMITED,G-03193,24-7 HOLDINGS LIMITED,T4 Remainder,F,b) M&E,TOTAL EXEMPTION FULL,31/03/2025,0
3,16348796,LG GROUP LTD,G-15563,LG GROUP LTD,T2 A-class large,B3,e) Maintenance/MRO (facilities),TOTAL EXEMPTION FULL,31/03/2026,0
3,01141788,WATES PROPERTY SERVICES LIMITED,G-11551,WATES PROPERTY SERVICES LIMITED,T3 Large est.,B1,a) Building Construction (domestic) / U2 candidate,GROUP,31/12/2025,0
3,06558623,LLANELEC HOLDINGS LIMITED,G-15684,NIDUM BIDCO LIMITED,T3 Large est.,F,a) Building Construction (steel & metal),GROUP,30/04/2025,0
3,01468061,LOANGUARD LIMITED,G-15713,WJP HOLDINGS 2025 LIMITED,T4 Remainder,F,a) Building Construction (specialist trades),FULL,31/03/2025,0
3,02152241,LOWE AND OLIVER LIMITED,G-10994,LOWE HOLDINGS LIMITED,T4 Remainder,F,b) M&E,MEDIUM,31/01/2025,0
3,00280349,LOWE HOLDINGS LIMITED,G-10994,LOWE HOLDINGS LIMITED,T4 Remainder,F,b) M&E,GROUP,31/01/2025,0
3,NI606238,LOWRY BUILDING & CIVIL ENGINEERING LTD,G-15871,LOWRY BUILDING & CIVIL ENGINEERING LTD,T4 Remainder,B3,c) Civil Engineering,FULL,31/03/2025,0
3,02426466,M & A DOOCEY CIVIL ENGINEERING LIMITED,G-09370,HIGGS TRUST CORPORATION LIMITED,T3 Large est.,B2+B3+F,c) Civil Engineering,FULL,31/07/2025,0
3,05346065,M A BROUGHTON HOLDINGS LIMITED,G-15980,M A BROUGHTON HOLDINGS LIMITED,T4 Remainder,F,b) M&E,FULL,28/02/2025,0
3,02208714,M. A. BROUGHTON (ELECTRICAL CONTRACTORS) LIMITED,G-15980,M A BROUGHTON HOLDINGS LIMITED,T4 Remainder,F,b) M&E,SMALL,28/02/2025,0
3,02207082,M. ANDERSON CONSTRUCTION LIMITED,G-15987,HARD HAT TRUSTEE LIMITED,T3 Large est.,F,Housebuilder/Developer (U2 candidate),FULL,31/03/2025,0
3,02410626,MACE LIMITED,G-16139,MACE CONSTRUCT HOLDINGS LIMITED,T2 A-class large,F,Housebuilder/Developer (U2 candidate),GROUP,31/12/2024,0
3,09887082,MACE CONSTRUCT LIMITED,G-16139,MACE CONSTRUCT HOLDINGS LIMITED,T2 A-class large,F,Housebuilder/Developer (U2 candidate),FULL,31/12/2024,0
3,04228706,MACE GROUP LIMITED,G-16139,MACE CONSTRUCT HOLDINGS LIMITED,T2 A-class large,F,Housebuilder/Developer (U2 candidate),AUDIT EXEMPTION SUBSIDIARY,31/12/2024,0
3,03754286,MARCOE ENGINEERING LIMITED,G-16318,MARCOE GROUP LTD,T4 Remainder,F,b) M&E,FULL,30/09/2025,0
3,11783671,MCS GROUP HOLDINGS LIMITED,G-16640,MCS GROUP HOLDINGS (WARWICK) LIMITED,T3 Large est.,B3+F,a) Building Construction,GROUP,31/05/2025,0
3,08780140,MERSEYLINK (HOLDINGS) LIMITED,G-16783,MG BRIDGE INVESTMENTS LIMITED,T2 A-class large,B1,c) Civil Engineering,GROUP,31/03/2025,0
3,00861809,MICHAEL J GALLAGHER CONTRACTORS LIMITED,G-16917,M J GALLAGHER HOLDINGS LIMITED,T4 Remainder,B3+F,a) Building Construction,GROUP,30/09/2025,0
3,SC255429,MILLER HOMES LIMITED,G-10769,MILLER MIDCO 1 LIMITED,T3 Large est.,F,a) Building Construction,FULL,31/12/2024,0
3,SC255430,MILLER HOMES HOLDINGS LIMITED,G-10769,MILLER MIDCO 1 LIMITED,T3 Large est.,F,a) Building Construction,AUDIT EXEMPTION SUBSIDIARY,31/12/2024,0
3,10854458,MILLER HOMES GROUP HOLDINGS LIMITED,G-10769,MILLER MIDCO 1 LIMITED,T3 Large est.,F,a) Building Construction,AUDIT EXEMPTION SUBSIDIARY,31/12/2024,0
3,03057104,SWECO CONSULTING ENGINEERS LIMITED,G-12347,SWECO AB,T2 A-class large,F,c) Civil Engineering,AUDIT EXEMPTION SUBSIDIARY,31/12/2025,0
3,05726148,MACE CONSTRUCT SPECIALIST SERVICES LIMITED,G-16139,MACE CONSTRUCT HOLDINGS LIMITED,T2 A-class large,F,Housebuilder/Developer (U2 candidate),AUDIT EXEMPTION SUBSIDIARY,31/12/2024,0
3,05348282,MY CONSTRUCTION LIMITED,G-17631,EJY LIMITED,T4 Remainder,F,Housebuilder/Developer (U2 candidate),FULL,30/09/2023,0
3,05635505,NEXUS INFRASTRUCTURE PLC,G-17946,NEXUS INFRASTRUCTURE PLC,T2 A-class large,B3,a) Building Construction (specialist trades),GROUP,30/09/2025,0
3,03229578,NRT BUILDING SERVICES GROUP LIMITED,G-18242,RGE MIDCO LIMITED,T4 Remainder,F,b) M&E,FULL,30/09/2025,0
3,01851782,NUSTEEL STRUCTURES LIMITED,G-18281,NUSTEEL HOLDINGS LIMITED,T4 Remainder,B3,a) Building Construction (steel & metal),FULL,31/10/2025,0
3,01168783,OLIVER CONNELL AND SON LIMITED,G-18420,OLIVER CONNELL AND SON LIMITED,T4 Remainder,B3,c) Civil Engineering,FULL,30/06/2025,0
3,10595920,GROUP OPUS LIMITED,G-18521,GROUP OPUS LIMITED,T2 A-class large,B3,b) M&E,TOTAL EXEMPTION FULL,31/12/2024,0
3,05482698,ORBIT GLOBAL SOLUTIONS LIMITED,G-18540,ORBIT HOLDINGS LIMITED,T3 Large est.,B3+F,b) M&E,GROUP,30/04/2025,0
3,03195231,P.J. LIVESEY HOLDINGS LIMITED,G-18676,P.J. LIVESEY HOLDINGS LIMITED,T4 Remainder,B3,a) Building Construction (domestic) / U2 candidate,GROUP,30/06/2025,0
3,09070750,PARETO FACILITIES MANAGEMENT LIMITED,G-18785,ALPHA GROUP MIDCO LIMITED,T4 Remainder,F,a) Building Construction (specialist trades),FULL,30/09/2025,0
3,04278499,PARKING FACILITIES LTD,G-18814,STRETTON HOLDINGS LIMITED,T4 Remainder,B1,a) Building Construction (specialist trades),FULL,31/12/2024,0
3,04662933,PELDON ROSE GROUP LIMITED,G-18959,OAKMEAD GROUP LIMITED,T2 A-class large,B3+F,a) Building Construction (specialist trades),GROUP,31/03/2025,0
3,01864404,PELLIKAAN (CONSTRUCTION) LIMITED,G-18967,PELLIKAAN (CONSTRUCTION) LIMITED,T4 Remainder,B3,a) Building Construction,FULL,31/12/2025,0
3,01051852,PETER DUFFY LIMITED,G-10829,UI UTILITY INFRASTRUCTURE HOLDCO LIMITED,T3 Large est.,F,a) Building Construction (specialist trades),FULL,31/05/2025,0
3,08318163,PHD ACCESS LTD,G-19087,PHD ACCESS LTD,T3 Large est.,B3,a) Building Construction (specialist trades),GROUP,31/08/2025,0
3,02690003,PHD MODULAR ACCESS SERVICES LIMITED,G-19087,PHD ACCESS LTD,T3 Large est.,B3,a) Building Construction (specialist trades),FULL,31/08/2025,0
3,00255476,PHOENIX ME LIMITED,G-19119,ARIZONA MIDCO LIMITED,T2 A-class large,F,b) M&E,FULL,30/09/2025,0
3,06038182,PHOTON ENERGY LIMITED,G-19128,PROJECT BETTER ENERGY LIMITED,T3 Large est.,F,a) Building Construction (specialist trades),TOTAL EXEMPTION FULL,31/03/2025,0
3,10447359,PRECISE INTERIORS LLC LIMITED,G-19440,PRECISE INTERIORS LLC LIMITED,T3 Large est.,B3,a) Building Construction (domestic) / U2 candidate,TOTAL EXEMPTION FULL,31/03/2026,0
3,12460333,PREMIER PLANT AND TOOL HIRE LTD,G-19481,MARODACH LIMITED,T3 Large est.,F,a) Building Construction,MEDIUM,31/01/2026,0
3,09400686,PRIMECH BUILDING SERVICES LIMITED,G-19533,SYNTTRA GROUP LTD,T4 Remainder,B3+F,b) M&E,FULL,31/03/2026,0
3,07121484,PROJECT FF&E LIMITED,G-19611,PROJECT GROUP UK HOLDINGS LIMITED,T4 Remainder,F,a) Building Construction (interior/completion),FULL,31/12/2024,0
3,07673744,PROJECT SOLAR UK LIMITED,G-19128,PROJECT BETTER ENERGY LIMITED,T3 Large est.,F,a) Building Construction (specialist trades),FULL,31/03/2025,0
3,02810263,QUADRON SERVICES LIMITED,G-19799,IDVERDE HOLDINGS LIMITED,T2 A-class large,F,e) Maintenance/MRO (facilities),AUDIT EXEMPTION SUBSIDIARY,31/12/2024,0
3,00822836,R. MOULDING & CO. (SALISBURY) LIMITED,G-19959,MOULDING TRUSTEES LIMITED,T4 Remainder,B3,a) Building Construction (domestic) / U2 candidate,FULL,31/12/2024,0
3,10876634,RADII PLANET GROUP LIMITED,G-20016,RADII PLANT GROUP MIDCO LIMITED,T2 A-class large,F,b) M&E,GROUP,31/12/2025,0
3,04971911,RADII PARTITIONING LIMITED,G-20016,RADII PLANT GROUP MIDCO LIMITED,T2 A-class large,F,b) M&E,FULL,31/12/2025,0
3,08534898,RE-GEN (UK) CONSTRUCTION LIMITED,G-20165,RE-GEN PARTNERS LTD,T4 Remainder,F,a) Building Construction,FULL,30/11/2025,0
3,03531018,REGAL REAL ESTATES LIMITED,G-20265,ARADA UK HOLDINGS LIMITED,T4 Remainder,F,Housebuilder/Developer (U2 candidate),FULL,31/03/2025,0
3,11577066,REGAL TWO LONDON CONSTRUCTION LIMITED,G-20265,ARADA UK HOLDINGS LIMITED,T4 Remainder,F,Housebuilder/Developer (U2 candidate),FULL,31/03/2025,0
3,03427453,RES GROUP LIMITED,G-20360,RES GROUP HOLDINGS LTD,T2 A-class large,B3,b) M&E,MEDIUM,31/12/2024,0
3,SC472830,RESOURCE DATA MANAGEMENT GROUP LIMITED,G-09711,SDIPTECH AB (PUBL),T4 Remainder,F,b) M&E,FULL,31/12/2024,0
3,04617703,RESPONSIVE ENGINEERING LIMITED,G-20372,PEARSON ENGINEERING LIMITED,T2 A-class large,B1,a) Building Construction (steel & metal),FULL,31/12/2025,0
3,02477048,RGCM (HOLDINGS) LIMITED,G-20405,SPRITESTORE LIMITED,T4 Remainder,B3,a) Building Construction,FULL,31/12/2024,0
3,OC309402,RIDGE AND PARTNERS LLP,G-14670,RISE MIDCO LIMITED,T2 A-class large,F,Housebuilder/Developer (U2 candidate),GROUP,31/12/2024,0
3,05226585,IM AUTOMATION SYSTEMS LIMITED,G-20542,IMAS HOLDINGS LIMITED,T3 Large est.,F,e) Maintenance/MRO (industrial),MEDIUM,31/01/2025,0
3,SC185956,ROBERTSON FACILITIES MANAGEMENT LIMITED,G-20625,ROBERTSON FACILITIES MANAGEMENT LIMITED,T2 A-class large,B3,e) Maintenance/MRO (facilities),FULL,30/06/2025,0
3,SC329233,ROBERTSON CONSTRUCTION CENTRAL SCOTLAND LIMITED,G-20626,ROBERTSON CONSTRUCTION CENTRAL SCOTLAND LIMITED,T3 Large est.,B3,a) Building Construction,FULL,30/06/2025,0
3,10966583,RYDON GROUP HOLDINGS LIMITED,G-20934,RYDON GROUP HOLDINGS LIMITED,T3 Large est.,B3,Housebuilder/Developer (U2 candidate),GROUP,30/09/2025,0
3,01268689,SPECIALIST BUILDING PRODUCTS LIMITED,G-10378,LAUMANN GROUP SE,T3 Large est.,B1+F,a) Building Construction (interior/completion),FULL,31/12/2024,0
3,03529448,S W BRUCE & COMPANY LIMITED,G-21026,SWB HOLDINGS LIMITED,T4 Remainder,B3,a) Building Construction (interior/completion),FULL,30/06/2025,0
3,03219937,SAFE AND SECURE LIMITED,G-21071,GRIMSBY UPVC REPAIRS & INSTALLATIONS LIMITED,T3 Large est.,B3+F,a) Building Construction (interior/completion),MICRO ENTITY,30/06/2025,0
3,04121857,SALE SERVICE AND MAINTENANCE LTD.,G-21101,SG TRUSTEE LIMITED,T4 Remainder,B3,b) M&E,FULL,31/12/2024,0
3,01914167,SCOTT -  OSBORN LIMITED,G-21296,SCOTT -  OSBORN LIMITED,T4 Remainder,B3,a) Building Construction (interior/completion),FULL,30/09/2025,0
3,05719596,SMARTER SERVICES LTD,G-21987,SMARTER SERVICES GROUP LIMITED,T4 Remainder,B2,e) Maintenance/MRO (facilities),FULL,28/02/2025,0
3,01458946,SOWGA LTD,G-18785,ALPHA GROUP MIDCO LIMITED,T4 Remainder,F,a) Building Construction (specialist trades),MEDIUM,30/09/2025,0
3,11714098,SPECIALIST BUILDING CONTRACTING LIMITED,G-10378,LAUMANN GROUP SE,T3 Large est.,B1+F,a) Building Construction (interior/completion),FULL,31/12/2024,0
3,16010645,SPELLER METCALFE GROUP LIMITED,G-22371,SPELLER METCALFE GROUP LIMITED,T3 Large est.,B3,Housebuilder/Developer (U2 candidate),GROUP,31/03/2026,0
3,06740741,SPELLER METCALFE GLOUCESTER LIMITED,G-22371,SPELLER METCALFE GROUP LIMITED,T3 Large est.,B3,Housebuilder/Developer (U2 candidate),SMALL,31/03/2026,0
3,03127386,SPELLER METCALFE MALVERN LIMITED,G-22371,SPELLER METCALFE GROUP LIMITED,T3 Large est.,B3,Housebuilder/Developer (U2 candidate),FULL,31/03/2026,0
3,09095920,ST. MODWEN HOMES LIMITED,G-10769,MILLER MIDCO 1 LIMITED,T3 Large est.,F,a) Building Construction,FULL,30/04/2025,0
3,01180826,STANAIR INDUSTRIAL DOOR SERVICES LIMITED,G-22543,STANAIR INDUSTRIAL DOOR SERVICES LIMITED,T4 Remainder,B3,a) Building Construction (specialist trades),GROUP,31/08/2025,0
3,SC358097,STARFISH 9 LTD,G-22572,STARFISH 9 LTD,T4 Remainder,B3,a) Building Construction,FULL,31/03/2025,0
3,02275441,STORY HOMES LIMITED,G-22755,STORY HOMES LIMITED,T3 Large est.,B3,a) Building Construction (domestic) / U2 candidate,FULL,31/03/2025,0
3,04501131,ASSIST MANAGED SERVICES LIMITED,G-19799,IDVERDE HOLDINGS LIMITED,T2 A-class large,F,e) Maintenance/MRO (facilities),AUDIT EXEMPTION SUBSIDIARY,31/12/2024,0
3,09709535,STRUCTURAL GROUP LIMITED,G-22801,HK HOLDINGS SOUTH LIMITED,T3 Large est.,B3+F,a) Building Construction (specialist trades),MICRO ENTITY,31/07/2025,0
3,02888385,SWECO UK LIMITED,G-12347,SWECO AB,T2 A-class large,F,c) Civil Engineering,AUDIT EXEMPTION SUBSIDIARY,31/12/2025,0
3,04169879,T GILMARTIN LIMITED,G-23097,T GILMARTIN HOLDINGS LIMITED,T4 Remainder,B3,a) Building Construction (interior/completion),FULL,31/03/2025,0
3,00383513,T.J.EVERS LIMITED,G-23103,TREVESTER LIMITED,T4 Remainder,B3,a) Building Construction,FULL,31/10/2025,0
3,01268060,TAMDOWN GROUP LIMITED,G-17946,NEXUS INFRASTRUCTURE PLC,T2 A-class large,B3,a) Building Construction (specialist trades),FULL,30/09/2025,0
3,02567667,TC FACILITIES MANAGEMENT LIMITED,G-23278,TC FACILITIES MANAGEMENT LIMITED,T2 A-class large,B3,e) Maintenance/MRO (facilities),GROUP,31/03/2025,0
3,09588685,TCS GROUP LIMITED,G-23286,BCHC TRADING LTD,T4 Remainder,B3+F,a) Building Construction (interior/completion),GROUP,30/09/2025,0
3,05237039,TCS SCREEDING LIMITED,G-23286,BCHC TRADING LTD,T4 Remainder,B3+F,a) Building Construction (interior/completion),FULL,30/09/2025,0
3,08895442,TGM FACADES UK LIMITED,G-23472,TGM HOLDING B.V.,T4 Remainder,B3,b) M&E,FULL,31/12/2025,0
3,03752249,TONE SCAFFOLDING SERVICES LIMITED,G-23874,TONE GROUP LIMITED,T3 Large est.,B3,a) Building Construction (specialist trades),FULL,31/12/2024,0
3,04815709,TRIPOD CREST GROUP LIMITED,G-24122,CREST HOLDINGS GROUP LIMITED,T4 Remainder,F,c) Civil Engineering,GROUP,28/02/2025,0
3,SC044355,TURNER AVIATION LIMITED,G-24234,VSE CORPORATION,T4 Remainder,B1+F,e) Maintenance/MRO (industrial),FULL,31/03/2025,0
3,10217804,TURNER CONSTRUCTION LIMITED,G-24235,TURNER CONSTRUCTION LIMITED,T3 Large est.,B3,a) Building Construction (domestic) / U2 candidate,TOTAL EXEMPTION FULL,30/06/2025,0
3,SC101126,V.W.S. LIMITED,G-24585,VWS 2024 LIMITED,T2 A-class large,B3+F,a) Building Construction (specialist trades),TOTAL EXEMPTION FULL,30/09/2025,0
3,05846208,VALLECTRIC (HOLDINGS) LIMITED,G-24618,VALLECTRIC EMPLOYEE OWNERSHIP TRUSTEES LIMITED,T4 Remainder,B3,b) M&E,GROUP,31/03/2025,0
3,04698767,VENTUS ENERGY LIMITED,G-24698,RTS WIND GROUP LTD,T4 Remainder,F,a) Building Construction (specialist trades),FULL,31/12/2025,0
3,01471587,VODAFONE LIMITED,G-24826,VODAFONE INTERNATIONAL OPERATIONS LIMITED,T2 A-class large,F,e) Maintenance/MRO (industrial),FULL,31/03/2025,0
3,04415135,WAITINGS LIMITED,G-24971,WAITINGS HOLDINGS LIMITED,T4 Remainder,B3+F,c) Civil Engineering,FULL,30/09/2025,0
3,00352437,WALTER LILLY & CO. LIMITED,G-25015,WIZE HOLDINGS LIMITED,T4 Remainder,B3+F,a) Building Construction,FULL,31/12/2024,0
3,05334073,WEFCO (GAINSBOROUGH) LIMITED,G-25177,WEFCO (GAINSBOROUGH) LIMITED,T4 Remainder,B1,a) Building Construction (steel & metal),FULL,30/09/2024,0
3,SC211502,WELDING ENGINEERS (HOLDINGS) LIMITED,G-25190,FORESIGHT REGIONAL INVESTMENT V GENERAL PARTNER LLP,T4 Remainder,B1+F,a) Building Construction (specialist trades),GROUP,31/12/2024,0
3,01399152,WELDING ENGINEERS (HERTFORD) LIMITED,G-25190,FORESIGHT REGIONAL INVESTMENT V GENERAL PARTNER LLP,T4 Remainder,B1+F,a) Building Construction (specialist trades),SMALL,31/12/2024,0
3,10337588,WESTGREEN HOLDINGS LIMITED,G-25294,WGM TOPCO LIMITED,T4 Remainder,B3+F,Housebuilder/Developer (U2 candidate),GROUP,29/03/2025,0
3,03757739,WESTGREEN CONSTRUCTION LTD,G-25294,WGM TOPCO LIMITED,T4 Remainder,B3+F,Housebuilder/Developer (U2 candidate),FULL,29/03/2025,0
3,02441153,WHEELDON BROTHERS LIMITED,G-25340,WHEELDON BROTHERS LIMITED,T3 Large est.,B3,Housebuilder/Developer (U2 candidate),GROUP,30/06/2025,0
3,01989247,WILLIAM HALEY ENGINEERING LIMITED,G-11325,HALEY SECURITIES LTD,T4 Remainder,B3+F,a) Building Construction (steel & metal),FULL,31/12/2025,0
3,11959094,WINTHROP TECHNOLOGIES UK LIMITED,G-25520,BLACKSTONE INC.,T2 A-class large,B1,a) Building Construction,SMALL,31/12/2025,0
3,04135363,WINVIC CONSTRUCTION LIMITED,G-19481,MARODACH LIMITED,T3 Large est.,F,a) Building Construction,FULL,31/01/2026,0
3,SC149291,ETHOSENERGY (GBR) LIMITED,G-25579,OEP EMERALD BIDCO LIMITED,T4 Remainder,F,e) Maintenance/MRO (industrial),FULL,31/12/2025,0
3,16005057,WPD LTD,G-25643,WPD LTD,T2 A-class large,B3,b) M&E,MICRO ENTITY,31/10/2025,0
3,00504927,WW MARTIN LTD,G-24938,WW MARTIN GROUP LTD,T4 Remainder,F,a) Building Construction,GROUP,28/02/2025,0
3,09556990,SURESERVE COMPLIANCE ELECTRICAL NORTH LIMITED,G-25912,SURESERVE HOLDINGS LIMITED,T2 A-class large,F,b) M&E,TOTAL EXEMPTION FULL,30/04/2024,-30
3,01956726,SURESERVE ENERGY SERVICES NORTH LIMITED,G-25912,SURESERVE HOLDINGS LIMITED,T2 A-class large,F,b) M&E,FULL,30/09/2025,-30
3,09095860,SURESERVE COMPLIANCE ELECTRICAL HOLDINGS LIMITED,G-25912,SURESERVE HOLDINGS LIMITED,T2 A-class large,F,b) M&E,GROUP,31/03/2025,-30
3,07433422,SURESERVE ENERGY SERVICES SOUTH WEST LIMITED,G-25912,SURESERVE HOLDINGS LIMITED,T2 A-class large,F,b) M&E,FULL,30/09/2025,-30
3,01830283,SURESERVE COMPLIANCE ELECTRICAL LIMITED,G-25912,SURESERVE HOLDINGS LIMITED,T2 A-class large,F,b) M&E,FULL,31/03/2025,-30
3,04552613,R. DUNHAM (UK) LIMITED,G-25912,SURESERVE HOLDINGS LIMITED,T2 A-class large,F,b) M&E,SMALL,31/03/2025,-30
3,02504054,SURESERVE COMPLIANCE FIRE LIMITED,G-25912,SURESERVE HOLDINGS LIMITED,T2 A-class large,F,b) M&E,FULL,30/09/2025,-30
3,01076034,SWALE HEATING LIMITED,G-25912,SURESERVE HOLDINGS LIMITED,T2 A-class large,F,b) M&E,FULL,30/09/2025,-30
3,00492042,J. MURPHY & SONS LIMITED,G-25918,MARYLAND 1951 LIMITED,T2 A-class large,F,c) Civil Engineering,GROUP,31/12/2025,-640
3,08497451,LAND AND MARINE ENGINEERING LIMITED,G-25918,MARYLAND 1951 LIMITED,T2 A-class large,F,c) Civil Engineering,SMALL,31/12/2025,-640
3,00986181,MURPHY PLANT LIMITED,G-25918,MARYLAND 1951 LIMITED,T2 A-class large,F,c) Civil Engineering,FULL,31/12/2025,-640
4,02079607,ELLIOTTS PREMIER ROOFING LIMITED,G-03120,ELLIOTT BROTHERS LIMITED,T2 A-class large,,a) Building Construction (specialist trades),SMALL,31/12/2024,0
4,10023617,000 LTD,G-03148,000 LTD,T2 A-class large,,b) M&E,MICRO ENTITY,28/02/2022,0
4,SC244176,A & J RALSTON LIMITED,G-03267,A & J RALSTON LIMITED,T2 A-class large,,Housebuilder/Developer (U2 candidate),UNAUDITED ABRIDGED,31/03/2025,0
4,02615971,A D I MECHANICAL LIMITED,G-03309,SYSTEMS ADI GROUP HOLDINGS LIMITED,T2 A-class large,,b) M&E,FULL,31/12/2024,0
4,02623694,AARSLEFF GROUND ENGINEERING LIMITED,G-03471,PER AARSLEFF A/S,T2 A-class large,,a) Building Construction (specialist trades),GROUP,30/09/2025,0
4,02471373,ADI ELECTRICAL LIMITED,G-03309,SYSTEMS ADI GROUP HOLDINGS LIMITED,T2 A-class large,,b) M&E,FULL,31/12/2024,0
4,07308745,ADI FIRE AND SECURITY LIMITED,G-03309,SYSTEMS ADI GROUP HOLDINGS LIMITED,T2 A-class large,,b) M&E,SMALL,31/12/2024,0
4,10148262,AFC GROUP LTD,G-03894,AFC GROUP LTD,T2 A-class large,,a) Building Construction (specialist trades),MICRO ENTITY,31/03/2025,0
4,03245223,AINSCOUGH CRANE HIRE LTD,G-03959,GSO CAPITAL PARTNERS (UK) LIMITED,T2 A-class large,,a) Building Construction (specialist trades),FULL,26/09/2025,0
4,11017354,ALDAMA LTD,G-04113,ALDAMA LTD,T2 A-class large,,b) M&E,MICRO ENTITY,31/10/2025,0
4,01367044,CARILLION (AM) LIMITED,G-04146,CARILLION PLC,T2 A-class large,,a) Building Construction,FULL,31/12/2016,0
4,00885404,CARILLION AM GOVERNMENT LIMITED,G-04146,CARILLION PLC,T2 A-class large,,a) Building Construction,FULL,31/12/2016,0
4,00961738,CARILLION PROJECT SERVICES HOLDINGS LIMITED,G-04146,CARILLION PLC,T2 A-class large,,a) Building Construction,TOTAL EXEMPTION FULL,31/12/2016,0
4,10048573,ALP GROUP LIMITED,G-04249,ALP GROUP LIMITED,T2 A-class large,,a) Building Construction (specialist trades),TOTAL EXEMPTION FULL,31/03/2026,0
4,04267912,GE VERNOVA UK HOLDINGS LTD.,G-04275,GE VERNOVA UK HOLDINGS LTD.,T2 A-class large,,e) Maintenance/MRO (industrial),FULL,31/12/2025,0
4,11280372,ALTRAD HOLDINGS LTD,G-04300,ALTRAD HOLDINGS LTD,T2 A-class large,,a) Building Construction (specialist trades),MICRO ENTITY,26/03/2025,0
4,05360868,AMEY POWER SERVICES LIMITED,G-04422,ENTERPRISE HOLDING COMPANY NO1 LIMITED,T2 A-class large,,a) Building Construction (specialist trades),FULL,31/12/2025,0
4,00210138,LEVIAT LIMITED,G-04478,CRH PLC,T2 A-class large,,a) Building Construction (steel & metal),FULL,31/12/2024,0
4,04955841,UK GRID SOLUTIONS LIMITED,G-04275,GE VERNOVA UK HOLDINGS LTD.,T2 A-class large,,e) Maintenance/MRO (industrial),FULL,31/12/2025,0
4,08022090,ARCO DECORATIONS LIMITED,G-04785,ARCO DECORATIONS LIMITED,T2 A-class large,,a) Building Construction (interior/completion),TOTAL EXEMPTION FULL,30/04/2025,0
4,01370600,ASD LIMITED,G-04896,ANON UK HOLDING LIMITED,T2 A-class large,,a) Building Construction (steel & metal),FULL,31/12/2024,0
4,15478568,BA18 CONSTRUCTION LTD,G-05326,BA18 CONSTRUCTION LTD,T2 A-class large,,a) Building Construction,MICRO ENTITY,31/03/2025,0
4,NI603296,BAM CONTRACTORS (N.I.) LTD,G-05450,ROYAL BAM GROUP N.V.,T2 A-class large,,a) Building Construction,FULL,31/12/2025,0
4,00485692,KELLER LIMITED,G-05586,KELLER GROUP PLC,T2 A-class large,,a) Building Construction (specialist trades),FULL,31/12/2025,0
4,SC206139,BEAR SCOTLAND LIMITED,G-05676,BEAR SCOTLAND LIMITED,T2 A-class large,,c) Civil Engineering,GROUP,31/12/2024,0
4,00506133,BECHTEL LIMITED,G-05694,BECHTEL LIMITED,T2 A-class large,,c) Civil Engineering,FULL,31/12/2024,0
4,03389340,BELECTRIC LIMITED,G-05735,BELECTRIC LIMITED,T2 A-class large,,b) M&E,UNAUDITED ABRIDGED,31/03/2025,0
4,01372603,BELLWAY P L C,G-05758,BELLWAY P L C,T2 A-class large,,a) Building Construction (domestic) / U2 candidate,GROUP,31/07/2025,0
4,15757117,BELLWAY HOME SPACE LIMITED,G-05758,BELLWAY P L C,T2 A-class large,,a) Building Construction (domestic) / U2 candidate,FULL,31/07/2025,0
4,00670176,BELLWAY HOMES LIMITED,G-05758,BELLWAY P L C,T2 A-class large,,a) Building Construction (domestic) / U2 candidate,FULL,31/07/2025,0
4,09623441,BOILER BEE LIMITED,G-06129,BOILER BEE LIMITED,T2 A-class large,,e) Maintenance/MRO (industrial),MICRO ENTITY,31/10/2022,0
4,09475938,BOK LIMITED,G-06131,BOK LIMITED,T2 A-class large,,c) Civil Engineering,TOTAL EXEMPTION FULL,31/03/2025,0
4,03629855,BRIDGES ELECTRICAL LIMITED,G-06361,BRIDGES ELECTRICAL LIMITED,T2 A-class large,,b) M&E,MICRO ENTITY,31/12/2025,0
4,03541311,BRIGGS AMASCO LIMITED,G-06370,IKO HOLDINGS PLC,T2 A-class large,,a) Building Construction (specialist trades),FULL,31/12/2025,0
4,08811254,BRITISH GAS LIMITED,G-06427,CENTRICA HOLDINGS LIMITED,T2 A-class large,,b) M&E,FULL,31/12/2025,0
4,06723244,BRITISH GAS NEW HEATING LIMITED,G-06427,CENTRICA HOLDINGS LIMITED,T2 A-class large,,b) M&E,FULL,31/12/2025,0
4,03078711,BRITISH GAS TRADING LIMITED,G-06427,CENTRICA HOLDINGS LIMITED,T2 A-class large,,b) M&E,FULL,31/12/2024,0
4,01892133,BROWN AND MASON GROUP LIMITED,G-06502,NRLB LIMITED,T2 A-class large,,c) Civil Engineering (groundworks/demolition),FULL,30/04/2025,0
4,03964578,BUCKINGHAM LIMITED,G-06572,BUCKINGHAM LIMITED,T2 A-class large,,b) M&E,TOTAL EXEMPTION FULL,31/03/2025,0
4,08246443,BUUK INFRASTRUCTURE NO 2 LIMITED,G-06695,BUUK INFRASTRUCTURE (JERSEY) LIMITED,T2 A-class large,,b) M&E,GROUP,31/12/2024,0
4,09338369,BYSTEEL UK LIMITED,G-06736,BYSTEEL UK LIMITED,T2 A-class large,,a) Building Construction (specialist trades),SMALL,31/12/2024,0
4,02276120,BYSTRONIC UK LIMITED,G-06737,BYSTRONIC AG,T2 A-class large,,e) Maintenance/MRO (industrial),FULL,31/12/2025,0
4,01809458,BYZAK LIMITED,G-04422,ENTERPRISE HOLDING COMPANY NO1 LIMITED,T2 A-class large,,a) Building Construction (specialist trades),FULL,31/12/2025,0
4,SC051530,C R SMITH GLAZIERS (DUNFERMLINE) LIMITED,G-06822,C&C 23 LIMITED,T2 A-class large,,Housebuilder/Developer (U2 candidate),FULL,31/12/2025,0
4,10435763,C & G GROUP LIMITED,G-06846,C & G GROUP LIMITED,T2 A-class large,,a) Building Construction (specialist trades),UNAUDITED ABRIDGED,31/03/2025,0
4,03782379,CARILLION PLC,G-04146,CARILLION PLC,T2 A-class large,,a) Building Construction,GROUP,31/12/2016,0
4,SC020258,CARILLION (AMBS) LIMITED,G-04146,CARILLION PLC,T2 A-class large,,a) Building Construction,FULL,31/12/2016,0
4,00247624,CARILLION CAPITAL PROJECTS LIMITED,G-04146,CARILLION PLC,T2 A-class large,,a) Building Construction,TOTAL EXEMPTION FULL,31/12/2016,0
4,00594581,CARILLION CONSTRUCTION LIMITED,G-04146,CARILLION PLC,T2 A-class large,,a) Building Construction,FULL,31/12/2016,0
4,03858865,CARILLION ENERGY SERVICES LIMITED,G-04146,CARILLION PLC,T2 A-class large,,a) Building Construction,FULL,31/12/2016,0
4,03198709,CARILLION LGS LIMITED,G-04146,CARILLION PLC,T2 A-class large,,a) Building Construction,FULL,31/12/2016,0
4,00077628,CARILLION JM LIMITED,G-04146,CARILLION PLC,T2 A-class large,,a) Building Construction,FULL,31/12/2016,0
4,03011791,CARILLION SERVICES LIMITED,G-04146,CARILLION PLC,T2 A-class large,,a) Building Construction,FULL,31/12/2016,0
4,00728599,CARILLION UTILITY SERVICES LIMITED,G-04146,CARILLION PLC,T2 A-class large,,a) Building Construction,FULL,31/12/2016,0
4,05428762,AMEY DEFENCE SERVICES LIMITED,G-04422,ENTERPRISE HOLDING COMPANY NO1 LIMITED,T2 A-class large,,a) Building Construction (specialist trades),FULL,31/12/2025,0
4,11237388,CATALIN LIMITED LTD,G-07220,CATALIN LIMITED LTD,T2 A-class large,,a) Building Construction (domestic) / U2 candidate,MICRO ENTITY,31/03/2025,0
4,03465952,CB&I GROUP UK LIMITED,G-07250,MCDERMOTT ENERGY SOLUTIONS (UK) LIMITED,T2 A-class large,,a) Building Construction (specialist trades),SMALL,31/12/2024,0
4,06371971,CCL (GB) LTD.,G-07275,CCL STRESSING INTERNATIONAL LIMITED,T2 A-class large,,a) Building Construction,SMALL,31/12/2025,0
4,01874716,CENTRICA BUSINESS SOLUTIONS UK LIMITED,G-06427,CENTRICA HOLDINGS LIMITED,T2 A-class large,,b) M&E,FULL,31/12/2025,0
4,02877398,CENTRICA ENERGY LIMITED,G-06427,CENTRICA HOLDINGS LIMITED,T2 A-class large,,b) M&E,FULL,31/12/2025,0
4,07317046,CES GROUP LTD,G-07387,CES GROUP LTD,T2 A-class large,,a) Building Construction (specialist trades),TOTAL EXEMPTION FULL,31/03/2025,0
4,12661700,CH2M HILL HOLDINGS LIMITED,G-07415,JACOBS SOLUTIONS INC.,T2 A-class large,,c) Civil Engineering,FULL,26/09/2025,0
4,11199081,CHECKMATE HOLDINGS GROUP LIMITED,G-07486,BAY MIDCO LIMITED,T2 A-class large,,a) Building Construction (specialist trades),AUDIT EXEMPTION SUBSIDIARY,30/09/2025,0
4,03358695,CHEEMA SERVICES LTD,G-07492,CHEEMA SERVICES LTD,T2 A-class large,,b) M&E,SMALL,31/08/2023,0
4,05960637,TOUREEN BUILD LIMITED,G-07634,TOUREEN TRUSTEES LIMITED,T2 A-class large,,a) Building Construction,FULL,31/07/2025,0
4,05796284,CLM DELIVERY PARTNER LIMITED,G-07415,JACOBS SOLUTIONS INC.,T2 A-class large,,c) Civil Engineering,TOTAL EXEMPTION FULL,31/12/2025,0
4,05738122,COLIN OWEN LIMITED,G-07937,COLIN OWEN LIMITED,T2 A-class large,,a) Building Construction (interior/completion),TOTAL EXEMPTION FULL,13/09/2024,0
4,12234888,CONSTRACTION UK LTD,G-08118,CONSTRACTION UK LTD,T2 A-class large,,a) Building Construction (steel & metal),MICRO ENTITY,30/09/2024,0
4,05571739,GE ENERGY POWER CONVERSION UK LIMITED,G-04275,GE VERNOVA UK HOLDINGS LTD.,T2 A-class large,,e) Maintenance/MRO (industrial),FULL,31/12/2024,0
4,07737521,CORMAC CONTRACTING LIMITED,G-08228,CORSERV LIMITED,T2 A-class large,,c) Civil Engineering,FULL,31/03/2025,0
4,09598549,CORSERV LIMITED,G-08228,CORSERV LIMITED,T2 A-class large,,c) Civil Engineering,FULL,31/03/2025,0
4,09878920,COUNTRYSIDE PARTNERSHIPS LIMITED,G-06218,VISTRY GROUP PLC,T2 A-class large,,a) Building Construction,FULL,31/12/2024,0
4,09040558,CPS (HOLDINGS) LIMITED,G-08363,FORESIGHT REGIONAL INVESTMENT III L.P.,T2 A-class large,,e) Maintenance/MRO (industrial),SMALL,31/03/2025,0
4,01951003,DEERNESS FENCING & LANDSCAPING LIMITED,G-09013,VESTBROWN LIMITED,T2 A-class large,,e) Maintenance/MRO (facilities),SMALL,31/12/2024,0
4,09186034,DENHOLM ENERGY SERVICES LIMITED,G-09074,DENHOLM ENERGY SERVICES LIMITED,T2 A-class large,,a) Building Construction (steel & metal),GROUP,31/12/2024,0
4,05813452,DENYS LIMITED,G-09089,DENYS LIMITED,T2 A-class large,,a) Building Construction,SMALL,31/12/2024,0
4,06912462,DG INTERIORS (UK) LTD,G-09187,DG INTERIORS (UK) LTD,T2 A-class large,,a) Building Construction (domestic) / U2 candidate,TOTAL EXEMPTION FULL,31/05/2025,0
4,12118372,DLR GROUP LIMITED,G-09289,DLR GROUP LIMITED,T2 A-class large,,Housebuilder/Developer (U2 candidate),MICRO ENTITY,31/10/2025,0
4,08464972,DR & CO LTD.,G-09447,DR & CO LTD.,T2 A-class large,,a) Building Construction (interior/completion),MICRO ENTITY,31/03/2026,0
4,09565795,THE DRAIN MAN LTD,G-09458,THE DRAIN MAN LTD,T2 A-class large,,e) Maintenance/MRO (facilities),MICRO ENTITY,30/04/2025,0
4,01046906,DYNO-ROD LIMITED,G-06427,CENTRICA HOLDINGS LIMITED,T2 A-class large,,b) M&E,FULL,31/12/2025,0
4,13261971,THE EDWARDS GROUP LIMITED,G-09947,THE EDWARDS GROUP LIMITED,T2 A-class large,,a) Building Construction (specialist trades),MICRO ENTITY,28/02/2025,0
4,11475428,EGIS UK - CONSULTING AND ENGINEERING LIMITED,G-09980,EGIS UK - CONSULTING AND ENGINEERING LIMITED,T2 A-class large,,c) Civil Engineering,FULL,31/12/2024,0
4,07882661,EGIS TRANSPORT SOLUTIONS LIMITED,G-09980,EGIS UK - CONSULTING AND ENGINEERING LIMITED,T2 A-class large,,c) Civil Engineering,FULL,31/12/2024,0
4,10329132,ELECTRICAL & MECHANICAL LTD,G-10055,ELECTRICAL & MECHANICAL LTD,T2 A-class large,,b) M&E,MICRO ENTITY,30/06/2021,0
4,10072328,UK ELECTRICIAN LIMITED,G-10057,UK ELECTRICIAN LIMITED,T2 A-class large,,b) M&E,MICRO ENTITY,31/03/2025,0
4,02511005,ELLIOTT BROTHERS LIMITED,G-03120,ELLIOTT BROTHERS LIMITED,T2 A-class large,,a) Building Construction (specialist trades),FULL,31/12/2024,0
4,00889628,ENTERPRISE MANAGED SERVICES LIMITED,G-04422,ENTERPRISE HOLDING COMPANY NO1 LIMITED,T2 A-class large,,a) Building Construction (specialist trades),FULL,31/12/2025,0
4,14282994,ERRIGAL LIMITED,G-10420,ERRIGAL LIMITED,T2 A-class large,,a) Building Construction (specialist trades),TOTAL EXEMPTION FULL,31/12/2024,0
4,01448116,F. KLUCZNIK & SON LIMITED,G-10729,F. KLUCZNIK & SON LIMITED,T2 A-class large,,a) Building Construction (steel & metal),GROUP,30/09/2025,0
4,04499452,FAIRHURST (UK) LIMITED,G-10777,FAIRHURST (UK) LIMITED,T2 A-class large,,Housebuilder/Developer (U2 candidate),TOTAL EXEMPTION FULL,31/07/2025,0
4,12714772,FAST BUILDERS LTD,G-10821,FAST BUILDERS LTD,T2 A-class large,,a) Building Construction,TOTAL EXEMPTION FULL,31/07/2023,0
4,07948220,FISHBONE CONSTRUCTION LTD.,G-11068,FISHBONE HOLDINGS LTD,T2 A-class large,,a) Building Construction (interior/completion),TOTAL EXEMPTION FULL,29/04/2025,0
4,09890502,FK CONSTRUCTION LIMITED,G-11101,FK GROUP LIMITED,T2 A-class large,,a) Building Construction,FULL,31/03/2024,0
4,02874877,FK FACADES LIMITED,G-11101,FK GROUP LIMITED,T2 A-class large,,a) Building Construction,FULL,31/03/2024,0
4,01747528,FREEDOM PROPERTIES LIMITED,G-11363,FREEDOM PROPERTIES LIMITED,T2 A-class large,,a) Building Construction (domestic) / U2 candidate,MICRO ENTITY,31/03/2025,0
4,11023925,G&V GALLAGHER LTD,G-11588,GVG GROUP LIMITED,T2 A-class large,,a) Building Construction (specialist trades),FULL,31/10/2025,0
4,00800384,VISTRY PARTNERSHIPS LIMITED,G-06218,VISTRY GROUP PLC,T2 A-class large,,a) Building Construction,AUDIT EXEMPTION SUBSIDIARY,31/12/2024,0
4,05322389,GCPD LIMITED,G-11745,GCPD LIMITED,T2 A-class large,,Housebuilder/Developer (U2 candidate),TOTAL EXEMPTION FULL,05/04/2024,0
4,00123550,GE ENERGY (UK) LIMITED,G-04275,GE VERNOVA UK HOLDINGS LTD.,T2 A-class large,,e) Maintenance/MRO (industrial),FULL,31/12/2024,0
4,00341331,GEORGE COLLIN & SONS LIMITED,G-11852,GEORGE COLLIN & SONS LIMITED,T2 A-class large,,Housebuilder/Developer (U2 candidate),TOTAL EXEMPTION FULL,31/03/2025,0
4,01397926,GEORGE WIMPEY LIMITED,G-06523,TAYLOR WIMPEY PLC,T2 A-class large,,Housebuilder/Developer (U2 candidate),FULL,31/12/2025,0
4,03863178,GOLDHALL ELECTRICAL LIMITED,G-12095,K&A MERGER LIMITED,T2 A-class large,,e) Maintenance/MRO (facilities),TOTAL EXEMPTION FULL,31/10/2025,0
4,01795094,GROUND CONTROL LIMITED,G-12354,GROUND CONTROL LIMITED,T2 A-class large,,e) Maintenance/MRO (facilities),FULL,31/03/2026,0
4,02455626,HALFEN LIMITED,G-04478,CRH PLC,T2 A-class large,,a) Building Construction (steel & metal),FULL,31/12/2021,0
4,03172014,HALSION LIMITED,G-12598,HALSION LIMITED,T2 A-class large,,b) M&E,MEDIUM,30/09/2025,0
4,08801287,HMH CIVILS LIMITED,G-13183,G MAY INVESTMENTS LIMITED,T2 A-class large,,a) Building Construction (domestic) / U2 candidate,MEDIUM,31/12/2025,0
4,07009450,HOMER ROOFING (UK) LIMITED,G-13257,HOMER ROOFING (UK) LIMITED,T2 A-class large,,a) Building Construction (specialist trades),MICRO ENTITY,30/09/2025,0
4,14545005,HOUNSLOW GROUP DESIGN AND BUILD LIMITED,G-13301,HOUNSLOW GROUP DESIGN AND BUILD LIMITED,T2 A-class large,,a) Building Construction (interior/completion),MICRO ENTITY,31/12/2024,0
4,13235443,ILKO DV LTD,G-13664,ILKO DV LTD,T2 A-class large,,a) Building Construction (interior/completion),MICRO ENTITY,31/03/2026,0
4,11093722,IMPERIAL COLLEGE DEVELOPMENTS LIMITED,G-13691,IMPERIAL COLLEGE DEVELOPMENTS LIMITED,T2 A-class large,,Housebuilder/Developer (U2 candidate),SMALL,31/07/2025,0
4,08950737,INHABIT LIMITED,G-13784,INHABIT LIMITED,T2 A-class large,,a) Building Construction (domestic) / U2 candidate,TOTAL EXEMPTION FULL,31/03/2025,0
4,02964844,INTEGRATED UTILITY SERVICES LIMITED,G-13853,NORTHERN POWERGRID UK HOLDINGS,T2 A-class large,,b) M&E,FULL,31/12/2024,0
4,07025519,ISEDIO LIMITED,G-04478,CRH PLC,T2 A-class large,,a) Building Construction (steel & metal),SMALL,31/12/2020,0
4,13677290,J GROUP LTD,G-14026,J GROUP LTD,T2 A-class large,,Housebuilder/Developer (U2 candidate),TOTAL EXEMPTION FULL,31/10/2025,0
4,01386085,J.B. RINEY & CO. LIMITED,G-04478,CRH PLC,T2 A-class large,,a) Building Construction (steel & metal),FULL,31/12/2024,0
4,04420029,JACOBS UK HOLDINGS LIMITED,G-07415,JACOBS SOLUTIONS INC.,T2 A-class large,,c) Civil Engineering,FULL,26/09/2025,0
4,02594504,JACOBS U.K. LIMITED,G-07415,JACOBS SOLUTIONS INC.,T2 A-class large,,c) Civil Engineering,FULL,25/09/2025,0
4,02098831,JAN DE NUL (UK) LIMITED,G-14293,JAN DE NUL (UK) LIMITED,T2 A-class large,,c) Civil Engineering,SMALL,31/12/2025,0
4,13606839,UK JBS LIMITED,G-14334,UK JBS LIMITED,T2 A-class large,,Housebuilder/Developer (U2 candidate),MICRO ENTITY,30/09/2025,0
4,09141099,JCB (UK) LIMITED,G-14346,JCB (UK) LIMITED,T2 A-class large,,Housebuilder/Developer (U2 candidate),MICRO ENTITY,31/07/2025,0
4,11895450,JLR GROUP LTD,G-14449,JLR GROUP LTD,T2 A-class large,,a) Building Construction (specialist trades),TOTAL EXEMPTION FULL,30/04/2025,0
4,12833383,JNP GROUP LIMITED,G-14471,JNP GROUP LIMITED,T2 A-class large,,b) M&E,TOTAL EXEMPTION FULL,31/08/2024,0
4,SC805372,KCM JOINERS LTD,G-14793,KCM JOINERS LTD,T2 A-class large,,a) Building Construction (interior/completion),MICRO ENTITY,30/04/2025,0
4,01998780,KEEPMOAT LIMITED,G-12095,K&A MERGER LIMITED,T2 A-class large,,e) Maintenance/MRO (facilities),GROUP,31/10/2025,0
4,02207338,KEEPMOAT HOMES LIMITED,G-12095,K&A MERGER LIMITED,T2 A-class large,,e) Maintenance/MRO (facilities),FULL,31/10/2025,0
4,02442580,KELLER GROUP PLC,G-05586,KELLER GROUP PLC,T2 A-class large,,a) Building Construction (specialist trades),GROUP,31/12/2025,0
4,04584934,KINGSWAY CONSTRUCTION (SOUTHERN) LIMITED,G-14961,KINGSWAY CONSTRUCTION (SOUTHERN) LIMITED,T2 A-class large,,a) Building Construction (domestic) / U2 candidate,TOTAL EXEMPTION FULL,31/03/2025,0
4,00775505,TILIA HOMES LIMITED,G-14970,TILIA HOMES LIMITED,T2 A-class large,,a) Building Construction (domestic) / U2 candidate,GROUP,31/03/2025,0
4,04242676,TILIA PARTNERSHIP HOMES LIMITED,G-14970,TILIA HOMES LIMITED,T2 A-class large,,a) Building Construction (domestic) / U2 candidate,FULL,31/03/2024,0
4,03381151,KINGSCOTE LIMITED,G-15046,OS PHOENIX HOLDCO LIMITED,T2 A-class large,,a) Building Construction (specialist trades),AUDIT EXEMPTION SUBSIDIARY,31/12/2024,0
4,05310738,ANON UK HOLDING LIMITED,G-04896,ANON UK HOLDING LIMITED,T2 A-class large,,a) Building Construction (steel & metal),FULL,31/12/2024,0
4,11169379,KR HOLDINGS LTD.,G-15187,KR HOLDINGS LTD.,T2 A-class large,,Housebuilder/Developer (U2 candidate),UNAUDITED ABRIDGED,30/09/2024,0
4,00297905,TARMAC AGGREGATES LIMITED,G-04478,CRH PLC,T2 A-class large,,a) Building Construction (steel & metal),FULL,31/12/2024,0
4,00066558,TARMAC CEMENT LIMITED,G-04478,CRH PLC,T2 A-class large,,a) Building Construction (steel & metal),FULL,31/12/2024,0
4,07533961,TARMAC HOLDINGS LIMITED,G-04478,CRH PLC,T2 A-class large,,a) Building Construction (steel & metal),FULL,31/12/2024,0
4,12066018,LOCKLINE ROOFING LIMITED,G-15724,LOCKLINE ROOFING LIMITED,T2 A-class large,,a) Building Construction (specialist trades),MICRO ENTITY,30/06/2025,0
4,12959607,LONDON & CO UK LTD,G-15740,LONDON & CO UK LTD,T2 A-class large,,a) Building Construction (domestic) / U2 candidate,MICRO ENTITY,31/10/2025,0
4,07279511,M & B INSPECTION LIMITED,G-15990,M & B INSPECTION LIMITED,T2 A-class large,,a) Building Construction (specialist trades),MICRO ENTITY,31/12/2025,0
4,02486925,MAMMOET (UK) LIMITED,G-16250,MAMMOET (UK) LIMITED,T2 A-class large,,a) Building Construction (specialist trades),FULL,31/12/2025,0
4,SC140683,MARIOFF LIMITED,G-16334,MARIOFF LIMITED,T2 A-class large,,b) M&E,FULL,31/12/2024,0
4,06932831,MARTIFER UK LIMITED,G-16390,MARTIFER METALLIC CONSTRUCTIONS SGPS S.A.,T2 A-class large,,a) Building Construction (steel & metal),FULL,31/12/2024,0
4,10230106,MC DRYLINER LTD,G-16517,MC DRYLINER LTD,T2 A-class large,,a) Building Construction (domestic) / U2 candidate,TOTAL EXEMPTION FULL,30/06/2020,0
4,06622183,MCCARTHY & STONE (DEVELOPMENTS) LIMITED,G-16544,MCCARTHY & STONE LIMITED,T2 A-class large,,Housebuilder/Developer (U2 candidate),FULL,31/10/2025,0
4,06622199,MCCARTHY & STONE LIMITED,G-16544,MCCARTHY & STONE LIMITED,T2 A-class large,,Housebuilder/Developer (U2 candidate),GROUP,31/10/2025,0
4,03556815,M.D. BUILDING SERVICES LIMITED,G-16649,RADIPOLE MILL INVESTMENTS LIMITED,T2 A-class large,,a) Building Construction (interior/completion),FULL,31/05/2025,0
4,04087377,MECH-TOOL ENGINEERING LIMITED,G-16686,MECH-TOOL ENGINEERING LIMITED,T2 A-class large,,a) Building Construction (steel & metal),TOTAL EXEMPTION FULL,30/09/2025,0
4,13678802,MILESTONE HOLDINGS GROUP LTD,G-17009,MILESTONE HOLDINGS GROUP LTD,T2 A-class large,,a) Building Construction (specialist trades),TOTAL EXEMPTION FULL,31/01/2025,0
4,06659205,MLM (UK) LIMITED,G-17153,MLM (UK) LIMITED,T2 A-class large,,a) Building Construction,TOTAL EXEMPTION FULL,31/03/2025,0
4,04275690,MM (HOLDINGS) LTD,G-17158,MM (HOLDINGS) LTD,T2 A-class large,,a) Building Construction (specialist trades),TOTAL EXEMPTION FULL,31/07/2025,0
4,11941626,MM&A EXPERT LTD,G-17159,MM&A EXPERT LTD,T2 A-class large,,a) Building Construction,TOTAL EXEMPTION FULL,30/04/2025,0
4,15224566,MOUNTJOY HOLDINGS LIMITED,G-17402,MOUNTJOY HOLDINGS LIMITED,T2 A-class large,,e) Maintenance/MRO (facilities),GROUP,30/04/2025,0
4,07712250,MTL ADVANCED LTD,G-15406,WEC GROUP HOLDINGS LIMITED,T2 A-class large,,a) Building Construction (steel & metal),FULL,31/12/2025,0
4,04691779,ROLLS-ROYCE SOLUTIONS UK LIMITED,G-17539,VINTERS ENGINEERING LIMITED,T2 A-class large,,e) Maintenance/MRO (industrial),FULL,31/12/2025,0
4,06916680,MURPHY AND SONS LTD,G-17591,MURPHY AND SONS LTD,T2 A-class large,,Housebuilder/Developer (U2 candidate),MICRO ENTITY,30/09/2025,0
4,09346363,NATIONAL HIGHWAYS LIMITED,G-17732,NATIONAL HIGHWAYS LIMITED,T2 A-class large,,a) Building Construction (specialist trades),FULL,31/03/2026,0
4,02800915,NATIONAL ROAD PLANING LIMITED,G-04478,CRH PLC,T2 A-class large,,a) Building Construction (steel & metal),FULL,31/12/2024,0
4,14824531,NEG LIMITED,G-17821,NEG LIMITED,T2 A-class large,,a) Building Construction (specialist trades),MICRO ENTITY,31/03/2025,0
4,12271864,NH BUILDING & CARPENTRY SERVICES LTD,G-17955,NH BUILDING & CARPENTRY SERVICES LTD,T2 A-class large,,b) M&E,MICRO ENTITY,31/10/2025,0
4,NI023346,NICHOLAS O'DWYER LIMITED,G-17978,NICHOLAS O'DWYER LIMITED,T2 A-class large,,a) Building Construction (specialist trades),SMALL,31/03/2025,0
4,00425188,NMCN PLC,G-18029,NMCN PLC,T2 A-class large,,a) Building Construction (domestic) / U2 candidate,GROUP,31/12/2019,0
4,03575174,NMCN SUSTAINABLE SOLUTIONS LTD,G-18029,NMCN PLC,T2 A-class large,,a) Building Construction (domestic) / U2 candidate,FULL,31/12/2018,0
4,05694657,NORSE GROUP LIMITED,G-18087,NORSE GROUP LIMITED,T2 A-class large,,e) Maintenance/MRO (facilities),GROUP,31/03/2025,0
4,07445476,NORSE EASTERN LIMITED,G-18087,NORSE GROUP LIMITED,T2 A-class large,,e) Maintenance/MRO (facilities),AUDIT EXEMPTION SUBSIDIARY,31/03/2025,0
4,02366942,NORTHERN ELECTRIC PLC,G-13853,NORTHERN POWERGRID UK HOLDINGS,T2 A-class large,,b) M&E,GROUP,31/12/2025,0
4,02906593,NORTHERN POWERGRID (NORTHEAST) PLC,G-13853,NORTHERN POWERGRID UK HOLDINGS,T2 A-class large,,b) M&E,GROUP,31/12/2025,0
4,04112320,NORTHERN POWERGRID (YORKSHIRE) PLC,G-13853,NORTHERN POWERGRID UK HOLDINGS,T2 A-class large,,b) M&E,FULL,31/12/2025,0
4,06815572,NORTHLAND REAL ESTATE PROPERTIES (UK) LIMITED,G-18168,NORTHLAND REAL ESTATE PROPERTIES (UK) LIMITED,T2 A-class large,,a) Building Construction,SMALL,30/12/2024,0
4,07378589,NPS BARNSLEY LIMITED,G-18087,NORSE GROUP LIMITED,T2 A-class large,,e) Maintenance/MRO (facilities),AUDIT EXEMPTION SUBSIDIARY,31/03/2025,0
4,06078903,NPS SOUTH WEST LIMITED,G-18087,NORSE GROUP LIMITED,T2 A-class large,,e) Maintenance/MRO (facilities),AUDIT EXEMPTION SUBSIDIARY,31/03/2025,0
4,02001873,NRA ROOFING & FLOORING SERVICES LIMITED,G-18235,NRA GROUP LIMITED,T2 A-class large,,a) Building Construction (interior/completion),FULL,31/12/2024,0
4,01612986,ON LINE DESIGN & ENGINEERING LIMITED,G-18447,ON LINE GROUP LIMITED,T2 A-class large,,a) Building Construction (steel & metal),FULL,31/03/2025,0
4,02462858,ONE STOP STORES LIMITED,G-18459,TESCO PLC,T2 A-class large,,Housebuilder/Developer (U2 candidate),FULL,22/02/2025,0
4,06148324,OSBORNE (UK) LIMITED,G-18568,OSBORNE (UK) LIMITED,T2 A-class large,,b) M&E,MICRO ENTITY,31/03/2025,0
4,00819660,OUTOTEC (UK) LIMITED,G-18599,METSO CORPORATION,T2 A-class large,,a) Building Construction (steel & metal),TOTAL EXEMPTION FULL,31/12/2021,0
4,06474145,P.H JONES GROUP LIMITED,G-06427,CENTRICA HOLDINGS LIMITED,T2 A-class large,,b) M&E,FULL,31/12/2024,0
4,07199992,PEARCE ELECTRICAL (UK) LIMITED,G-18941,PEARCE GLOBAL HOLDINGS LTD,T2 A-class large,,b) M&E,AUDITED ABRIDGED,31/05/2025,0
4,03005322,PEARCE SIGNS LIMITED,G-18941,PEARCE GLOBAL HOLDINGS LTD,T2 A-class large,,b) M&E,FULL,31/05/2025,0
4,03157805,PENNY LANE BUILDERS LIMITED,G-18992,PLB HOLDINGS LIMITED,T2 A-class large,,Housebuilder/Developer (U2 candidate),FULL,31/03/2025,0
4,14410821,PICCADILLY CONSTRUCTION LIMITED,G-19132,PICCADILLY CONSTRUCTION LIMITED,T2 A-class large,,b) M&E,UNAUDITED ABRIDGED,31/03/2024,0
4,00737307,PLANNED MAINTENANCE ENGINEERING LIMITED,G-04146,CARILLION PLC,T2 A-class large,,a) Building Construction,FULL,31/12/2016,0
4,08092832,PLASTER PLUS INTERIORS LTD,G-19242,PLASTER PLUS INTERIORS LTD,T2 A-class large,,a) Building Construction (interior/completion),TOTAL EXEMPTION FULL,30/09/2024,0
4,11880120,PLB HOLDINGS LIMITED,G-18992,PLB HOLDINGS LIMITED,T2 A-class large,,Housebuilder/Developer (U2 candidate),GROUP,31/03/2025,0
4,11057721,PM JUNIOR LTD,G-19277,PM JUNIOR LTD,T2 A-class large,,a) Building Construction (interior/completion),MICRO ENTITY,30/11/2025,0
4,09488478,PORR UK LTD,G-19337,PORR  AG,T2 A-class large,,c) Civil Engineering,FULL,31/12/2025,0
4,04912774,POWER ON CONNECTIONS LTD,G-06695,BUUK INFRASTRUCTURE (JERSEY) LIMITED,T2 A-class large,,b) M&E,FULL,31/12/2024,0
4,02107097,PRATER LIMITED,G-19435,LINDNER EXTERIORS HOLDING LIMITED,T2 A-class large,,a) Building Construction,FULL,31/12/2025,0
4,07289782,PRO CONSTRUCT LTD,G-19563,PRO CONSTRUCT LTD,T2 A-class large,,Housebuilder/Developer (U2 candidate),TOTAL EXEMPTION FULL,30/06/2025,0
4,06072427,RAF LIMITED,G-20032,RAF LIMITED,T2 A-class large,,b) M&E,MICRO ENTITY,31/03/2025,0
4,SC462410,RAMAGE YOUNG DESIGN LTD,G-20061,RAMAGE YOUNG DESIGN LTD,T2 A-class large,,Housebuilder/Developer (U2 candidate),UNAUDITED ABRIDGED,31/10/2025,0
4,12692167,MAYFAIR CONSTRUCTION (CAMBRIDGE) LTD,G-20141,MAYFAIR CONSTRUCTION (CAMBRIDGE) LTD,T2 A-class large,,a) Building Construction (domestic) / U2 candidate,MICRO ENTITY,30/06/2025,0
4,02951661,RECONOMY (UK) LIMITED,G-15046,OS PHOENIX HOLDCO LIMITED,T2 A-class large,,a) Building Construction (specialist trades),GROUP,31/12/2024,0
4,12892341,REDPATH DEILMANN UK LIMITED,G-20237,REDPATH DEILMANN UK LIMITED,T2 A-class large,,c) Civil Engineering,FULL,31/12/2024,0
4,02431701,RELAY ENGINEERING LIMITED,G-09074,DENHOLM ENERGY SERVICES LIMITED,T2 A-class large,,a) Building Construction (steel & metal),FULL,31/12/2024,0
4,09141341,RELIANT CEILINGS & PARTITIONS LIMITED,G-20304,RELIANT CEILINGS & PARTITIONS LIMITED,T2 A-class large,,a) Building Construction (interior/completion),TOTAL EXEMPTION FULL,31/07/2025,0
4,12402834,REN EXTERNAL LTD,G-20314,REN EXTERNAL LTD,T2 A-class large,,a) Building Construction,TOTAL EXEMPTION FULL,31/01/2025,0
4,02065601,REYNAERS ALUMINIUM LIMITED,G-20393,REYNAERS ALUMINIUM LIMITED,T2 A-class large,,Housebuilder/Developer (U2 candidate),FULL,31/12/2025,0
4,04861675,BUCKS AR LIMITED,G-20463,BUCKS AR LIMITED,T2 A-class large,,c) Civil Engineering,TOTAL EXEMPTION FULL,30/04/2022,0
4,05576465,RINGWAY JACOBS LIMITED,G-07415,JACOBS SOLUTIONS INC.,T2 A-class large,,c) Civil Engineering,FULL,31/12/2024,0
4,12164246,RIVERLINX LIMITED,G-20516,RIVERLINX HOLDINGS LIMITED,T2 A-class large,,c) Civil Engineering,FULL,31/12/2025,0
4,06058609,RO BUILDING LTD,G-20569,RO BUILDING LTD,T2 A-class large,,a) Building Construction (domestic) / U2 candidate,TOTAL EXEMPTION FULL,31/03/2025,0
4,07195109,SAIPEM LIMITED,G-21095,SAIPEM LIMITED,T2 A-class large,,b) M&E,FULL,31/12/2025,0
4,13399619,SCI GROUP LTD,G-21264,SCI GROUP LTD,T2 A-class large,,b) M&E,MICRO ENTITY,30/04/2025,0
4,11552376,SCS GROUP HOLDINGS LIMITED,G-21342,SCS GROUP HOLDINGS LIMITED,T2 A-class large,,a) Building Construction (interior/completion),GROUP,28/02/2026,0
4,02893518,SCS BUILDING SOLUTIONS LIMITED,G-21342,SCS GROUP HOLDINGS LIMITED,T2 A-class large,,a) Building Construction (interior/completion),FULL,28/02/2026,0
4,04212507,SCS SPECIAL PROJECTS LIMITED,G-21342,SCS GROUP HOLDINGS LIMITED,T2 A-class large,,a) Building Construction (interior/completion),TOTAL EXEMPTION FULL,28/02/2026,0
4,01609690,SELECT GROUP HOLDINGS LIMITED,G-21455,SELECT GROUP HOLDINGS LIMITED,T2 A-class large,,a) Building Construction (interior/completion),GROUP,31/12/2024,0
4,02923602,SELWOOD GROUP LIMITED,G-21473,WORKDRY INTERNATIONAL LIMITED,T2 A-class large,,a) Building Construction (specialist trades),FULL,31/12/2024,0
4,09063057,SLD BUILT WEST LTD,G-21953,SLD BUILT WEST LTD,T2 A-class large,,Housebuilder/Developer (U2 candidate),TOTAL EXEMPTION FULL,31/05/2023,0
4,10179444,SMB HOLDINGS LIMITED,G-21988,SMB HOLDINGS LIMITED,T2 A-class large,,Housebuilder/Developer (U2 candidate),TOTAL EXEMPTION FULL,30/05/2025,0
4,01074356,SMITH AND BYFORD LIMITED,G-22003,SMITH AND BYFORD LIMITED,T2 A-class large,,b) M&E,GROUP,31/03/2025,0
4,11905531,SOURCE CIVIL UK LTD,G-22207,SOURCE CIVIL UK LTD,T2 A-class large,,a) Building Construction,UNAUDITED ABRIDGED,31/12/2024,0
4,03232308,SOVEREIGN HOSPITAL SERVICES LIMITED,G-04146,CARILLION PLC,T2 A-class large,,a) Building Construction,FULL,31/12/2016,0
4,08670410,SPENCER ENGINEERING GROUP LIMITED,G-06826,SPENCER ENGINEERING GROUP LIMITED,T2 A-class large,,c) Civil Engineering,GROUP,31/03/2025,0
4,08053188,SPENCER BRIDGE ENGINEERING LIMITED,G-06826,SPENCER ENGINEERING GROUP LIMITED,T2 A-class large,,c) Civil Engineering,MEDIUM,31/03/2025,0
4,10854461,SPIRIT ENERGY LIMITED,G-06427,CENTRICA HOLDINGS LIMITED,T2 A-class large,,b) M&E,GROUP,31/12/2025,0
4,SC031286,SPRINGFIELD PROPERTIES PLC,G-22421,SPRINGFIELD PROPERTIES PLC,T2 A-class large,,a) Building Construction,GROUP,31/05/2025,0
4,SC057709,STEWART MILNE GROUP LIMITED,G-22681,HALIFAX SHARE DEALING LIMITED,T2 A-class large,,a) Building Construction,GROUP,31/10/2022,0
4,12091269,STONNA LIMITED,G-22735,STONNA LIMITED,T2 A-class large,,a) Building Construction (interior/completion),TOTAL EXEMPTION FULL,31/07/2025,0
4,12473811,SUDBURY DRY LINING GROUP LTD,G-22854,SUDBURY DRY LINING GROUP LTD,T2 A-class large,,a) Building Construction (interior/completion),GROUP,30/04/2025,0
4,12000298,SWIFT STRUCTURES LIMITED,G-23004,SWIFT STRUCTURES LIMITED,T2 A-class large,,a) Building Construction,MICRO ENTITY,31/05/2025,0
4,02775102,SWISSLOG (UK) LTD.,G-23009,SWISSLOG (UK) LTD.,T2 A-class large,,a) Building Construction (specialist trades),FULL,31/12/2024,0
4,11172232,SYSTEMS ADI GROUP HOLDINGS LIMITED,G-03309,SYSTEMS ADI GROUP HOLDINGS LIMITED,T2 A-class large,,b) M&E,GROUP,31/12/2024,0
4,11336290,IV DRYLINING LTD,G-23144,IV DRYLINING LTD,T2 A-class large,,b) M&E,MICRO ENTITY,30/04/2025,0
4,13368735,TARGET ENGINEERING LTD,G-23197,TARGET ENGINEERING LTD,T2 A-class large,,c) Civil Engineering,MICRO ENTITY,31/03/2025,0
4,02105370,TARMAC MARINE LIMITED,G-04478,CRH PLC,T2 A-class large,,a) Building Construction (steel & metal),FULL,31/12/2024,0
4,00453791,TARMAC TRADING LIMITED,G-04478,CRH PLC,T2 A-class large,,a) Building Construction (steel & metal),FULL,31/12/2024,0
4,00401589,TAYLOR WIMPEY HOLDINGS LIMITED,G-06523,TAYLOR WIMPEY PLC,T2 A-class large,,Housebuilder/Developer (U2 candidate),FULL,31/12/2025,0
4,00643420,TAYLOR WIMPEY DEVELOPMENTS LIMITED,G-06523,TAYLOR WIMPEY PLC,T2 A-class large,,Housebuilder/Developer (U2 candidate),FULL,31/12/2025,0
4,13408822,TEAM GROUP LTD,G-23299,TEAM GROUP LTD,T2 A-class large,,a) Building Construction (interior/completion),MICRO ENTITY,31/05/2025,0
4,00238721,TEAM INDUSTRIAL SERVICES (UK) LIMITED,G-23302,FURMANITE LIMITED,T2 A-class large,,e) Maintenance/MRO (industrial),FULL,31/12/2024,0
4,00243011,TESCO HOLDINGS LIMITED,G-18459,TESCO PLC,T2 A-class large,,Housebuilder/Developer (U2 candidate),FULL,22/02/2025,0
4,10050376,TESLA GROUP LTD,G-23420,TESLA GROUP LTD,T2 A-class large,,a) Building Construction,MICRO ENTITY,31/03/2026,0
4,07188535,UK TEST LIMITED,G-23422,UK TEST LIMITED,T2 A-class large,,b) M&E,MICRO ENTITY,31/03/2026,0
4,06000337,TGW LIMITED,G-23475,TGW LIMITED,T2 A-class large,,b) M&E,FULL,30/06/2026,0
4,09578785,BIM ENGINEERS LTD,G-23508,BIM ENGINEERS LTD,T2 A-class large,,Housebuilder/Developer (U2 candidate),MICRO ENTITY,30/11/2023,0
4,12043597,TITAN GROUP LTD,G-23816,TITAN GROUP LTD,T2 A-class large,,b) M&E,TOTAL EXEMPTION FULL,31/03/2025,0
4,07521062,TOMBEST BUILDING SERVICES LTD,G-23867,TOMBEST BUILDING SERVICES LTD,T2 A-class large,,a) Building Construction (domestic) / U2 candidate,MICRO ENTITY,31/03/2025,0
4,05898339,TOUREEN GROUP LIMITED,G-07634,TOUREEN TRUSTEES LIMITED,T2 A-class large,,a) Building Construction,GROUP,31/07/2025,0
4,02728742,TOUREEN CONTRACTORS LIMITED,G-07634,TOUREEN TRUSTEES LIMITED,T2 A-class large,,a) Building Construction,FULL,31/07/2025,0
4,05898287,TOUREEN PLANT LIMITED,G-07634,TOUREEN TRUSTEES LIMITED,T2 A-class large,,a) Building Construction,FULL,31/07/2025,0
4,02574820,TPS CONSULT LIMITED,G-04146,CARILLION PLC,T2 A-class large,,a) Building Construction,FULL,31/12/2016,0
4,01160907,TRUMPF LIMITED,G-24157,TRUMPF LIMITED,T2 A-class large,,e) Maintenance/MRO (industrial),FULL,30/06/2025,0
4,01108676,LINDEN LIMITED,G-06218,VISTRY GROUP PLC,T2 A-class large,,a) Building Construction,AUDIT EXEMPTION SUBSIDIARY,31/12/2024,0
4,02590521,VAN ELLE LIMITED,G-24627,VAN ELLE LIMITED,T2 A-class large,,c) Civil Engineering,FULL,30/04/2025,0
4,14240345,VAST GROUP LTD,G-24654,VAST GROUP LTD,T2 A-class large,,b) M&E,MICRO ENTITY,31/07/2025,0
4,07479926,VERTO HOMES LTD,G-24721,VERTO HOMES LTD,T2 A-class large,,Housebuilder/Developer (U2 candidate),TOTAL EXEMPTION FULL,31/12/2024,0
4,11493621,VID BUILDERS LIMITED,G-24746,VID BUILDERS LIMITED,T2 A-class large,,Housebuilder/Developer (U2 candidate),TOTAL EXEMPTION FULL,31/03/2025,0
4,00306718,VISTRY GROUP PLC,G-06218,VISTRY GROUP PLC,T2 A-class large,,a) Building Construction,GROUP,31/12/2025,0
4,00397634,VISTRY HOMES LIMITED,G-06218,VISTRY GROUP PLC,T2 A-class large,,a) Building Construction,FULL,31/12/2024,0
4,SC046566,WALKER GROUP (SCOTLAND) LIMITED,G-22421,SPRINGFIELD PROPERTIES PLC,T2 A-class large,,a) Building Construction,FULL,31/05/2025,0
4,02141828,WEC GROUP LIMITED,G-15406,WEC GROUP HOLDINGS LIMITED,T2 A-class large,,a) Building Construction (steel & metal),FULL,31/12/2025,0
4,04486009,ASD WESTOK LIMITED,G-04896,ANON UK HOLDING LIMITED,T2 A-class large,,a) Building Construction (steel & metal),FULL,31/12/2024,0
4,OC375867,WESTONWILLIAMSON+PARTNERS LLP,G-09980,EGIS UK - CONSULTING AND ENGINEERING LIMITED,T2 A-class large,,c) Civil Engineering,GROUP,31/12/2024,0
4,08444904,WHP (HOLDINGS) LIMITED,G-25910,COOPER TOPCO LIMITED,T2 A-class large,,c) Civil Engineering,AUDIT EXEMPTION SUBSIDIARY,31/05/2025,0
4,03601208,WHP TELECOMS LIMITED,G-25910,COOPER TOPCO LIMITED,T2 A-class large,,c) Civil Engineering,FULL,31/05/2025,0
4,00832629,WILSON CONNOLLY HOLDINGS LIMITED,G-06523,TAYLOR WIMPEY PLC,T2 A-class large,,Housebuilder/Developer (U2 candidate),FULL,31/12/2025,0
4,04487651,WOOD HOLDINGS LIMITED,G-25573,WOOD HOLDINGS LIMITED,T2 A-class large,,a) Building Construction (interior/completion),TOTAL EXEMPTION FULL,30/04/2025,0
4,02366995,YORKSHIRE ELECTRICITY GROUP PLC,G-13853,NORTHERN POWERGRID UK HOLDINGS,T2 A-class large,,b) M&E,FULL,31/12/2025,0
5,15841495,2RN LIMITED,G-03201,2RN LIMITED,T3 Large est.,,Housebuilder/Developer (U2 candidate),TOTAL EXEMPTION FULL,31/07/2025,0
5,01543721,A. & B. GLASS COMPANY LIMITED,G-03262,A&B GLASS HOLDING COMPANY LIMITED,T3 Large est.,,a) Building Construction (specialist trades),FULL,31/10/2025,0
5,03086829,A E YATES TRENCHLESS SOLUTIONS LIMITED,G-03319,TRENCHLESS HOLDINGS LIMITED,T3 Large est.,,c) Civil Engineering,TOTAL EXEMPTION FULL,31/08/2025,0
5,04521123,A & K ENGINEERING SERVICES LTD,G-03349,A & K ENGINEERING SERVICES LTD,T3 Large est.,,e) Maintenance/MRO (industrial),MICRO ENTITY,31/08/2025,0
5,NI648322,ABRI LTD,G-03561,ABRI LTD,T3 Large est.,,b) M&E,MICRO ENTITY,30/09/2025,0
5,07792304,ACIVICO LIMITED,G-03652,ACIVICO LIMITED,T3 Large est.,,a) Building Construction,GROUP,31/03/2025,0
5,11869826,ACROW GLOBAL LIMITED,G-03688,ACROW GLOBAL LIMITED,T3 Large est.,,c) Civil Engineering,FULL,31/03/2025,0
5,04010294,ADASTRA ACCESS LIMITED,G-03737,ADASTRA ACCESS HOLDINGS LIMITED,T3 Large est.,,c) Civil Engineering,FULL,31/12/2021,0
5,07269472,AGRIKOMP LIMITED,G-03929,AGRIKOMP GMBH,T3 Large est.,,e) Maintenance/MRO (industrial),SMALL,31/12/2025,0
5,03324481,AINSCOUGH LIMITED,G-03960,SA2 HOLDINGS LIMITED,T3 Large est.,,a) Building Construction (steel & metal),TOTAL EXEMPTION FULL,31/03/2025,0
5,04266687,AIS PROJECTS LIMITED,G-04016,AIS PROJECTS LIMITED,T3 Large est.,,e) Maintenance/MRO (industrial),AUDIT EXEMPTION SUBSIDIARY,31/05/2025,0
5,09500910,ALEXIOM LIMITED,G-04137,ALEXIOM LIMITED,T3 Large est.,,e) Maintenance/MRO (industrial),MICRO ENTITY,31/03/2021,0
5,00930125,ALIMAK GROUP UK LTD,G-04165,CWG NEWCO LIMITED,T3 Large est.,,a) Building Construction (specialist trades),FULL,31/12/2024,0
5,12829702,ALL IN ONE DESIGN & BUILD LTD,G-04185,ALL IN ONE DESIGN & BUILD LTD,T3 Large est.,,a) Building Construction (domestic) / U2 candidate,MICRO ENTITY,31/08/2025,0
5,01248351,ALLENBUILD LIMITED,G-04204,PLACES FOR PEOPLE VENTURES LIMITED,T3 Large est.,,a) Building Construction,FULL,31/03/2025,0
5,07245294,ALTRAD NSG LIMITED,G-04301,ALTRAD NSG LIMITED,T3 Large est.,,e) Maintenance/MRO (industrial),SMALL,31/08/2025,0
5,09669603,ALUMAN SYSTEMS UK LIMITED,G-04316,ALUMAN SYSTEMS UK LIMITED,T3 Large est.,,a) Building Construction (specialist trades),SMALL,31/12/2024,0
5,11316774,ALUMNO GROUP LIMITED,G-04204,PLACES FOR PEOPLE VENTURES LIMITED,T3 Large est.,,a) Building Construction,GROUP,30/09/2025,0
5,08232434,AMISTHA HOLDINGS LIMITED,G-04435,NURTURE BIDCO LIMITED,T3 Large est.,,e) Maintenance/MRO (facilities),AUDIT EXEMPTION SUBSIDIARY,31/03/2025,0
5,10460380,ANSON GROUP ( HOLDINGS ) LTD,G-04556,ANSON GROUP ( HOLDINGS ) LTD,T3 Large est.,,Housebuilder/Developer (U2 candidate),TOTAL EXEMPTION FULL,30/11/2024,0
5,01483208,APOLLO FIRE DETECTORS LIMITED,G-04622,HALMA PLC,T3 Large est.,,e) Maintenance/MRO (industrial),FULL,31/03/2025,0
5,09961912,ARD GROUP LTD,G-04745,ARD GROUP LTD,T3 Large est.,,a) Building Construction (interior/completion),MICRO ENTITY,31/01/2026,0
5,09359129,ASHVALE CIVIL ENGINEERING (HOLDINGS) LIMITED,G-04938,ASHVALE CIVIL ENGINEERING (HOLDINGS) LIMITED,T3 Large est.,,a) Building Construction,GROUP,30/09/2025,0
5,07684494,ASHVALE PLANT HIRE LIMITED,G-04938,ASHVALE CIVIL ENGINEERING (HOLDINGS) LIMITED,T3 Large est.,,a) Building Construction,SMALL,30/09/2025,0
5,04402008,ASL HOLDINGS LIMITED,G-04622,HALMA PLC,T3 Large est.,,e) Maintenance/MRO (industrial),FULL,31/03/2025,0
5,07352237,ATHENA CIVIL ENGINEERING LTD,G-05042,ATHENA (UK) LIMITED,T3 Large est.,,c) Civil Engineering,FULL,31/08/2019,0
5,06883247,ATLAS FM GROUP LIMITED,G-05094,ATLAS FM GROUP LIMITED,T3 Large est.,,Housebuilder/Developer (U2 candidate),GROUP,31/12/2024,0
5,09304211,AVANT HOMES GROUP LIMITED,G-05143,VIVA BIDCO HOLDINGS LIMITED,T3 Large est.,,a) Building Construction,GROUP,30/06/2025,0
5,09362195,B&M SURFACE SYSTEMS UK LIMITED,G-05321,B&M SURFACE SYSTEMS UK LIMITED,T3 Large est.,,e) Maintenance/MRO (industrial),TOTAL EXEMPTION FULL,31/12/2025,0
5,04936525,BALLYMORE LIMITED,G-05443,BALLYMORE LIMITED,T3 Large est.,,Housebuilder/Developer (U2 candidate),GROUP,31/03/2025,0
5,02260505,BALLYMORE PROPERTIES LIMITED,G-05443,BALLYMORE LIMITED,T3 Large est.,,Housebuilder/Developer (U2 candidate),SMALL,31/03/2025,0
5,SC030987,BARCLAY & MATHIESON LIMITED,G-05487,BARCLAY & MATHIESON LIMITED,T3 Large est.,,a) Building Construction (steel & metal),GROUP,31/03/2025,0
5,06994842,BARNSLEY COLLEGE DEVELOPMENT COMPANY LIMITED,G-05523,BARNSLEY COLLEGE DEVELOPMENT COMPANY LIMITED,T3 Large est.,,Housebuilder/Developer (U2 candidate),SMALL,31/07/2025,0
5,09952400,BARRETT GROUP UK LIMITED,G-05539,BARRETT GROUP UK LIMITED,T3 Large est.,,c) Civil Engineering,TOTAL EXEMPTION FULL,28/02/2025,0
5,07008932,BBC (UK) LTD,G-05607,BBC (UK) LTD,T3 Large est.,,a) Building Construction,MICRO ENTITY,30/09/2025,0
5,01126135,E.W. BEARD LIMITED,G-05678,EW BEARD (HOLDINGS) LIMITED,T3 Large est.,,a) Building Construction,FULL,31/12/2025,0
5,10355552,BECK & POLLITZER LIMITED,G-05700,BECK & POLLITZER LIMITED,T3 Large est.,,e) Maintenance/MRO (industrial),GROUP,31/12/2025,0
5,02704758,BELL CONTRACTING LIMITED,G-05745,BELL CONTRACTING LIMITED,T3 Large est.,,a) Building Construction (domestic) / U2 candidate,FULL,31/05/2025,0
5,00405045,AVANT (BBH) NO.2 LIMITED,G-05143,VIVA BIDCO HOLDINGS LIMITED,T3 Large est.,,a) Building Construction,TOTAL EXEMPTION FULL,30/04/2021,0
5,07488352,BEN BAILEY HOMES LTD,G-05774,CONROY BROOK HOLDINGS LIMITED,T3 Large est.,,Housebuilder/Developer (U2 candidate),TOTAL EXEMPTION FULL,30/04/2025,0
5,07143062,BETHELL GROUP HOLDINGS LTD,G-05842,BETHELL GROUP HOLDINGS LTD,T3 Large est.,,c) Civil Engineering,GROUP,30/09/2025,0
5,00315993,BILTON LIMITED,G-05921,SEGRO PUBLIC LIMITED COMPANY,T3 Large est.,,Housebuilder/Developer (U2 candidate),AUDIT EXEMPTION SUBSIDIARY,31/12/2025,0
5,12460131,BLACKWELL EARTHMOVING LIMITED,G-05989,HARGREAVES SERVICES PLC,T3 Large est.,,a) Building Construction (specialist trades),FULL,31/05/2025,0
5,02162561,BLOOR HOMES LIMITED,G-06029,BLOOR INVESTMENTS LIMITED,T3 Large est.,,a) Building Construction (domestic) / U2 candidate,FULL,30/06/2025,0
5,13452634,BLUESTONE CONSTRUCTION LIMITED,G-06064,BLUESTONE CONSTRUCTION LIMITED,T3 Large est.,,Housebuilder/Developer (U2 candidate),TOTAL EXEMPTION FULL,30/06/2025,0
5,01186938,BOCCARD UK LIMITED,G-06121,BOCCARD UK LIMITED,T3 Large est.,,a) Building Construction (specialist trades),MEDIUM,31/12/2025,0
5,01092127,BRANDWELLS CONSTRUCTION COMPANY LIMITED,G-06293,PARKSIDE HOLDINGS LIMITED,T3 Large est.,,c) Civil Engineering,FULL,31/12/2025,0
5,00753976,BREHENY CIVIL ENGINEERING LIMITED,G-06316,BREHENY CIVIL ENGINEERING LIMITED,T3 Large est.,,b) M&E,FULL,31/03/2025,0
5,11198770,BUCHILA LIMITED,G-06567,BUCHILA LIMITED,T3 Large est.,,a) Building Construction (domestic) / U2 candidate,UNAUDITED ABRIDGED,28/02/2025,0
5,02181671,BUCKINGHAM GROUP CONTRACTING LIMITED,G-06573,BGC TRUSTEE LIMITED,T3 Large est.,,a) Building Construction,FULL,31/12/2021,0
5,01406100,BUILD KING CONSTRUCTION LIMITED,G-06589,BUILD KING CONSTRUCTION LIMITED,T3 Large est.,,a) Building Construction (domestic) / U2 candidate,FULL,31/12/2024,0
5,13931175,&BUILD LONDON LTD,G-06590,&BUILD LONDON LTD,T3 Large est.,,Housebuilder/Developer (U2 candidate),MICRO ENTITY,28/02/2025,0
5,SC382123,BW OFFSHORE (UK) LIMITED,G-06707,BW OFFSHORE LIMITED,T3 Large est.,,e) Maintenance/MRO (industrial),FULL,31/12/2024,0
5,14845309,BWT GROUP LTD,G-06716,BWT GROUP LTD,T3 Large est.,,a) Building Construction,TOTAL EXEMPTION FULL,31/03/2025,0
5,02989979,C.B.L. CABLE CONTRACTORS LIMITED,G-06763,C.B.L. CABLE CONTRACTORS LIMITED,T3 Large est.,,b) M&E,MEDIUM,31/05/2025,0
5,03333756,C.W. SURFACING LTD.,G-06834,C.W. SURFACING LTD.,T3 Large est.,,c) Civil Engineering,TOTAL EXEMPTION FULL,31/12/2025,0
5,04519688,CAECILLIAN LIMITED,G-06890,MAPH UTILITIES LIMITED,T3 Large est.,,c) Civil Engineering,SMALL,31/08/2025,0
5,SC013655,CALA MANAGEMENT LIMITED,G-06905,CALA 1 LIMITED,T3 Large est.,,a) Building Construction (specialist trades),FULL,31/12/2024,0
5,06330663,CALDWELL CONSTRUCTION LIMITED,G-06918,CALDWELL GROUP HOLDINGS LIMITED,T3 Large est.,,Housebuilder/Developer (U2 candidate),FULL,31/03/2025,0
5,SC041252,REALISATIONS (CM) LIMITED,G-06921,CALEDONIAN GROUP HOLDINGS LIMITED,T3 Large est.,,a) Building Construction (steel & metal),FULL,31/03/2020,0
5,04136643,CAMPBELL REITH MANAGEMENT SERVICES LTD,G-06990,CAMPBELL REITH HILL LLP,T3 Large est.,,a) Building Construction (specialist trades),FULL,31/07/2025,0
5,01145372,CAPPAGH CONTRACTORS CONSTRUCTION (LONDON) LIMITED,G-07050,CAPPAGH CONTRACTORS CONSTRUCTION (LONDON) LIMITED,T3 Large est.,,c) Civil Engineering,FULL,31/03/2025,0
5,06319693,CAREY CIVIL ENGINEERING LIMITED,G-07088,CAREY CIVIL ENGINEERING LIMITED,T3 Large est.,,c) Civil Engineering,TOTAL EXEMPTION FULL,31/07/2025,0
5,00509127,CARVER GROUP LIMITED,G-07178,CARVER GROUP LIMITED,T3 Large est.,,b) M&E,GROUP,31/12/2024,0
5,01514709,CASTELL SAFETY INTERNATIONAL LIMITED,G-04622,HALMA PLC,T3 Large est.,,e) Maintenance/MRO (industrial),FULL,31/03/2025,0
5,08376043,CBS (UK) LTD,G-07261,CBS (UK) LTD,T3 Large est.,,Housebuilder/Developer (U2 candidate),MICRO ENTITY,31/01/2025,0
5,08115193,CENTREGREAT ENGINEERING LIMITED,G-07361,CENTREGREAT ENGINEERING LIMITED,T3 Large est.,,c) Civil Engineering,MEDIUM,31/05/2025,0
5,12395290,CENTREGREAT FABRICATION LIMITED,G-07362,CENTREGREAT FABRICATION LIMITED,T3 Large est.,,a) Building Construction (steel & metal),TOTAL EXEMPTION FULL,31/05/2025,0
5,07009751,CENTREGREAT RAIL LIMITED,G-07363,CENTREGREAT RAIL LIMITED,T3 Large est.,,c) Civil Engineering,MEDIUM,31/05/2025,0
5,SC244614,CITY GATE CONSTRUCTION (SCOTLAND) LIMITED,G-07650,CGC EOT LTD,T3 Large est.,,e) Maintenance/MRO (facilities),FULL,30/04/2025,0
5,04955471,CLIPFINE HOLDINGS LTD,G-07815,CLIPFINE HOLDINGS LTD,T3 Large est.,,a) Building Construction,GROUP,31/05/2025,0
5,00681537,CLUGSTON CONSTRUCTION LIMITED,G-07842,CLUGSTON GROUP LIMITED,T3 Large est.,,a) Building Construction,FULL,31/01/2018,0
5,02142532,CNIM UK LIMITED,G-07872,CNIM ENVIRONNEMENT & ENERGIE EPC,T3 Large est.,,a) Building Construction (specialist trades),FULL,31/12/2020,0
5,11434603,N & C BUILDING SERVICES LTD,G-07997,N & C BUILDING SERVICES LTD,T3 Large est.,,Housebuilder/Developer (U2 candidate),MICRO ENTITY,30/06/2025,0
5,02416889,KRINKELS UK LIMITED,G-08144,KRINKELS UK LIMITED,T3 Large est.,,e) Maintenance/MRO (facilities),FULL,30/04/2026,0
5,10385106,CONTRACTA CONSTRUCTION UK LIMITED,G-08158,CONTRACTA CONSTRUCTION UK LIMITED,T3 Large est.,,a) Building Construction,GROUP,31/12/2024,0
5,02755818,COOL-THERM (UK) LIMITED,G-07178,CARVER GROUP LIMITED,T3 Large est.,,b) M&E,FULL,31/12/2024,0
5,01664145,CORE HIGHWAYS HOLDINGS LIMITED,G-08217,CORE HIGHWAYS GROUP LIMITED,T3 Large est.,,a) Building Construction (specialist trades),GROUP,30/04/2025,0
5,11848173,CORNELIUS PLANT HIRE LTD,G-08232,CORNELIUS PLANT HIRE LTD,T3 Large est.,,a) Building Construction (specialist trades),AUDITED ABRIDGED,31/12/2024,0
5,02988041,D & M PITT (PAINTING AND DECORATING) LIMITED,G-08636,D & M PITT (PAINTING AND DECORATING) LIMITED,T3 Large est.,,a) Building Construction (interior/completion),TOTAL EXEMPTION FULL,31/03/2025,0
5,05200991,D T HUGHES BUILDING CONTRACTORS LTD,G-08710,D T HUGHES HOLDINGS LTD,T3 Large est.,,a) Building Construction (interior/completion),FULL,31/08/2024,0
5,02670127,DANNY SULLIVAN & SONS LTD.,G-08795,CH PARACHUTE VENTURES LIMITED,T3 Large est.,,c) Civil Engineering,FULL,31/12/2024,0
5,03230866,DANNY SULLIVAN GROUP LIMITED,G-08795,CH PARACHUTE VENTURES LIMITED,T3 Large est.,,c) Civil Engineering,FULL,31/12/2024,0
5,10776708,DARWIN HOLDINGS LIMITED,G-08833,DARWIN HOLDINGS LIMITED,T3 Large est.,,a) Building Construction (domestic) / U2 candidate,TOTAL EXEMPTION FULL,31/03/2025,0
5,14552973,DAWN CONSTRUCTION LTD,G-08919,DAWN CONSTRUCTION LTD,T3 Large est.,,a) Building Construction,MICRO ENTITY,31/03/2025,0
5,08670888,DAWNUS GROUP LIMITED,G-08920,DAWNUS GROUP LIMITED,T3 Large est.,,c) Civil Engineering,GROUP,31/12/2017,0
5,04230579,DAWNUS CONSTRUCTION HOLDINGS LIMITED,G-08920,DAWNUS GROUP LIMITED,T3 Large est.,,c) Civil Engineering,FULL,31/12/2017,0
5,02234482,DB CARGO MAINTENANCE LIMITED,G-08933,DB CARGO AKTIENGESELLSCHAFT,T3 Large est.,,e) Maintenance/MRO (industrial),FULL,31/12/2024,0
5,03116322,DB CARGO (UK) HOLDINGS LIMITED,G-08933,DB CARGO AKTIENGESELLSCHAFT,T3 Large est.,,e) Maintenance/MRO (industrial),FULL,31/12/2024,0
5,04635408,DEBORAH SERVICES (HOLDINGS) LIMITED,G-08994,ACTAVO HOLDINGS (UK) LIMITED,T3 Large est.,,e) Maintenance/MRO (industrial),FULL,31/12/2024,0
5,SC577869,DEEPOCEAN SUBSEA SERVICES LIMITED,G-09012,DEEPOCEAN SUBSEA SERVICES LIMITED,T3 Large est.,,a) Building Construction (specialist trades),FULL,31/12/2024,0
5,06085322,DELTA ENGINEERING GROUP LIMITED,G-09046,DELTA ENGINEERING GROUP LIMITED,T3 Large est.,,a) Building Construction (steel & metal),MEDIUM,31/03/2025,0
5,05297539,DESIGNER CONTRACTS LIMITED,G-09146,DESIGNER CONTRACTS LIMITED,T3 Large est.,,a) Building Construction (interior/completion),FULL,31/10/2025,0
5,01361508,DORMAKABA UK LIMITED,G-09384,DORMAKABA HOLDING AG,T3 Large est.,,a) Building Construction (interior/completion),FULL,30/06/2025,0
5,04310199,DRAEGER MEDICAL UK LIMITED,G-09449,DRÄGERWERK AG & CO. KGAA,T3 Large est.,,e) Maintenance/MRO (industrial),FULL,31/12/2024,0
5,00777464,DRAEGER SAFETY UK LTD,G-09449,DRÄGERWERK AG & CO. KGAA,T3 Large est.,,e) Maintenance/MRO (industrial),FULL,31/12/2024,0
5,06810409,DUGLAS ALLIANCE LTD.,G-09555,DUGLAS ALLIANCE LTD.,T3 Large est.,,a) Building Construction,FULL,28/02/2025,0
5,10049563,DYNAMIC INFRASTRUCTURE LIMITED,G-09633,DYNAMIC INFRASTRUCTURE LIMITED,T3 Large est.,,a) Building Construction (specialist trades),TOTAL EXEMPTION FULL,31/03/2025,0
5,02970707,E T M CONTRACTORS LIMITED,G-09681,E T M CONST' & RECYCLING HOLDINGS LTD,T3 Large est.,,c) Civil Engineering,MEDIUM,31/10/2025,0
5,01179246,E.G. LEWIS & COMPANY LIMITED,G-09693,E G LEWIS GROUP INDUSTRIAL SERVICES,T3 Large est.,,a) Building Construction (interior/completion),MEDIUM,31/01/2025,0
5,05113335,EAST COAST CONSTRUCTION (N.E.) LTD,G-09730,ECCNE HOLDINGS LIMITED,T3 Large est.,,Housebuilder/Developer (U2 candidate),FULL,31/07/2025,0
5,03026268,ECL CIVIL ENGINEERING LIMITED,G-09812,ESENDEE HOLDINGS LIMITED,T3 Large est.,,c) Civil Engineering,FULL,31/07/2025,0
5,02965182,UK POWER NETWORKS SERVICES (COMMERCIAL) LIMITED,G-09895,UK POWER NETWORKS SERVICES (DEVELOPMENT) LIMITED,T3 Large est.,,b) M&E,FULL,31/03/2026,0
5,03221818,UK POWER NETWORKS SERVICES POWERLINK LIMITED,G-09895,UK POWER NETWORKS SERVICES (DEVELOPMENT) LIMITED,T3 Large est.,,b) M&E,AUDIT EXEMPTION SUBSIDIARY,31/03/2026,0
5,06736447,EDSB LIMITED,G-09934,EDSB LIMITED,T3 Large est.,,b) M&E,UNAUDITED ABRIDGED,31/03/2025,0
5,08802995,ELECTRA SOLAR PROJECTS LIMITED,G-10040,ELECTRA SOLAR PROJECTS LIMITED,T3 Large est.,,b) M&E,TOTAL EXEMPTION SMALL,31/12/2015,0
5,01377342,ENCON INSULATION LIMITED,G-10222,ENCON LIMITED,T3 Large est.,,b) M&E,FULL,31/07/2025,0
5,09974487,ESMART NETWORKS LIMITED,G-10439,FWCP SPARK (UK) MIDCO LIMITED,T3 Large est.,,b) M&E,FULL,31/03/2025,0
5,00895272,ETS LINDGREN LIMITED,G-10499,ESCO UK GLOBAL HOLDINGS LTD,T3 Large est.,,a) Building Construction (steel & metal),SMALL,30/09/2024,0
5,05447028,EUROPEAN ACTIVE PROJECTS LIMITED,G-10536,EUROPEAN ACTIVE PROJECTS LIMITED,T3 Large est.,,a) Building Construction (steel & metal),MEDIUM,31/07/2025,0
5,02496662,EUROPEAN AVIATION LIMITED,G-10537,EUROPEAN AVIATION LIMITED,T3 Large est.,,e) Maintenance/MRO (industrial),FULL,31/12/2024,0
5,NI050211,EXTRASPACE SOLUTIONS (UK) LIMITED,G-10676,EXTRASPACE HOLDINGS LTD,T3 Large est.,,a) Building Construction,FULL,31/12/2022,0
5,11521242,F I CONSTRUCTION LIMITED,G-10707,F I CONSTRUCTION LIMITED,T3 Large est.,,Housebuilder/Developer (U2 candidate),FULL,31/01/2025,0
5,00769922,FAIRVIEW ESTATES (HOUSING) LIMITED,G-10788,FAIRVIEW HOLDINGS LIMITED,T3 Large est.,,a) Building Construction (domestic) / U2 candidate,FULL,31/12/2024,0
5,04081723,FAIRVIEW NEW HOMES LIMITED,G-10788,FAIRVIEW HOLDINGS LIMITED,T3 Large est.,,a) Building Construction (domestic) / U2 candidate,FULL,31/12/2024,0
5,04270242,FCE LIMITED,G-10853,FCE LIMITED,T3 Large est.,,b) M&E,MICRO ENTITY,31/12/2025,0
5,15673945,FIT OUT LTD,G-11079,FIT OUT LTD,T3 Large est.,,a) Building Construction,MICRO ENTITY,30/04/2025,0
5,SC512889,FLO GROUP LTD,G-11151,FLO GROUP LTD,T3 Large est.,,Housebuilder/Developer (U2 candidate),TOTAL EXEMPTION FULL,31/08/2025,0
5,15660525,FLOORING SERVICES GROUP LIMITED,G-11159,FLOORING SERVICES GROUP LIMITED,T3 Large est.,,a) Building Construction (interior/completion),TOTAL EXEMPTION FULL,30/04/2025,0
5,15381030,FOREST TRAFFIC SERVICES LIMITED,G-08217,CORE HIGHWAYS GROUP LIMITED,T3 Large est.,,a) Building Construction (specialist trades),MICRO ENTITY,30/04/2025,0
5,03559714,FORTEL SERVICES LIMITED,G-11256,FORTEL SERVICES LIMITED,T3 Large est.,,c) Civil Engineering,FULL,30/09/2025,0
5,NI040953,FOX BUILDING & ENGINEERING LTD,G-11301,FOX CONTRACTS LIMITED,T3 Large est.,,c) Civil Engineering,MEDIUM,31/10/2025,0
5,NI058493,FOX CONTRACTS LIMITED,G-11301,FOX CONTRACTS LIMITED,T3 Large est.,,c) Civil Engineering,GROUP,31/10/2025,0
5,03705715,FULCRUM GROUP HOLDINGS LIMITED,G-11430,FULCRUM HOLDINGS UK LIMITED,T3 Large est.,,c) Civil Engineering,AUDIT EXEMPTION SUBSIDIARY,31/03/2025,0
5,06006363,FULCRUM INFRASTRUCTURE SERVICES LIMITED,G-11430,FULCRUM HOLDINGS UK LIMITED,T3 Large est.,,c) Civil Engineering,AUDIT EXEMPTION SUBSIDIARY,31/03/2025,0
5,03156120,GALLIARD CONSTRUCTION LIMITED,G-11625,GALLIARD GROUP LIMITED,T3 Large est.,,Housebuilder/Developer (U2 candidate),FULL,31/03/2025,0
5,07947946,GALLIARD GROUP LIMITED,G-11625,GALLIARD GROUP LIMITED,T3 Large est.,,Housebuilder/Developer (U2 candidate),GROUP,31/03/2025,0
5,02158998,GALLIARD HOMES LIMITED,G-11625,GALLIARD GROUP LIMITED,T3 Large est.,,Housebuilder/Developer (U2 candidate),FULL,31/03/2025,0
5,05758523,GAS SURE LIMITED,G-11694,GAS SURE LIMITED,T3 Large est.,,b) M&E,TOTAL EXEMPTION FULL,31/03/2024,0
5,02222355,GAVIN JONES LIMITED,G-04435,NURTURE BIDCO LIMITED,T3 Large est.,,e) Maintenance/MRO (facilities),FULL,31/03/2025,0
5,12492608,GENERAL CONSTRUCTION LTD,G-11807,GENERAL CONSTRUCTION LTD,T3 Large est.,,a) Building Construction (interior/completion),TOTAL EXEMPTION FULL,31/03/2026,0
5,11664867,GENERICS GROUP LIMITED,G-11821,GENERICS GROUP LIMITED,T3 Large est.,,e) Maintenance/MRO (industrial),MICRO ENTITY,30/09/2025,0
5,06163808,TOLENT SOLUTIONS LIMITED,G-11831,GUTENGA INVESTMENTS PCC LIMITED,T3 Large est.,,a) Building Construction,FULL,31/12/2021,0
5,04739226,GENTOO HOMES LIMITED,G-11833,GENTOO HOMES LIMITED,T3 Large est.,,Housebuilder/Developer (U2 candidate),FULL,31/03/2025,0
5,00873093,GEOFFREY OSBORNE LIMITED,G-11842,ROSEWOOD GROUP HOLDINGS LTD,T3 Large est.,,a) Building Construction,GROUP,30/09/2021,0
5,06986776,AVANT HOMES GROUP NO.2 LIMITED,G-05143,VIVA BIDCO HOLDINGS LIMITED,T3 Large est.,,a) Building Construction,FULL,30/06/2025,0
5,00783607,GLEESON CONSTRUCTION SERVICES LIMITED,G-11985,MJ GLEESON PLC,T3 Large est.,,a) Building Construction (domestic) / U2 candidate,FULL,30/06/2025,0
5,00848808,GLEESON DEVELOPMENTS LIMITED,G-11985,MJ GLEESON PLC,T3 Large est.,,a) Building Construction (domestic) / U2 candidate,FULL,30/06/2025,0
5,03920096,GLEESON REGENERATION LIMITED,G-11985,MJ GLEESON PLC,T3 Large est.,,a) Building Construction (domestic) / U2 candidate,FULL,30/06/2025,0
5,09640283,GLENCAR CONSTRUCTION LTD,G-11991,GLENCAR CONSTRUCTION (HOLDINGS) LIMITED,T3 Large est.,,Housebuilder/Developer (U2 candidate),FULL,30/09/2025,0
5,SC686377,GLENSHIRE DEVELOPMENTS LTD,G-12007,GLENSHIRE GROUP LTD,T3 Large est.,,Housebuilder/Developer (U2 candidate),MICRO ENTITY,31/01/2025,0
5,01708481,GLOBAL MARINE SYSTEMS LIMITED,G-12034,"TRAFALGAR ACQUISITION CO, LIMITED",T3 Large est.,,a) Building Construction (specialist trades),GROUP,31/12/2024,0
5,08858441,GPM LONDON LTD,G-12147,GPM LONDON LTD,T3 Large est.,,b) M&E,TOTAL EXEMPTION FULL,31/01/2025,0
5,10077895,GREEN CONSTRUCTION SOLUTIONS LTD,G-12243,GREEN CONSTRUCTION SOLUTIONS LTD,T3 Large est.,,a) Building Construction (interior/completion),MICRO ENTITY,31/12/2023,0
5,15655249,GREEN SQUARE INVESTMENT HOLDINGS LTD,G-12265,GREEN SQUARE VENTURES LTD,T3 Large est.,,Housebuilder/Developer (U2 candidate),GROUP,31/12/2025,0
5,00360632,HAMMERSON PLC,G-12611,HAMMERSON PLC,T3 Large est.,,Housebuilder/Developer (U2 candidate),GROUP,31/12/2025,0
5,03495743,HANKINSON LIMITED,G-12635,HANKINSON GROUP LIMITED,T3 Large est.,,a) Building Construction (interior/completion),FULL,30/03/2021,0
5,02307132,HARGREAVES INDUSTRIAL SERVICES LIMITED,G-05989,HARGREAVES SERVICES PLC,T3 Large est.,,a) Building Construction (specialist trades),FULL,31/05/2025,0
5,10659620,HARLEQUIN BRICKWORK CONTRACTING LIMITED,G-12670,HARLEQUIN BRICKWORK CONTRACTING LIMITED,T3 Large est.,,a) Building Construction (domestic) / U2 candidate,TOTAL EXEMPTION FULL,30/11/2023,0
5,04441421,P.C. HARRINGTON LIMITED,G-12695,P.C. HARRINGTON HOLDINGS LIMITED,T3 Large est.,,a) Building Construction (specialist trades),MICRO ENTITY,24/05/2025,0
5,03012678,HARRON HOMES LIMITED,G-12717,HARRON GROUP LIMITED,T3 Large est.,,a) Building Construction (domestic) / U2 candidate,FULL,31/12/2025,0
5,01177224,HEIDELBERG GRAPHIC EQUIPMENT LIMITED,G-12881,HEIDELBERGER DRUCKMASCHINEN AG,T3 Large est.,,e) Maintenance/MRO (industrial),FULL,31/03/2025,0
5,07282527,HENRY CONSTRUCTION PROJECTS LIMITED,G-12919,HENRY GROUP HOLDINGS LIMITED,T3 Large est.,,a) Building Construction,FULL,30/06/2021,0
5,06607001,HERCULES PLC,G-12936,HERCULES PLC,T3 Large est.,,c) Civil Engineering,GROUP,30/09/2025,0
5,02196045,HEWLETT CIVIL ENGINEERING LIMITED,G-12977,HEWLETT CIVIL ENGINEERING LIMITED,T3 Large est.,,c) Civil Engineering,FULL,31/03/2012,0
5,09436450,STEELE PLANT HIRE LTD,G-12980,STEELE PLANT HIRE LTD,T3 Large est.,,c) Civil Engineering,TOTAL EXEMPTION FULL,28/02/2025,0
5,01617719,HG CONSTRUCTION LIMITED,G-13001,HG GROUP (HOLDINGS) LIMITED,T3 Large est.,,a) Building Construction,GROUP,31/12/2025,0
5,00843093,HIGGINS HOMES PLC,G-13028,HIGGINS HOMES PLC,T3 Large est.,,Housebuilder/Developer (U2 candidate),GROUP,31/07/2025,0
5,04202304,HILL HOLDINGS LIMITED,G-13056,HILL HOLDINGS LIMITED,T3 Large est.,,a) Building Construction (domestic) / U2 candidate,GROUP,31/03/2026,0
5,02599073,HILL PARTNERSHIPS LIMITED,G-13056,HILL HOLDINGS LIMITED,T3 Large est.,,a) Building Construction (domestic) / U2 candidate,GROUP,31/03/2026,0
5,00530623,HILLS UK LIMITED,G-13072,HILLS UK LIMITED,T3 Large est.,,Housebuilder/Developer (U2 candidate),GROUP,30/04/2025,0
5,00571289,HILLS WASTE SOLUTIONS LIMITED,G-13072,HILLS UK LIMITED,T3 Large est.,,Housebuilder/Developer (U2 candidate),FULL,30/04/2025,0
5,15511747,HMS&CO LTD,G-13188,HMS&CO LTD,T3 Large est.,,a) Building Construction,MICRO ENTITY,28/02/2025,0
5,07237932,HOUSING MAINTENANCE SOLUTIONS LIMITED,G-13306,HOUSING MAINTENANCE SOLUTIONS LIMITED,T3 Large est.,,b) M&E,FULL,31/03/2025,0
5,09472954,WOLFFKRAN LIMITED,G-13361,WOLFFKRAN HOLDINGS AG,T3 Large est.,,a) Building Construction (specialist trades),FULL,31/12/2025,0
5,SC040891,I. & H. BROWN LIMITED,G-13492,I. & H. BROWN LIMITED,T3 Large est.,,c) Civil Engineering,GROUP,31/08/2025,0
5,12422305,IAC LTD,G-13525,IAC LTD,T3 Large est.,,a) Building Construction,MICRO ENTITY,31/01/2026,0
5,00879464,IAN WILLIAMS LIMITED,G-13540,IAN WILLIAMS LIMITED,T3 Large est.,,a) Building Construction (interior/completion),FULL,30/03/2025,0
5,05482990,INLAND HOMES PLC,G-13788,INLAND HOMES PLC,T3 Large est.,,Housebuilder/Developer (U2 candidate),GROUP,30/09/2021,0
5,10742290,INLAND PARTNERSHIPS LIMITED,G-13788,INLAND HOMES PLC,T3 Large est.,,Housebuilder/Developer (U2 candidate),FULL,30/09/2021,0
5,05472264,OSBORNE SLINFOLD LTD,G-11842,ROSEWOOD GROUP HOLDINGS LTD,T3 Large est.,,a) Building Construction,FULL,30/09/2021,0
5,04446413,INTERIOR SERVICES GROUP (UK HOLDINGS) LIMITED,G-13883,ISG LTD,T3 Large est.,,a) Building Construction,AUDIT EXEMPTION SUBSIDIARY,31/12/2022,0
5,00450103,ISG CONSTRUCTION LIMITED,G-13883,ISG LTD,T3 Large est.,,a) Building Construction,FULL,31/12/2022,0
5,00767259,ISG JACKSON LIMITED,G-13883,ISG LTD,T3 Large est.,,a) Building Construction,AUDIT EXEMPTION SUBSIDIARY,31/12/2022,0
5,00409459,ISG PEARCE LIMITED,G-13883,ISG LTD,T3 Large est.,,a) Building Construction,AUDIT EXEMPTION SUBSIDIARY,31/12/2022,0
5,04491779,ISG UK RETAIL LIMITED,G-13883,ISG LTD,T3 Large est.,,a) Building Construction,AUDIT EXEMPTION SUBSIDIARY,31/12/2022,0
5,07900473,J A BALL LIMITED,G-14038,J A BALL HOLDINGS LIMITED,T3 Large est.,,Housebuilder/Developer (U2 candidate),FULL,31/01/2019,0
5,SC025130,J SMART & CO (CONTRACTORS) P L C,G-14155,J SMART & CO (CONTRACTORS) P L C,T3 Large est.,,a) Building Construction,GROUP,31/07/2025,0
5,03168455,J. TOMLINSON LIMITED,G-14163,J TOMLINSON (HOLDINGS) LIMITED,T3 Large est.,,c) Civil Engineering,FULL,30/09/2021,0
5,01319996,J.L. KNIGHT ROADWORKS LIMITED,G-14189,CHEVALIER (2015) LTD,T3 Large est.,,c) Civil Engineering,FULL,31/07/2025,0
5,02222834,JAGUAR BUILDING SERVICES LIMITED,G-14241,JAGUAR BUILDING SERVICES LIMITED,T3 Large est.,,e) Maintenance/MRO (facilities),FULL,31/03/2025,0
5,02515213,JANSON BRIDGING (UK) LIMITED,G-14297,JANSON BRIDGING INTERNATIONAL B.V.,T3 Large est.,,a) Building Construction (specialist trades),TOTAL EXEMPTION FULL,31/12/2024,0
5,SC534120,JCC GROUP LIMITED,G-14352,JCC GROUP LIMITED,T3 Large est.,,e) Maintenance/MRO (industrial),TOTAL EXEMPTION FULL,31/03/2025,0
5,01987435,JOHN REILLY (CIVIL ENGINEERING) LIMITED,G-14542,BARLEY HOUSE TRUSTEE LIMITED,T3 Large est.,,a) Building Construction,FULL,31/08/2025,0
5,08767936,JOHN RYAN GROUP LIMITED,G-14546,JOHN RYAN GROUP LIMITED,T3 Large est.,,a) Building Construction (interior/completion),TOTAL EXEMPTION FULL,31/12/2024,0
5,06635037,KAJIMA EUROPE LIMITED,G-14736,KAJIMA CORPORATION,T3 Large est.,,Housebuilder/Developer (U2 candidate),GROUP,31/12/2025,0
5,03128029,KAMM CIVIL ENGINEERING LIMITED,G-14741,KAMM (HOLDINGS) LIMITED,T3 Large est.,,c) Civil Engineering,FULL,30/11/2024,0
5,03279573,KELLY COMMUNICATIONS GROUP LIMITED,G-14834,KELLY COMMUNICATIONS GROUP LIMITED,T3 Large est.,,a) Building Construction (specialist trades),GROUP,29/12/2024,0
5,05867235,KINGSTOWN WORKS LIMITED,G-15065,KINGSTOWN WORKS LIMITED,T3 Large est.,,a) Building Construction,FULL,31/03/2025,0
5,10661486,KJW GROUP LIMITED,G-15094,KJW GROUP LIMITED,T3 Large est.,,a) Building Construction (interior/completion),GROUP,30/09/2025,0
5,05727084,KJW DRYLINING LIMITED,G-15094,KJW GROUP LIMITED,T3 Large est.,,a) Building Construction (interior/completion),MEDIUM,30/09/2025,0
5,03329074,KLT UTILITIES LIMITED,G-15108,KLT GROUP OF COMPANIES LIMITED,T3 Large est.,,c) Civil Engineering,FULL,31/03/2025,0
5,08612108,KÖRBER SUPPLY CHAIN LIMITED,G-15178,KÖRBER SUPPLY CHAIN LIMITED,T3 Large est.,,a) Building Construction (specialist trades),FULL,31/12/2024,0
5,04776656,KWL LIMITED,G-15235,KWL LIMITED,T3 Large est.,,Housebuilder/Developer (U2 candidate),MICRO ENTITY,31/05/2025,0
5,02841395,L. LYNCH (PLANT HIRE & HAULAGE) LIMITED,G-15266,L. LYNCH (HOLDINGS) LIMITED,T3 Large est.,,a) Building Construction (specialist trades),FULL,28/02/2026,0
5,02934714,LAKETHORNE LIMITED,G-15343,LAKETHORNE LIMITED,T3 Large est.,,e) Maintenance/MRO (facilities),TOTAL EXEMPTION FULL,31/12/2025,0
5,04828821,LAND UNION (UK) LIMITED,G-15372,LAND UNION (UK) LIMITED,T3 Large est.,,Housebuilder/Developer (U2 candidate),MICRO ENTITY,31/12/2024,0
5,04396241,LANDMARC SUPPORT SERVICES LIMITED,G-15374,DYNCORP LLC,T3 Large est.,,e) Maintenance/MRO (facilities),FULL,31/03/2025,0
5,09994977,LANGLEY STRUCTURES LIMITED,G-15387,CAVELLO GROUP LIMITED,T3 Large est.,,a) Building Construction (specialist trades),SMALL,31/12/2024,0
5,03727617,LANGLEY WATERPROOFING SYSTEMS LIMITED,G-15387,CAVELLO GROUP LIMITED,T3 Large est.,,a) Building Construction (specialist trades),MEDIUM,31/12/2024,0
5,SC253691,LINDSAY CONSTRUCTION LIMITED,G-15627,LINDSAY CONSTRUCTION LIMITED,T3 Large est.,,a) Building Construction,MICRO ENTITY,31/10/2025,0
5,04215303,LINE MANAGEMENT GROUP LIMITED,G-15629,LMGIQ LIMITED,T3 Large est.,,a) Building Construction (specialist trades),FULL,31/12/2024,0
5,13803408,LMGIQ LIMITED,G-15629,LMGIQ LIMITED,T3 Large est.,,a) Building Construction (specialist trades),GROUP,31/12/2024,0
5,13029644,LMS GROUP LTD,G-15709,LMS GROUP LTD,T3 Large est.,,a) Building Construction,MICRO ENTITY,30/11/2024,0
5,10681178,LONDON ENERGY GROUP LTD,G-15780,LONDON ENERGY GROUP LTD,T3 Large est.,,c) Civil Engineering,MICRO ENTITY,31/03/2023,0
5,04751609,LOWE ENGINEERING LIMITED,G-15865,LOWE ENGINEERING LIMITED,T3 Large est.,,a) Building Construction (steel & metal),TOTAL EXEMPTION FULL,30/06/2025,0
5,04766812,M & J EVANS CONSTRUCTION LIMITED,G-15960,MJE MIDCO LIMITED,T3 Large est.,,c) Civil Engineering (groundworks/demolition),FULL,31/12/2024,0
5,00479529,M J GLEESON GROUP LIMITED,G-11985,MJ GLEESON PLC,T3 Large est.,,a) Building Construction (domestic) / U2 candidate,FULL,30/06/2025,0
5,06710178,M J QUINN INTEGRATED SERVICES LIMITED,G-16041,M J QUINN INTEGRATED SERVICES LIMITED,T3 Large est.,,a) Building Construction (specialist trades),FULL,31/12/2024,0
5,SC592927,MACLEAN ELECTRICAL LTD,G-16157,MACLEAN ELECTRICAL LTD,T3 Large est.,,b) M&E,MICRO ENTITY,31/03/2025,0
5,08479092,MARLBOROUGH HIGHWAYS GROUP LIMITED,G-16359,MARLBOROUGH HIGHWAYS GROUP LIMITED,T3 Large est.,,c) Civil Engineering,GROUP,31/03/2025,0
5,02765630,MARLBOROUGH HIGHWAYS LIMITED,G-16359,MARLBOROUGH HIGHWAYS GROUP LIMITED,T3 Large est.,,c) Civil Engineering,FULL,31/03/2025,0
5,00868042,MARTIN-BAKER AIRCRAFT COMPANY LIMITED,G-16400,KILLINCHY AEROSPACE HOLDINGS LIMITED,T3 Large est.,,a) Building Construction (steel & metal),FULL,31/03/2025,0
5,06327406,DUNAMIS INFRASTRUCTURE SERVICES LIMITED,G-11430,FULCRUM HOLDINGS UK LIMITED,T3 Large est.,,c) Civil Engineering,AUDIT EXEMPTION SUBSIDIARY,31/03/2025,0
5,01860835,MAYNECOL SERVICES LIMITED,G-16488,B & M CARE GROUP LIMITED,T3 Large est.,,a) Building Construction,SMALL,30/09/2025,0
5,SC198979,MCDERMOTT GROUP LIMITED,G-16557,MCDERMOTT GROUP LIMITED,T3 Large est.,,b) M&E,TOTAL EXEMPTION FULL,30/04/2025,0
5,05377750,MCLAREN CONSTRUCTION LIMITED,G-16605,MCLAREN CONSTRUCTION GROUP PLC,T3 Large est.,,a) Building Construction,GROUP,31/07/2025,0
5,13453328,MD DEVELOPMENTS GROUP LTD,G-16651,MD DEVELOPMENTS GROUP LTD,T3 Large est.,,Housebuilder/Developer (U2 candidate),MICRO ENTITY,30/06/2025,0
5,NI034234,MDF ENGINEERING LTD,G-16655,CIMC VEHICLES UK LIMITED,T3 Large est.,,a) Building Construction (steel & metal),FULL,31/12/2024,0
5,04752009,MELDRUM LIMITED,G-16737,MELDRUM HOLDINGS (CARLISLE) LIMITED,T3 Large est.,,b) M&E,TOTAL EXEMPTION FULL,28/02/2025,0
5,04261274,MERTHYR (SOUTH WALES) LIMITED,G-16790,GWENT INVESTMENTS LIMITED,T3 Large est.,,Housebuilder/Developer (U2 candidate),FULL,31/12/2024,0
5,09648417,METAL YAPI (UK) LIMITED,G-16815,METAL YAPI (UK) LIMITED,T3 Large est.,,a) Building Construction (steel & metal),SMALL,31/12/2024,0
5,00469627,METALOCK ENGINEERING UK LIMITED,G-16824,METALOCK ENGINEERING UK LIMITED,T3 Large est.,,e) Maintenance/MRO (industrial),FULL,31/12/2025,0
5,14857336,MGL HOLDINGS LIMITED,G-16886,MGL HOLDINGS LIMITED,T3 Large est.,,Housebuilder/Developer (U2 candidate),TOTAL EXEMPTION FULL,30/04/2025,0
5,05444344,MIDAS CONSTRUCTION UK LIMITED,G-16947,MIDAS CONSTRUCTION UK LIMITED,T3 Large est.,,Housebuilder/Developer (U2 candidate),TOTAL EXEMPTION FULL,30/06/2025,0
5,02251570,MIDWEST MECHANICAL AND ELECTRICAL SERVICES LIMITED,G-16982,MILAN HOLDCO LIMITED,T3 Large est.,,b) M&E,MEDIUM,31/03/2025,0
5,01728009,MILLBROOK GROUP LTD,G-17019,MILLBROOK INDUSTRIES LTD,T3 Large est.,,e) Maintenance/MRO (industrial),FULL,31/12/2024,0
5,SC453327,MILLER GROUP HOLDINGS (UK) LIMITED,G-17035,M2 HOLDCO LIMITED,T3 Large est.,,Housebuilder/Developer (U2 candidate),AUDIT EXEMPTION SUBSIDIARY,31/12/2025,0
5,09268016,MJ GLEESON PLC,G-11985,MJ GLEESON PLC,T3 Large est.,,a) Building Construction (domestic) / U2 candidate,GROUP,30/06/2025,0
5,03593639,MORRIS HOMES LIMITED,G-17304,MORRIS HOMES GROUP LIMITED,T3 Large est.,,a) Building Construction (domestic) / U2 candidate,GROUP,30/04/2025,0
5,06367178,MORRISONS.UK.LTD,G-17316,MORRISONS.UK.LTD,T3 Large est.,,a) Building Construction (interior/completion),TOTAL EXEMPTION FULL,09/05/2025,0
5,00124855,MPAC GROUP PLC,G-17213,MPAC GROUP PLC,T3 Large est.,,e) Maintenance/MRO (industrial),GROUP,31/12/2025,0
5,12416982,MULTISPACE CONSTRUCTION LTD,G-17570,MULTISPACE CONSTRUCTION LTD,T3 Large est.,,b) M&E,MICRO ENTITY,31/03/2023,0
5,01623967,MUNNELLY SUPPORT SERVICES LIMITED,G-17577,MUNNELLY GROUP LTD,T3 Large est.,,a) Building Construction (specialist trades),FULL,31/03/2025,0
5,03148743,MUNSTER JOINERY (U.K.) LIMITED,G-17581,MUNSTER JOINERY (U.K.) LIMITED,T3 Large est.,,a) Building Construction (interior/completion),FULL,31/12/2024,0
5,05179071,MW HIGH TECH PROJECTS UK LIMITED,G-17617,MW HIGH TECH PROJECTS UK LIMITED,T3 Large est.,,a) Building Construction (specialist trades),SMALL,30/12/2025,0
5,12535495,NEXUS GROUP LIMITED,G-17945,NEXUS GROUP LIMITED,T3 Large est.,,b) M&E,TOTAL EXEMPTION FULL,31/05/2025,0
5,11943400,NNC LTD,G-18034,NNC LTD,T3 Large est.,,a) Building Construction (domestic) / U2 candidate,TOTAL EXEMPTION FULL,31/03/2025,0
5,10458774,NTW SOLUTIONS LIMITED,G-18263,NTW SOLUTIONS LIMITED,T3 Large est.,,e) Maintenance/MRO (facilities),FULL,31/03/2025,0
5,03523868,NURTURE LANDSCAPES LIMITED,G-04435,NURTURE BIDCO LIMITED,T3 Large est.,,e) Maintenance/MRO (facilities),FULL,31/03/2025,0
5,09933503,NWR LTD,G-18293,NWR LTD,T3 Large est.,,a) Building Construction (specialist trades),UNAUDITED ABRIDGED,31/12/2023,0
5,00969372,O.C. SUMMERS LIMITED,G-18306,LAING CONSTRUCTION LIMITED,T3 Large est.,,a) Building Construction,AUDIT EXEMPTION SUBSIDIARY,31/03/2025,0
5,09295570,EEW OFFSHORE STRUCTURES (BRITAIN) LIMITED,G-18393,EEW SPECIAL PIPE CONSTRUCTIONS,T3 Large est.,,a) Building Construction (steel & metal),SMALL,30/06/2022,0
5,14074839,OSL GLOBAL LIMITED,G-18575,OBCON SOLUTIONS LIMITED,T3 Large est.,,c) Civil Engineering,TOTAL EXEMPTION FULL,28/02/2025,0
5,07365301,OSL RAIL LIMITED,G-18575,OBCON SOLUTIONS LIMITED,T3 Large est.,,c) Civil Engineering,FULL,29/04/2021,0
5,04573942,OSTERNA LIMITED,G-04204,PLACES FOR PEOPLE VENTURES LIMITED,T3 Large est.,,a) Building Construction,FULL,31/03/2025,0
5,03748413,OWEN CONTRACTORS LIMITED,G-18613,OWEN CONTRACTORS HOLDINGS LIMITED,T3 Large est.,,Housebuilder/Developer (U2 candidate),MEDIUM,31/10/2025,0
5,05848752,P.A. ROOFING UK LIMITED,G-18644,P.A. ROOFING UK LIMITED,T3 Large est.,,a) Building Construction (specialist trades),MICRO ENTITY,30/06/2026,0
5,01146346,P C E LIMITED,G-13442,PCE EOT LIMITED,T3 Large est.,,a) Building Construction,FULL,31/12/2024,0
5,02191240,P. HUGHES CONSTRUCTION LIMITED,G-18668,H&C CIVIL LTD,T3 Large est.,,c) Civil Engineering,FULL,31/03/2025,0
5,01214466,P. & E. HARRINGTON PLANT HIRE LIMITED,G-12695,P.C. HARRINGTON HOLDINGS LIMITED,T3 Large est.,,a) Building Construction (specialist trades),MICRO ENTITY,24/05/2025,0
5,NI622381,AC RENTAPLANT LIMITED,G-18719,AC RENTAPLANT LIMITED,T3 Large est.,,e) Maintenance/MRO (facilities),MICRO ENTITY,31/12/2025,0
5,SC281564,PALMARIS PLANT HIRE LIMITED,G-18756,PATERSONS QUARRIES LIMITED,T3 Large est.,,e) Maintenance/MRO (facilities),FULL,30/11/2025,0
5,SC281565,PALMARIS SERVICES LIMITED,G-18756,PATERSONS QUARRIES LIMITED,T3 Large est.,,e) Maintenance/MRO (facilities),FULL,30/11/2025,0
5,SC054793,PATERSONS OF GREENOAKHILL LIMITED,G-18756,PATERSONS QUARRIES LIMITED,T3 Large est.,,e) Maintenance/MRO (facilities),FULL,30/11/2025,0
5,15833191,PHIL RYAN FLOORING LTD,G-19095,PHIL RYAN FLOORING LTD,T3 Large est.,,a) Building Construction (interior/completion),TOTAL EXEMPTION FULL,31/07/2025,0
5,05175644,PILON LIMITED,G-19151,PILON LIMITED,T3 Large est.,,b) M&E,FULL,31/03/2026,0
5,NI035456,PIPERHILL CONSTRUCTION LIMITED,G-19174,PIPERHILL CONSTRUCTION LIMITED,T3 Large est.,,a) Building Construction,GROUP,31/03/2025,0
5,11103017,PJC GROUP LIMITED,G-19199,PJC GROUP LIMITED,T3 Large est.,,c) Civil Engineering,TOTAL EXEMPTION FULL,31/03/2025,0
5,01815863,PJD MECHANICAL ENGINEERING LIMITED,G-19044,ROPSLEY LIMITED,T3 Large est.,,e) Maintenance/MRO (industrial),MEDIUM,31/12/2024,0
5,08755663,PLD LIMITED,G-19259,PLD LIMITED,T3 Large est.,,Housebuilder/Developer (U2 candidate),TOTAL EXEMPTION FULL,31/12/2024,0
5,09019497,QE FACILITIES LIMITED,G-19776,QE FACILITIES LIMITED,T3 Large est.,,e) Maintenance/MRO (facilities),FULL,31/03/2025,0
5,01382857,R & M WILLIAMS LIMITED,G-19874,R & M WILLIAMS (HOLDINGS) LIMITED,T3 Large est.,,a) Building Construction (interior/completion),FULL,30/11/2024,0
5,07065076,RAPID EPS LIMITED,G-20097,RAPID EPS LIMITED,T3 Large est.,,a) Building Construction (steel & metal),TOTAL EXEMPTION FULL,30/09/2025,0
5,12701664,RDB GROUP LIMITED,G-20147,RDB GROUP LIMITED,T3 Large est.,,e) Maintenance/MRO (facilities),MICRO ENTITY,31/03/2025,0
5,10494768,READYPOWER GROUP LIMITED,G-20177,ANGEL TRAINS LIMITED,T3 Large est.,,c) Civil Engineering,GROUP,31/12/2024,0
5,05875465,READYPOWER TERRAWISE LIMITED,G-20177,ANGEL TRAINS LIMITED,T3 Large est.,,c) Civil Engineering,FULL,31/12/2024,0
5,12422424,REAL LSE LIMITED,G-20180,PNDH GROUP HOLDINGS LIMITED,T3 Large est.,,Housebuilder/Developer (U2 candidate),FULL,28/02/2022,0
5,13173774,REAL PLACES LIMITED,G-20180,PNDH GROUP HOLDINGS LIMITED,T3 Large est.,,Housebuilder/Developer (U2 candidate),GROUP,28/02/2022,0
5,12422415,REAL SW LIMITED,G-20180,PNDH GROUP HOLDINGS LIMITED,T3 Large est.,,Housebuilder/Developer (U2 candidate),FULL,28/02/2022,0
5,12760787,RED CONSTRUCTION LTD,G-20201,RED CONSTRUCTION LTD,T3 Large est.,,Housebuilder/Developer (U2 candidate),MICRO ENTITY,31/07/2025,0
5,04641675,REECER SPACE LTD,G-20246,REECER GROUP LIMITED,T3 Large est.,,a) Building Construction,TOTAL EXEMPTION FULL,30/09/2025,0
5,08061011,REGENCY HOMES LIMITED,G-20272,REGENCY HOMES LIMITED,T3 Large est.,,Housebuilder/Developer (U2 candidate),FULL,31/03/2024,0
5,04433925,RELIABLE CONTRACTORS LIMITED,G-20301,RELIABLE CONTRACTORS LIMITED,T3 Large est.,,c) Civil Engineering,FULL,31/05/2025,0
5,01176719,REMA TIP TOP INDUSTRY UK LIMITED,G-20311,REMA TIP TOP HOLDINGS UK LTD,T3 Large est.,,e) Maintenance/MRO (industrial),FULL,31/12/2024,0
5,01589961,RENEWABLE ENERGY SYSTEMS LIMITED,G-20330,RENEWABLE ENERGY SYSTEMS HOLDINGS LIMITED,T3 Large est.,,a) Building Construction,FULL,31/10/2025,0
5,03699560,RHOMBERG SERSA UK LIMITED,G-20425,RHOMBERG SERSA UK LIMITED,T3 Large est.,,c) Civil Engineering,FULL,31/03/2025,0
5,00096281,RICHARD IRVIN & SONS LIMITED,G-20441,RICHARD IRVIN & SONS LIMITED,T3 Large est.,,b) M&E,GROUP,31/12/2016,0
5,SC066714,RICHARD STREET LIMITED,G-20444,OUR STREET LIMITED,T3 Large est.,,a) Building Construction (interior/completion),TOTAL EXEMPTION FULL,31/03/2026,0
5,07149441,ROADBRIDGE UK LIMITED,G-20571,ROADBRIDGE HOLDINGS LIMITED,T3 Large est.,,c) Civil Engineering,FULL,31/12/2020,0
5,01773699,ROBERT HEATH HEATING LIMITED,G-20597,ROBERT HEATH HEATING LIMITED,T3 Large est.,,b) M&E,FULL,31/03/2026,0
5,02580395,ROH HOLDINGS LIMITED,G-20686,ROYAL OPERA HOUSE COVENT GARDEN FOUNDATION,T3 Large est.,,Housebuilder/Developer (U2 candidate),SMALL,31/08/2025,0
5,10456746,ROPSLEY LIMITED,G-19044,ROPSLEY LIMITED,T3 Large est.,,e) Maintenance/MRO (industrial),GROUP,31/12/2024,0
5,00923182,ROWECORD ENGINEERING LIMITED,G-20804,ROWECORD ENGINEERING LIMITED,T3 Large est.,,a) Building Construction (steel & metal),FULL,30/06/2012,0
5,00480523,ROYAL OPERA HOUSE COVENT GARDEN FOUNDATION,G-20686,ROYAL OPERA HOUSE COVENT GARDEN FOUNDATION,T3 Large est.,,Housebuilder/Developer (U2 candidate),GROUP,31/08/2025,0
5,01292680,RYDON CONSTRUCTION LIMITED,G-20935,RYDON HOLDINGS LIMITED,T3 Large est.,,Housebuilder/Developer (U2 candidate),AUDIT EXEMPTION SUBSIDIARY,30/09/2025,0
5,01651097,RYDON MAINTENANCE LIMITED,G-20935,RYDON HOLDINGS LIMITED,T3 Large est.,,Housebuilder/Developer (U2 candidate),FULL,30/09/2025,0
5,05864912,RYKNELD HOMES LIMITED,G-20940,RYKNELD HOMES LIMITED,T3 Large est.,,Housebuilder/Developer (U2 candidate),FULL,31/03/2025,0
5,NI637687,SBP GROUP LIMITED,G-21214,SBP GROUP LIMITED,T3 Large est.,,Housebuilder/Developer (U2 candidate),MICRO ENTITY,31/05/2025,0
5,SC377269,SCOTCO (EASTERN) LIMITED,G-21284,SCOTCO (EASTERN) LIMITED,T3 Large est.,,Housebuilder/Developer (U2 candidate),SMALL,31/12/2024,0
5,SC289245,SDC LTD.,G-21361,SDC LTD.,T3 Large est.,,a) Building Construction,TOTAL EXEMPTION FULL,31/12/2024,0
5,01251716,S.D.C. BUILDERS LIMITED,G-21362,THE SDC EBT LIMITED,T3 Large est.,,a) Building Construction,FULL,30/09/2025,0
5,05355725,SERVCOM SERVICES UK LIMITED,G-21514,SERVCOM SERVICES UK LIMITED,T3 Large est.,,b) M&E,TOTAL EXEMPTION FULL,30/06/2025,0
5,09022198,OCS GROUP UK&I LIMITED,G-21526,OCS UK&I HOLDINGS LIMITED,T3 Large est.,,e) Maintenance/MRO (facilities),AUDIT EXEMPTION SUBSIDIARY,31/12/2024,0
5,09567431,L.T.D. CONTRACTORS LIMITED,G-21778,L.T.D. CONTRACTORS LIMITED,T3 Large est.,,a) Building Construction (interior/completion),TOTAL EXEMPTION FULL,30/06/2020,0
5,08987164,SILCOA LIMITED,G-21784,SELWOOD HOUSING SOCIETY LTD,T3 Large est.,,a) Building Construction (specialist trades),SMALL,31/03/2025,0
5,00961095,SIMONS CONSTRUCTION LIMITED,G-21813,SIMONS CONSTRUCTION LIMITED,T3 Large est.,,a) Building Construction,FULL,31/03/2018,0
5,05158885,SIRIUS CIVIL ENGINEERING LIMITED,G-21862,SEGL GROUP LIMITED,T3 Large est.,,c) Civil Engineering (groundworks/demolition),MEDIUM,31/12/2025,0
5,06675850,SIRIUS DEMOLITION LTD,G-21862,SEGL GROUP LIMITED,T3 Large est.,,c) Civil Engineering (groundworks/demolition),TOTAL EXEMPTION FULL,31/12/2024,0
5,07502493,SIRIUS DRILLING LTD,G-21862,SEGL GROUP LIMITED,T3 Large est.,,c) Civil Engineering (groundworks/demolition),SMALL,31/12/2025,0
5,07057801,SIRIUS ENVIRONMENTAL LTD,G-21862,SEGL GROUP LIMITED,T3 Large est.,,c) Civil Engineering (groundworks/demolition),AUDIT EXEMPTION SUBSIDIARY,31/12/2024,0
5,04676011,SIRIUS GEOTECHNICAL LTD,G-21862,SEGL GROUP LIMITED,T3 Large est.,,c) Civil Engineering (groundworks/demolition),SMALL,31/12/2025,0
5,10518182,SIRIUS PLANT LTD,G-21862,SEGL GROUP LIMITED,T3 Large est.,,c) Civil Engineering (groundworks/demolition),SMALL,31/12/2025,0
5,04860112,SIRIUS REMEDIATION LIMITED,G-21862,SEGL GROUP LIMITED,T3 Large est.,,c) Civil Engineering (groundworks/demolition),MEDIUM,31/12/2025,0
5,02417996,SKELTON-THOMAS ENGINEERING LIMITED,G-09693,E G LEWIS GROUP INDUSTRIAL SERVICES,T3 Large est.,,a) Building Construction (interior/completion),MEDIUM,31/01/2025,0
5,15035971,SOUTH CENTRAL (UK) LTD,G-22216,SOUTH CENTRAL (UK) LTD,T3 Large est.,,a) Building Construction (specialist trades),MICRO ENTITY,31/07/2025,0
5,08020013,SOVINI COMMERCIAL LIMITED,G-22306,SOVINI COMMERCIAL LIMITED,T3 Large est.,,c) Civil Engineering,GROUP,31/03/2025,0
5,07381427,SOVINI PROPERTY SERVICES LIMITED,G-22306,SOVINI COMMERCIAL LIMITED,T3 Large est.,,c) Civil Engineering,FULL,31/03/2025,0
5,06578145,SPACE & SOLUTIONS LIMITED,G-22317,SIMUL GROUP LIMITED,T3 Large est.,,c) Civil Engineering,TOTAL EXEMPTION FULL,31/12/2024,0
5,10887709,SPATIAL INITIATIVE LIMITED,G-10676,EXTRASPACE HOLDINGS LTD,T3 Large est.,,a) Building Construction,FULL,31/12/2022,0
5,05304287,SPIE FONDATIONS UK LIMITED,G-22387,SPIE FONDATIONS UK LIMITED,T3 Large est.,,a) Building Construction (specialist trades),SMALL,31/12/2025,0
5,05322305,SPRAYBAKE LIMITED,G-22416,SPRAYBAKE LIMITED,T3 Large est.,,e) Maintenance/MRO (industrial),TOTAL EXEMPTION FULL,31/03/2025,0
5,07430009,SRB CIVIL ENGINEERING UK LIMITED,G-22445,SRB CIVIL ENGINEERING UK LIMITED,T3 Large est.,,c) Civil Engineering,FULL,31/12/2024,0
5,04304944,ST CATHERINE'S COLLEGE DEVELOPMENT LIMITED,G-22482,ST CATHERINE'S COLLEGE DEVELOPMENT LIMITED,T3 Large est.,,Housebuilder/Developer (U2 candidate),SMALL,31/07/2025,0
5,08198188,STATIC SYSTEMS HOLDINGS LIMITED,G-04622,HALMA PLC,T3 Large est.,,e) Maintenance/MRO (industrial),FULL,31/03/2025,0
5,15803855,STRAIGHT-LINE GROUP SERVICES LTD,G-22765,STRAIGHT-LINE GROUP SERVICES LTD,T3 Large est.,,c) Civil Engineering,TOTAL EXEMPTION FULL,30/06/2025,0
5,11209065,SUNVAST INTERNATIONAL UK LIMITED,G-22913,SUNVAST INTERNATIONAL UK LIMITED,T3 Large est.,,a) Building Construction,TOTAL EXEMPTION FULL,31/03/2022,0
5,00235552,SURGO CONSTRUCTION LIMITED,G-22933,HAWKPOST LIMITED,T3 Large est.,,a) Building Construction,FULL,31/10/2022,0
5,02774043,SYMONDS (UK) LIMITED,G-22744,WANZL LIMITED,T3 Large est.,,e) Maintenance/MRO (facilities),SMALL,31/12/2025,0
5,04649316,T. C. LANDSCAPES LIMITED,G-23081,T.C.L. HOLDINGS (MIDCO) LIMITED,T3 Large est.,,e) Maintenance/MRO (facilities),AUDIT EXEMPTION SUBSIDIARY,31/12/2024,0
5,SC593416,AIRDRIE FABRICATIONS LTD,G-23118,AIRDRIE FABRICATIONS LTD,T3 Large est.,,a) Building Construction (steel & metal),TOTAL EXEMPTION FULL,30/04/2025,0
5,03657606,TAYLOR LANE TIMBER FRAME LIMITED,G-06905,CALA 1 LIMITED,T3 Large est.,,a) Building Construction (specialist trades),MEDIUM,31/12/2024,0
5,08528569,TEI (UK) LTD,G-23352,TEI (UK) LTD,T3 Large est.,,b) M&E,UNAUDITED ABRIDGED,31/05/2025,0
5,09900559,TELLING (HOLDINGS) LIMITED,G-23371,GHGW HOLDINGS LIMITED,T3 Large est.,,b) M&E,SMALL,31/10/2025,0
5,08131233,TERRAPIN LIMITED,G-23414,TERRAPIN LIMITED,T3 Large est.,,Housebuilder/Developer (U2 candidate),TOTAL EXEMPTION SMALL,31/07/2015,0
5,08462158,TESGL LIMITED,G-06602,THE ENERGY SOLUTIONS GROUP MIDCO LIMITED,T3 Large est.,,a) Building Construction (specialist trades),FULL,31/03/2025,0
5,07940417,COMMUNITY HOUSING (UK) LTD,G-23532,COMMUNITY HOUSING (UK) LTD,T3 Large est.,,Housebuilder/Developer (U2 candidate),TOTAL EXEMPTION FULL,31/12/2025,0
5,07449937,THE LANDSCAPE COMPANY (UK) LTD,G-23586,THE LANDSCAPE COMPANY (UK) LTD,T3 Large est.,,e) Maintenance/MRO (facilities),UNAUDITED ABRIDGED,31/10/2025,0
5,00148906,THE PAPWORTH TRUST,G-23603,THE PAPWORTH TRUST,T3 Large est.,,a) Building Construction (domestic) / U2 candidate,FULL,31/03/2025,0
5,00244751,THOMAS ARMSTRONG (HOLDINGS) LIMITED,G-23694,THOMAS ARMSTRONG (HOLDINGS) LIMITED,T3 Large est.,,a) Building Construction,GROUP,27/09/2025,0
5,01181171,THOMPSONS OF PRUDHOE LIMITED,G-23718,THOMPSONS OF PRUDHOE LIMITED,T3 Large est.,,c) Civil Engineering (groundworks/demolition),FULL,30/06/2025,0
5,02022272,QUEEN ETHELBURGA'S SERVICES LIMITED,G-23736,CARE & RECREATION HOLDINGS LIMITED,T3 Large est.,,e) Maintenance/MRO (facilities),FULL,31/08/2025,0
5,07065496,TINSLEY BRIDGE SERVICES LIMITED,G-23807,TINSLEY BRIDGE GROUP HOLDINGS LIMITED,T3 Large est.,,a) Building Construction (steel & metal),SMALL,31/03/2025,0
5,09526497,TITHEGROVE HOLDINGS LIMITED,G-23824,TITHEGROVE HOLDINGS LIMITED,T3 Large est.,,a) Building Construction (domestic) / U2 candidate,GROUP,31/03/2025,0
5,11120774,TIVOLI GROUP LIMITED,G-23826,AMISTHA BIDCO LIMITED,T3 Large est.,,e) Maintenance/MRO (facilities),FULL,31/03/2025,0
5,07896496,TLI GROUP UK LTD,G-23835,TLI GROUP UK LTD,T3 Large est.,,e) Maintenance/MRO (industrial),SMALL,31/12/2024,0
5,02450574,TOLENT CONSTRUCTION LIMITED,G-11831,GUTENGA INVESTMENTS PCC LIMITED,T3 Large est.,,a) Building Construction,GROUP,31/12/2021,0
5,09483417,TORSION CONSTRUCTION LIMITED,G-23924,TORSION GROUP HOLDCO LIMITED,T3 Large est.,,Housebuilder/Developer (U2 candidate),FULL,30/06/2025,0
5,10707201,TORSION GROUP HOLDINGS LIMITED,G-23924,TORSION GROUP HOLDCO LIMITED,T3 Large est.,,Housebuilder/Developer (U2 candidate),SMALL,30/06/2025,0
5,02821660,TOTAL SUPPORT SERVICES LIMITED,G-23953,TOTAL SUPPORT SERVICES HOLDINGS LIMITED,T3 Large est.,,e) Maintenance/MRO (facilities),FULL,30/09/2025,0
5,09918554,HILLTOP BUILDING SERVICES LIMITED,G-23959,HILLTOP BUILDING SERVICES LIMITED,T3 Large est.,,a) Building Construction (domestic) / U2 candidate,TOTAL EXEMPTION FULL,31/12/2024,0
5,14895631,TPS UK GROUP LIMITED,G-23986,TPS UK GROUP LIMITED,T3 Large est.,,Housebuilder/Developer (U2 candidate),MICRO ENTITY,31/05/2025,0
5,05057190,TRAIL GROUP LIMITED,G-24018,TRAIL HOLDINGS LIMITED,T3 Large est.,,a) Building Construction (specialist trades),TOTAL EXEMPTION FULL,31/03/2025,0
5,04437451,TRANSPORTER ENGINEERING LIMITED,G-24040,TRANSPORTER ENGINEERING LIMITED,T3 Large est.,,a) Building Construction (steel & metal),FULL,31/03/2025,0
5,07466247,TRICONNEX LTD,G-10439,FWCP SPARK (UK) MIDCO LIMITED,T3 Large est.,,b) M&E,FULL,31/03/2025,0
5,03019140,TRISTMIRE LIMITED,G-24127,TRISTMIRE LIMITED,T3 Large est.,,Housebuilder/Developer (U2 candidate),TOTAL EXEMPTION FULL,31/03/2025,0
5,NI641219,TS UTILITIES LTD,G-24168,TS UTILITIES LTD,T3 Large est.,,c) Civil Engineering,MICRO ENTITY,30/09/2025,0
5,11284388,TSG CONSTRUCTION LTD,G-24176,TSG CONSTRUCTION LTD,T3 Large est.,,b) M&E,TOTAL EXEMPTION FULL,31/03/2025,0
5,11193295,TSP LIMITED,G-24186,TSP LIMITED,T3 Large est.,,a) Building Construction (steel & metal),UNAUDITED ABRIDGED,28/02/2025,0
5,10474961,TUDOR GROUP LTD,G-05094,ATLAS FM GROUP LIMITED,T3 Large est.,,Housebuilder/Developer (U2 candidate),FULL,31/12/2024,0
5,07199115,ULTIMATE PROPERTY SOLUTIONS LIMITED,G-24376,ULTIMATE PROPERTY SOLUTIONS LIMITED,T3 Large est.,,a) Building Construction (interior/completion),MICRO ENTITY,31/03/2025,0
5,SC527931,UMAX LIMITED,G-24381,UMAX LIMITED,T3 Large est.,,b) M&E,TOTAL EXEMPTION FULL,28/02/2025,0
5,02796628,UNIPER UK LIMITED,G-24413,ADMENTA HOLDINGS LIMITED,T3 Large est.,,c) Civil Engineering,FULL,31/12/2025,0
5,02902387,UNIPER TECHNOLOGIES LIMITED,G-24413,ADMENTA HOLDINGS LIMITED,T3 Large est.,,c) Civil Engineering,FULL,31/12/2025,0
5,11050102,UNIQUE DESIGN & CONSTRUCTION LTD,G-24415,UNIQUE DESIGN & CONSTRUCTION LTD,T3 Large est.,,a) Building Construction,TOTAL EXEMPTION FULL,30/11/2025,0
5,10795772,UNI REALISATIONS 2026 LIMITED,G-24424,HAMPDEN PRIVATE CAPITAL LIMITED,T3 Large est.,,a) Building Construction (steel & metal),AUDIT EXEMPTION SUBSIDIARY,31/12/2023,0
5,09903246,VIA EAST MIDLANDS LIMITED,G-24733,VIA EAST MIDLANDS LIMITED,T3 Large est.,,c) Civil Engineering,FULL,31/03/2026,0
5,NI666759,VIBEROPTIX OPCO LTD,G-24735,OX (BIDCO) LIMITED,T3 Large est.,,c) Civil Engineering,FULL,31/03/2025,0
5,06865722,LIVV MAINTENANCE LIMITED,G-24813,LIVV MAINTENANCE LIMITED,T3 Large est.,,e) Maintenance/MRO (facilities),FULL,31/03/2025,0
5,NI010745,WALTER WATSON LIMITED,G-25020,WALTER WATSON LIMITED,T3 Large est.,,a) Building Construction (steel & metal),GROUP,31/12/2025,0
5,09791105,WATKIN JONES PLC,G-25103,WATKIN JONES PLC,T3 Large est.,,Housebuilder/Developer (U2 candidate),GROUP,30/09/2025,0
5,02539870,WATKIN JONES & SON LIMITED,G-25104,WATKIN JONES PLC,T3 Large est.,,a) Building Construction,FULL,30/09/2025,0
5,04084303,WATKIN JONES GROUP LIMITED,G-25104,WATKIN JONES PLC,T3 Large est.,,a) Building Construction,FULL,30/09/2025,0
5,08132710,WEST LANCASHIRE GROUP LTD,G-25247,WEST LANCASHIRE GROUP LTD,T3 Large est.,,b) M&E,MEDIUM,31/12/2024,0
5,02557785,WESTRIDGE CONSTRUCTION LIMITED,G-25315,WESTRIDGE GROUP HOLDINGS LTD,T3 Large est.,,a) Building Construction,FULL,28/02/2022,0
5,01122944,WYBOSTON LAKES LIMITED,G-25728,WYBOSTON LAKES LIMITED,T3 Large est.,,Housebuilder/Developer (U2 candidate),GROUP,31/12/2025,0
6,06715021,AF OFFSHORE DECOM UK LTD,G-03112,AF GRUPPEN ASA,T4 Remainder,,a) Building Construction (specialist trades),FULL,31/12/2024,0
6,07240643,CARTY FORDE CONSTRUCTION LTD,G-03114,CARTY FORDE CONSTRUCTION LTD,T4 Remainder,,c) Civil Engineering,FULL,31/10/2025,0
6,00999233,DARKE & TAYLOR LIMITED,G-03116,DARKE & TAYLOR GROUP LIMITED,T4 Remainder,,b) M&E,FULL,31/12/2024,0
6,10536587,LONDON MEP GROUP LTD,G-03133,LONDON MEP GROUP LTD,T4 Remainder,,Housebuilder/Developer (U2 candidate),FULL,30/06/2025,0
6,04756850,3B CONSTRUCTION LTD,G-03214,3B CONSTRUCTION LTD,T4 Remainder,,Housebuilder/Developer (U2 candidate),FULL,31/05/2025,0
6,06718528,7 FORMATION LIMITED,G-03253,7F TRADING LIMITED,T4 Remainder,,b) M&E,FULL,31/12/2025,0
6,05523722,8BUILD LIMITED,G-03257,8BUILD GROUP LIMITED,T4 Remainder,,a) Building Construction,FULL,31/03/2025,0
6,01021755,A.B.T.PRODUCTS LIMITED,G-03298,ABT LOADMAC LTD,T4 Remainder,,a) Building Construction (steel & metal),FULL,31/12/2024,0
6,01238729,A.M. NORRIS LIMITED,G-03362,A.M. NORRIS (HOLDINGS) LIMITED,T4 Remainder,,b) M&E,FULL,31/01/2025,0
6,00804474,A.P. FAULKNER (HEATING) LIMITED,G-03375,A.P. FAULKNER (HEATING) LIMITED,T4 Remainder,,b) M&E,FULL,30/06/2024,0
6,02029052,A & F SPRINKLERS LIMITED,G-03425,A&F SPRINKLERS HOLDINGS LIMITED,T4 Remainder,,a) Building Construction (specialist trades),GROUP,31/03/2025,0
6,04600297,AB BUILDING & ELECTRICAL LTD,G-03477,AB BUILDING & ELECTRICAL LTD,T4 Remainder,,b) M&E,FULL,31/03/2025,0
6,03395871,03395871 LIMITED,G-03495,03395871 LIMITED,T4 Remainder,,c) Civil Engineering,FULL,31/05/2011,0
6,12500353,ABCA SYSTEMS GROUP LIMITED,G-03523,ABCA TOPCO LIMITED,T4 Remainder,,b) M&E,FULL,30/09/2025,0
6,08605099,AC BUILD LIMITED,G-03580,A C PLC,T4 Remainder,,b) M&E,FULL,31/03/2022,0
6,08606643,AC DATA LIMITED,G-03580,A C PLC,T4 Remainder,,b) M&E,FULL,31/03/2022,0
6,02895908,ACTIVE TUNNELLING LIMITED,G-03713,JOHN DOHERTY HOLDINGS LIMITED,T4 Remainder,,c) Civil Engineering,FULL,31/07/2025,0
6,NI064545,ADMAN CIVIL PROJECTS LIMITED,G-03784,TRIDENT TRUST COMPANY LIMITED,T4 Remainder,,Housebuilder/Developer (U2 candidate),FULL,31/05/2025,0
6,NI644789,ADMAN GROUP LIMITED,G-03784,TRIDENT TRUST COMPANY LIMITED,T4 Remainder,,Housebuilder/Developer (U2 candidate),GROUP,31/05/2025,0
6,03413858,STRONGPOINT ALS UK LIMITED,G-03967,STRONGPOINT ASA,T4 Remainder,,b) M&E,FULL,31/12/2025,0
6,14146166,AIRA HOME UK LTD,G-03979,AIRA HOME UK LTD,T4 Remainder,,b) M&E,GROUP,31/12/2024,0
6,07958046,AIRSYS (UK) LIMITED,G-04006,AIRSYS HOLDING INC,T4 Remainder,,e) Maintenance/MRO (industrial),FULL,31/12/2024,0
6,SC258470,AKELA CONSTRUCTION LIMITED,G-04039,MARKEY HOLDINGS LIMITED,T4 Remainder,,Housebuilder/Developer (U2 candidate),MEDIUM,31/08/2025,0
6,00958950,ALLAWAY ACOUSTICS LIMITED,G-04189,ALLAWAY ACOUSTICS LIMITED,T4 Remainder,,a) Building Construction (specialist trades),FULL,30/06/2025,0
6,01955725,ALLIED MECHANICAL SERVICES LIMITED,G-04216,DEILLA LIMITED,T4 Remainder,,b) M&E,FULL,30/03/2021,0
6,04721509,ALS CIVIL ENGINEERS HOLDINGS LIMITED,G-04270,ALS CIVIL ENGINEERS HOLDINGS LIMITED,T4 Remainder,,c) Civil Engineering,GROUP,30/06/2025,0
6,06614239,AMERESCO LIMITED,G-04391,AMERESCO LIMITED,T4 Remainder,,c) Civil Engineering,FULL,31/12/2024,0
6,07443091,ANESCO LIMITED,G-04515,QUANESCO BIDCO LIMITED,T4 Remainder,,a) Building Construction (specialist trades),FULL,31/03/2025,0
6,03545210,ANSA UK LIMITED,G-04549,HOMESERVE ENTERPRISES LIMITED,T4 Remainder,,a) Building Construction (specialist trades),AUDIT EXEMPTION SUBSIDIARY,31/12/2024,0
6,06001154,ANSTEE & WARE GROUP LIMITED,G-04557,ANSTEE & WARE GROUP LIMITED,T4 Remainder,,Housebuilder/Developer (U2 candidate),GROUP,31/12/2024,0
6,04202350,ANTAC SUPPORT SERVICES LTD,G-04559,ANTAC SUPPORT SERVICES LTD,T4 Remainder,,e) Maintenance/MRO (facilities),FULL,30/06/2025,0
6,04375093,ANWYL GROUP LIMITED,G-04576,ANWYL GROUP LIMITED,T4 Remainder,,Housebuilder/Developer (U2 candidate),GROUP,30/09/2025,0
6,04255907,APA CONCRETE REPAIRS LIMITED,G-04582,APA GROUP SERVICES LIMITED,T4 Remainder,,a) Building Construction,FULL,31/07/2025,0
6,02631068,APEX STAINLESS FASTENERS LIMITED,G-04609,BULT FINNVEDEN AKTIEBOLAG,T4 Remainder,,a) Building Construction (specialist trades),FULL,31/12/2024,0
6,05829962,APIC UK LIMITED,G-04612,APIC UK LIMITED,T4 Remainder,,a) Building Construction (steel & metal),GROUP,31/12/2023,0
6,10074366,ARC PROPERTY SERVICES PARTNERSHIP LTD,G-04680,SCAPE GROUP LIMITED,T4 Remainder,,Housebuilder/Developer (U2 candidate),FULL,31/03/2025,0
6,05537501,ARJ CONSTRUCTION LIMITED,G-04777,ADH PROFESSIONAL SERVICES LIMITED,T4 Remainder,,a) Building Construction,FULL,30/04/2023,0
6,12283081,ARK BUILD (HOLDINGS) LTD,G-04784,ARK BUILD (HOLDINGS) LTD,T4 Remainder,,a) Building Construction,GROUP,31/10/2025,0
6,01238359,ARKAY WINDOWS LIMITED,G-04789,ARKAY GROUP LONDON LIMITED,T4 Remainder,,a) Building Construction (specialist trades),FULL,31/12/2024,0
6,08506274,ARM PIPETEK LTD,G-04796,ARM PIPETEK LTD,T4 Remainder,,c) Civil Engineering,FULL,30/04/2025,0
6,14858741,ASG HIGHWAYS LTD,G-04907,WATERSEAL HOLDINGS LTD,T4 Remainder,,a) Building Construction (specialist trades),FULL,31/08/2025,0
6,08815372,ASSOCIATED ASPHALT CONTRACTING LTD,G-04976,ASSOCIATED ASPHALT CONTRACTING LTD,T4 Remainder,,c) Civil Engineering,GROUP,31/12/2024,0
6,07773092,ATKINSON BUILDING CONTRACTORS LIMITED,G-05072,ATKINSON BUILDING CONTRACTORS LIMITED,T4 Remainder,,a) Building Construction,FULL,31/10/2025,0
6,12282373,AURA FUTURES LIMITED,G-05115,AURA FUTURES GROUP HOLDINGS LIMITED,T4 Remainder,,e) Maintenance/MRO (industrial),GROUP,31/12/2024,0
6,02562821,AURORA LIFTS LTD,G-05120,AURORA LIFTS LTD,T4 Remainder,,e) Maintenance/MRO (industrial),FULL,31/12/2020,0
6,02330586,AVONSIDE ROOFING LIMITED,G-05177,BURKE INVESTMENTS LIMITED,T4 Remainder,,a) Building Construction (specialist trades),FULL,31/12/2020,0
6,00915420,B.& M.MCHUGH LIMITED,G-05242,FJJ LIMITED,T4 Remainder,,c) Civil Engineering,FULL,31/03/2025,0
6,01884900,CHARTWAY PARTNERSHIPS (SOUTHERN) LIMITED,G-05251,CHARTWAY PARTNERSHIPS (SOUTHERN) LIMITED,T4 Remainder,,Housebuilder/Developer (U2 candidate),FULL,31/05/2024,0
6,03774666,B.P. MITCHELL HAULAGE CONTRACTORS LIMITED,G-05312,B.P. MITCHELL HAULAGE CONTRACTORS LIMITED,T4 Remainder,,a) Building Construction (specialist trades),FULL,30/06/2025,0
6,04225537,INVESIS UK LIMITED,G-05462,INVESIS UK LIMITED,T4 Remainder,,a) Building Construction (specialist trades),FULL,31/12/2025,0
6,02965597,BARAM LIMITED,G-05486,BARAM JTC LIMITED,T4 Remainder,,a) Building Construction (specialist trades),FULL,31/12/2024,0
6,03709774,BARCONN LIMITED,G-05491,BARCONN HOLDINGS LIMITED,T4 Remainder,,a) Building Construction (domestic) / U2 candidate,FULL,31/03/2025,0
6,SC289677,BARNAIGH GROUP LIMITED,G-05519,BARNAIGH GROUP LIMITED,T4 Remainder,,a) Building Construction,GROUP,30/06/2024,0
6,08851465,BAYWA R.E. OPERATION SERVICES LIMITED,G-05600,BAYWA R.E. UK LIMITED,T4 Remainder,,e) Maintenance/MRO (industrial),FULL,31/12/2024,0
6,00932246,BEAL DEVELOPMENTS LIMITED,G-05673,BEAL SECURITIES LIMITED,T4 Remainder,,a) Building Construction (domestic) / U2 candidate,FULL,31/12/2024,0
6,03024612,BECK INTERIORS LIMITED,G-05702,BECK MBI2 LTD,T4 Remainder,,a) Building Construction (interior/completion),FULL,31/12/2022,0
6,07855650,BEMUS CONSTRUCTION SERVICES LIMITED,G-05773,BEMUS CONSTRUCTION SERVICES LIMITED,T4 Remainder,,b) M&E,FULL,30/03/2019,0
6,01210655,BIRDSALL NETWORKS LIMITED,G-05940,BIRDSALL GROUP LTD,T4 Remainder,,b) M&E,FULL,31/03/2025,0
6,01522249,BLACKROW ENGINEERING CO. LIMITED,G-05985,BLACKROW CORPORATION LIMITED,T4 Remainder,,a) Building Construction (steel & metal),FULL,31/07/2025,0
6,00934380,BLAKEDOWN ENVIRONMENT & LEISURE LTD,G-05999,BLAKEDOWN ENVIRONMENT & LEISURE LTD,T4 Remainder,,a) Building Construction (specialist trades),GROUP,31/08/2025,0
6,02638533,BLAZE CONSTRUCTION LIMITED,G-06011,KELLS HOLDINGS LIMITED,T4 Remainder,,c) Civil Engineering (groundworks/demolition),MEDIUM,31/10/2025,0
6,03259020,BLENHEIM HOUSE CONSTRUCTION LIMITED,G-06016,BLENHEIM HOUSE CONSTRUCTION LIMITED,T4 Remainder,,a) Building Construction,FULL,30/04/2023,0
6,03932673,BOOKER & BEST LIMITED,G-06169,BOOKER & BEST LIMITED,T4 Remainder,,b) M&E,GROUP,30/04/2025,0
6,13371731,BOOTH INDUSTRIES INTERNATIONAL LIMITED,G-06176,STAINLESS METALCRAFT (CHATTERIS) LIMITED,T4 Remainder,,a) Building Construction (steel & metal),FULL,31/05/2025,0
6,00282243,BOSKALIS WESTMINSTER (HOLDINGS) LIMITED,G-06196,HAL TRUST,T4 Remainder,,a) Building Construction (specialist trades),GROUP,31/12/2025,0
6,06206168,BOWIE CONSTRUCTION LTD,G-06227,BOWIE HOLDINGS LIMITED,T4 Remainder,,a) Building Construction (domestic) / U2 candidate,FULL,30/12/2022,0
6,01113375,BRACKNELL ROOFING LIMITED,G-05177,BURKE INVESTMENTS LIMITED,T4 Remainder,,a) Building Construction (specialist trades),FULL,31/12/2020,0
6,02778570,BRENNAN LIMITED,G-06323,BRENNAN HOLDINGS LIMITED,T4 Remainder,,a) Building Construction,FULL,30/06/2025,0
6,02463833,BRITCON (UK) LIMITED,G-06408,BRITCON (UK) LIMITED,T4 Remainder,,a) Building Construction,FULL,30/09/2025,0
6,04375334,BROAD OAK PROPERTIES LIMITED,G-06463,BROAD OAK KM LIMITED,T4 Remainder,,a) Building Construction (specialist trades),FULL,31/03/2025,0
6,NI021016,BSG CIVIL ENGINEERING LIMITED,G-06536,BSG HOLDCO LTD,T4 Remainder,,c) Civil Engineering,FULL,31/12/2024,0
6,00552582,BURRY AND KNIGHT LIMITED,G-06673,HOBURNE GROUP LIMITED,T4 Remainder,,a) Building Construction,GROUP,31/01/2025,0
6,05900611,C.A. GROUP (HOLDINGS) LIMITED,G-06760,C.A. FOUNDATION,T4 Remainder,,a) Building Construction (specialist trades),GROUP,30/09/2025,0
6,01776666,C.J.L. CONSTRUCTION LIMITED,G-06841,C.J.L. CONSTRUCTION LIMITED,T4 Remainder,,c) Civil Engineering,FULL,30/09/2025,0
6,05899425,CALLAN CONNECT LIMITED,G-06931,CALLAN CONNECT GROUP LIMITED,T4 Remainder,,a) Building Construction (specialist trades),FULL,30/09/2025,0
6,03679626,CAMBI UK LIMITED,G-06945,CAMBI UK LIMITED,T4 Remainder,,c) Civil Engineering,FULL,31/12/2025,0
6,04266884,CAMBRIDGE GLASSHOUSE COMPANY LIMITED,G-06958,CAMBRIDGE GLASSHOUSE COMPANY LIMITED,T4 Remainder,,a) Building Construction (specialist trades),FULL,31/12/2024,0
6,02432225,CAMEL GLASS & JOINERY LIMITED,G-06970,CAMEL GLASS & JOINERY (HOLDINGS) LTD,T4 Remainder,,a) Building Construction (interior/completion),FULL,31/03/2025,0
6,02814934,CAMERON HOMES LIMITED,G-06973,TARA DEVELOPMENTS LIMITED,T4 Remainder,,a) Building Construction (domestic) / U2 candidate,FULL,31/12/2024,0
6,SC164130,CAMPBELL & KENNEDY LIMITED,G-06986,CAMPBELL & KENNEDY LIMITED,T4 Remainder,,b) M&E,FULL,31/03/2018,0
6,00164692,CARVER (WOLVERHAMPTON) LIMITED,G-07177,CARVER HOLDINGS LIMITED,T4 Remainder,,a) Building Construction (domestic) / U2 candidate,FULL,31/12/2024,0
6,01932141,CASTLE GREEN HOMES LIMITED,G-07203,CASTLE GREEN GROUP LIMITED,T4 Remainder,,a) Building Construction (domestic) / U2 candidate,FULL,31/03/2025,0
6,02196821,CASTLEOAK CARE PARTNERSHIPS LIMITED,G-07217,CASTLEOAK HOLDINGS LIMITED,T4 Remainder,,a) Building Construction,FULL,31/03/2019,0
6,08435715,CATFOSS GROUP MANUFACTURING LIMITED,G-07226,CATFOSS ENTERPRISES LIMITED,T4 Remainder,,a) Building Construction (specialist trades),FULL,30/06/2023,0
6,NI610766,CAUSEWAY GEOTECH LIMITED,G-07232,CAUSEWAY GEOTECH LIMITED,T4 Remainder,,c) Civil Engineering (groundworks/demolition),FULL,31/12/2025,0
6,04202268,CAVANNA GROUP LIMITED,G-07234,CAVANNA GROUP LIMITED,T4 Remainder,,a) Building Construction (domestic) / U2 candidate,GROUP,30/11/2025,0
6,04228450,CAVANNA HOMES LIMITED,G-07234,CAVANNA GROUP LIMITED,T4 Remainder,,a) Building Construction (domestic) / U2 candidate,SMALL,30/11/2025,0
6,03805106,CBRE INVESTMENT MANAGEMENT LIMITED,G-07260,"CBRE GROUP, INC.",T4 Remainder,,Housebuilder/Developer (U2 candidate),FULL,31/12/2024,0
6,NI009960,CCL INTERIORS LIMITED,G-07278,CCL INTERIORS LIMITED,T4 Remainder,,b) M&E,GROUP,31/01/2025,0
6,06567705,CCN COMMUNICATIONS LTD,G-07280,CCN COMMUNICATIONS LTD,T4 Remainder,,c) Civil Engineering,FULL,30/04/2025,0
6,03740408,ECOLUTION GROUP LIMITED,G-07311,ECOLUTION GROUP LIMITED,T4 Remainder,,a) Building Construction (specialist trades),GROUP,30/06/2025,0
6,01485767,CENTRAL PILING LIMITED,G-07353,CENTRAL PARK ENTERPRISES LIMITED,T4 Remainder,,a) Building Construction (specialist trades),FULL,30/12/2024,0
6,10439997,CENTRAL ROOFING GROUP (UK) LIMITED,G-07355,CENTRAL ROOFING TOPCO LIMITED,T4 Remainder,,a) Building Construction (specialist trades),MEDIUM,31/12/2024,0
6,05091693,CENTRAL ROOFING (SOUTH WALES) LIMITED,G-07355,CENTRAL ROOFING TOPCO LIMITED,T4 Remainder,,a) Building Construction (specialist trades),SMALL,31/12/2024,0
6,03746288,CENTRAL ROOFING AND BUILDING SERVICES LIMITED,G-07355,CENTRAL ROOFING TOPCO LIMITED,T4 Remainder,,a) Building Construction (specialist trades),FULL,31/12/2024,0
6,02527130,CET STRUCTURES LTD.,G-04549,HOMESERVE ENTERPRISES LIMITED,T4 Remainder,,a) Building Construction (specialist trades),FULL,31/12/2024,0
6,07745000,CFIELD CONSTRUCTION LIMITED,G-07400,CFIELD CONSTRUCTION LIMITED,T4 Remainder,,Housebuilder/Developer (U2 candidate),FULL,31/12/2025,0
6,02371569,CHALEGROVE PROPERTIES LIMITED,G-07419,CHALEGROVE PROPERTIES LIMITED,T4 Remainder,,Housebuilder/Developer (U2 candidate),GROUP,31/03/2025,0
6,06273275,CHAPMAN VENTILATION LIMITED,G-07438,CHAPMAN VENTILATION HOLDINGS LTD,T4 Remainder,,b) M&E,FULL,31/12/2025,0
6,SC021330,CHARLES HENSHAW & SONS LIMITED,G-07450,MAJOR'S PLACE SERVICES LIMITED,T4 Remainder,,a) Building Construction (interior/completion),FULL,31/01/2023,0
6,06895100,CHARTWELL CONTROLS LIMITED,G-07470,ALBIREO ENERGY INTERNATIONAL LIMITED,T4 Remainder,,b) M&E,FULL,31/12/2024,0
6,01178150,CHASETOWN CIVIL ENGINEERING LIMITED,G-07477,CHASETOWN CIVIL ENGINEERING LIMITED,T4 Remainder,,c) Civil Engineering,FULL,31/12/2025,0
6,08428054,CHEEVERS POOLE LTD,G-07494,WAVELINE CONSTRUCTION LIMITED,T4 Remainder,,Housebuilder/Developer (U2 candidate),GROUP,31/03/2020,0
6,07233102,CILANTRO ENGINEERING UK LTD,G-07602,TYONE HOLDINGS LTD,T4 Remainder,,b) M&E,FULL,31/12/2024,0
6,04367666,CITY & COUNTRY GROUP PLC,G-07629,CITY & COUNTRY GROUP PLC,T4 Remainder,,Housebuilder/Developer (U2 candidate),GROUP,31/07/2025,0
6,00717743,CITY & COUNTRY RESIDENTIAL LTD,G-07629,CITY & COUNTRY GROUP PLC,T4 Remainder,,Housebuilder/Developer (U2 candidate),FULL,31/07/2025,0
6,SC092623,CITY FACILITIES MANAGEMENT (UK) LIMITED,G-07646,CITY FACILITIES MANAGEMENT (UK) LIMITED,T4 Remainder,,e) Maintenance/MRO (facilities),FULL,31/12/2024,0
6,03056277,CITY LIFTING LIMITED,G-07655,CRANES 2000 HOLDINGS LTD,T4 Remainder,,a) Building Construction (specialist trades),FULL,31/03/2025,0
6,SC478631,CLARK CONTRACTS (GROUP) LIMITED,G-07736,CLARK CONTRACTS (GROUP) LIMITED,T4 Remainder,,a) Building Construction (specialist trades),GROUP,31/10/2025,0
6,03684875,CLEGG GROUP LIMITED,G-07789,CLEGG EOT LIMITED,T4 Remainder,,a) Building Construction,GROUP,31/12/2024,0
6,00667598,CLEGG CONSTRUCTION LIMITED,G-07789,CLEGG EOT LIMITED,T4 Remainder,,a) Building Construction,FULL,31/12/2024,0
6,00848176,CLEMENTS PLANT & TOOL HIRE LIMITED,G-07792,THH 2019 LIMITED,T4 Remainder,,a) Building Construction (specialist trades),SMALL,30/04/2025,0
6,SC379462,COCHRAN SERVICES LTD,G-07895,COCHRAN SERVICES LTD,T4 Remainder,,e) Maintenance/MRO (industrial),FULL,31/12/2025,0
6,02267214,COFFEY CONSTRUCTION LIMITED,G-07904,LUIMNAGH CAPITAL UNLIMITED COMPANY,T4 Remainder,,c) Civil Engineering,GROUP,31/12/2025,0
6,00560487,COLLINS CONSTRUCTION LTD,G-07948,COLLINS 2017 LIMITED,T4 Remainder,,a) Building Construction (specialist trades),FULL,30/06/2025,0
6,05599090,CONCEPT BESPOKE INTERIORS LIMITED,G-08047,CONCEPT BESPOKE INTERIORS TRUSTEE COMPANY LIMITED,T4 Remainder,,a) Building Construction,GROUP,31/03/2025,0
6,04143738,CONNECT IT UTILITY SERVICES LIMITED,G-08085,CONNECT IT UTILITY SERVICES LIMITED,T4 Remainder,,a) Building Construction (specialist trades),FULL,30/06/2025,0
6,07528982,COYLE EQUIPMENT SERVICES LIMITED,G-08351,CANAL WHARF HOLDINGS LTD,T4 Remainder,,e) Maintenance/MRO (industrial),FULL,31/07/2025,0
6,00200794,CRITTALL WINDOWS LIMITED,G-08439,CRITTALL HOLDINGS LIMITED,T4 Remainder,,a) Building Construction (steel & metal),FULL,28/03/2025,0
6,SC130376,CRUMMOCK (SCOTLAND) LIMITED,G-08499,CRUMMOCK (SCOTLAND) LIMITED,T4 Remainder,,a) Building Construction,FULL,31/03/2017,0
6,09225026,CS WIND EUROPE LIMITED,G-08512,CS WIND EUROPE LIMITED,T4 Remainder,,c) Civil Engineering,FULL,31/12/2015,0
6,02212454,CST INDUSTRIES (UK) LIMITED,G-08526,CST INDUSTRIES INC,T4 Remainder,,a) Building Construction (steel & metal),GROUP,31/12/2025,0
6,03995965,D E CLEGG HOLDINGS LIMITED,G-07789,CLEGG EOT LIMITED,T4 Remainder,,a) Building Construction,SMALL,31/12/2024,0
6,02877463,D R JONES YEOVIL LTD.,G-08702,JONES BUILDING GROUP LIMITED,T4 Remainder,,Housebuilder/Developer (U2 candidate),FULL,31/12/2025,0
6,01165002,D.S. WATSON CIVIL ENGINEERING (ANGLIA) LIMITED,G-08727,DW GROUP (ANGLIA) LIMITED,T4 Remainder,,c) Civil Engineering,FULL,31/03/2025,0
6,02903125,D & B SCAFFOLDING LIMITED,G-08732,D & B SCAFFOLDING HOLDINGS LTD,T4 Remainder,,a) Building Construction (specialist trades),FULL,31/08/2025,0
6,01578326,DALAIR LIMITED,G-03965,SWEGON GROUP AKTIEBOLAG,T4 Remainder,,a) Building Construction (steel & metal),FULL,31/12/2025,0
6,SC163941,DALES MARINE SERVICES LIMITED,G-08766,NEORION BIDCO LIMITED,T4 Remainder,,e) Maintenance/MRO (industrial),FULL,31/12/2025,0
6,02432748,DANESCOURT ROOFING LIMITED,G-05177,BURKE INVESTMENTS LIMITED,T4 Remainder,,a) Building Construction (specialist trades),UNAUDITED ABRIDGED,31/12/2020,0
6,03779459,DANEWAYS LIMITED,G-08790,DANEWAYS LIMITED,T4 Remainder,,c) Civil Engineering,FULL,31/12/2024,0
6,08235914,DATALEC POWER INSTALLATIONS LIMITED,G-08849,DATALEC POWER INSTALLATIONS LIMITED,T4 Remainder,,a) Building Construction (steel & metal),GROUP,31/10/2024,0
6,03532339,DCB (KENT) LIMITED,G-08954,MCG GLOBAL LIMITED,T4 Remainder,,Housebuilder/Developer (U2 candidate),FULL,31/03/2021,0
6,01189840,DENHOLM INDUSTRIAL SERVICES LIMITED,G-09075,J. & J. DENHOLM LIMITED,T4 Remainder,,a) Building Construction (specialist trades),FULL,31/12/2024,0
6,04140677,THE DERITEND GROUP LIMITED,G-09116,THE DERITEND GROUP LIMITED,T4 Remainder,,e) Maintenance/MRO (industrial),FULL,31/12/2025,0
6,06446427,DERRICK SERVICES (UK) LIMITED,G-09119,DERRICK SERVICES (UK) LIMITED,T4 Remainder,,e) Maintenance/MRO (industrial),FULL,31/12/2025,0
6,09336426,DEUTSCHE WINDTECHNIK LTD,G-09159,DEUTSCHE WINDTECHNIK LTD,T4 Remainder,,e) Maintenance/MRO (industrial),FULL,31/12/2024,0
6,05660708,DIAMOND BUILD GROUP PLC,G-09215,DIAMOND BUILD GROUP PLC,T4 Remainder,,a) Building Construction (specialist trades),GROUP,31/12/2022,0
6,SC269766,DIESELEC THISTLE GENERATORS LIMITED,G-09238,DIESELEC THISTLE GENERATORS LIMITED,T4 Remainder,,e) Maintenance/MRO (industrial),FULL,31/03/2026,0
6,12404041,DIXON INTEGRATED SERVICES LIMITED,G-09271,DIXON GROUP LIMITED,T4 Remainder,,a) Building Construction (specialist trades),FULL,31/03/2025,0
6,02024154,DORIC DEVELOPMENTS (BATH) LIMITED,G-09379,DORIC DEVELOPMENTS (BATH) LIMITED,T4 Remainder,,a) Building Construction (domestic) / U2 candidate,GROUP,31/12/2024,0
6,05478154,DRYWALL SOLUTIONS UK LIMITED,G-09506,NAPKIN GROUP LIMITED,T4 Remainder,,Housebuilder/Developer (U2 candidate),FULL,31/03/2024,0
6,01316529,DURKAN HOLDINGS LIMITED,G-09601,DURKAN HOLDINGS LIMITED,T4 Remainder,,Housebuilder/Developer (U2 candidate),GROUP,30/11/2025,0
6,04143018,DYNAMIC SAMPLING UK LIMITED,G-09634,RSK ENVIRONMENT LIMITED,T4 Remainder,,c) Civil Engineering (groundworks/demolition),AUDIT EXEMPTION SUBSIDIARY,06/04/2025,0
6,03708618,DYWIDAG LIMITED,G-09642,DYWIDAG LIMITED,T4 Remainder,,a) Building Construction (specialist trades),FULL,31/12/2025,0
6,00790763,E.G.CARTER & COMPANY LIMITED,G-09659,E G CARTER (HOLDINGS) LIMITED,T4 Remainder,,a) Building Construction,FULL,30/06/2025,0
6,01084688,EAST GOSCOTE PLUMBERS LIMITED,G-09739,JELSON HOLDINGS LIMITED,T4 Remainder,,b) M&E,SMALL,30/04/2025,0
6,10053319,EASTGATE ENGINEERING SERVICES LTD,G-09770,EASTGATE ENGINEERING SERVICES LTD,T4 Remainder,,b) M&E,FULL,31/03/2025,0
6,03186655,ECO-1 ELECTRICAL SOLUTIONS LTD,G-09844,BELJERE INVESTMENTS LIMITED,T4 Remainder,,b) M&E,FULL,31/12/2025,0
6,04484817,EDENSTONE HOLDINGS LIMITED,G-09892,EDENSTONE HOLDINGS LIMITED,T4 Remainder,,Housebuilder/Developer (U2 candidate),GROUP,27/04/2025,0
6,NI615490,EDGEWATER CONTRACTS & SPECIALIST JOINERY LTD,G-09912,EDGEWATER JOINERY LTD,T4 Remainder,,a) Building Construction (specialist trades),FULL,31/12/2025,0
6,04363335,EDM LONDON LIMITED,G-09924,FINANCIERE MERIGUET,T4 Remainder,,a) Building Construction (interior/completion),FULL,31/12/2024,0
6,09518199,EFT GROUP LIMITED,G-09971,EFT GROUP LIMITED,T4 Remainder,,Housebuilder/Developer (U2 candidate),GROUP,31/12/2024,0
6,01172575,EFT SYSTEMS LIMITED,G-09971,EFT GROUP LIMITED,T4 Remainder,,Housebuilder/Developer (U2 candidate),MEDIUM,31/12/2024,0
6,09914407,EIFFAGE METAL UK LIMITED,G-10000,EIFFAGE S.A (FRANCE) 709 802 094,T4 Remainder,,b) M&E,FULL,31/12/2025,0
6,01492985,EJM ENGINEERED SYSTEMS LIMITED,G-10013,EJM ENGINEERED SYSTEMS LIMITED,T4 Remainder,,e) Maintenance/MRO (industrial),FULL,30/06/2025,0
6,06732886,ELAN HOMES HOLDINGS LTD.,G-10026,AMBER RESIDENTIAL PROPERTIES LIMITED,T4 Remainder,,a) Building Construction (domestic) / U2 candidate,GROUP,29/12/2024,0
6,05011077,ELIVIA HOMES LIMITED,G-10118,ELIVIA HOLDINGS LIMITED,T4 Remainder,,Housebuilder/Developer (U2 candidate),GROUP,30/06/2025,0
6,07578432,PLUG ME IN (SOLAR) LIMITED,G-10333,RODNEY HOLDINGS LIMITED,T4 Remainder,,a) Building Construction (specialist trades),FULL,31/12/2024,0
6,02917688,EURO DISMANTLING SERVICES LTD.,G-10510,EURO DISMANTLING SERVICES LTD.,T4 Remainder,,c) Civil Engineering (groundworks/demolition),FULL,30/09/2012,0
6,09815206,EUROGOLD GROUP LIMITED,G-10528,EUROGOLD GROUP LIMITED,T4 Remainder,,c) Civil Engineering,GROUP,30/09/2025,0
6,09279808,EVERO ENERGY GROUP LIMITED,G-10588,INFRACAPITAL GREENFIELD PARTNERS I SUBHOLDINGS SLP LP,T4 Remainder,,c) Civil Engineering,GROUP,31/12/2025,0
6,10905532,EXCEL WINNER UK LIMITED,G-10620,EXCEL WINNER UK LIMITED,T4 Remainder,,Housebuilder/Developer (U2 candidate),GROUP,31/12/2024,0
6,04800287,F&I MANAGEMENT LIMITED,G-10689,F & I HOLDINGS LIMITED,T4 Remainder,,a) Building Construction (specialist trades),TOTAL EXEMPTION FULL,31/03/2025,0
6,00446626,F. PARKINSON LIMITED,G-10716,F. PARKINSON LIMITED,T4 Remainder,,a) Building Construction,FULL,30/09/2025,0
6,01987699,FELTHAM CONSTRUCTION LIMITED,G-10881,FELTHAM GROUP LIMITED,T4 Remainder,,a) Building Construction,FULL,30/06/2025,0
6,04827716,FELTHAM GROUP LIMITED,G-10881,FELTHAM GROUP LIMITED,T4 Remainder,,a) Building Construction,GROUP,30/06/2025,0
6,02810485,FGS AGRI LIMITED,G-07792,THH 2019 LIMITED,T4 Remainder,,a) Building Construction (specialist trades),FULL,30/04/2025,0
6,01536747,FITZGERALD CONTRACTORS LIMITED,G-11084,FITZGERALD CONTRACTORS LIMITED,T4 Remainder,,a) Building Construction,FULL,31/03/2025,0
6,06456221,FITZGERALD PLANT SERVICES LIMITED,G-11085,FITZGERALD PLANT SERVICES LIMITED,T4 Remainder,,e) Maintenance/MRO (industrial),FULL,31/12/2024,0
6,10952523,FLI PRECAST SOLUTIONS UK LIMITED,G-11139,FLI PRECAST SOLUTIONS HOLDINGS LIMITED,T4 Remainder,,c) Civil Engineering,FULL,31/12/2024,0
6,11505371,FLOWING CONSTRUCTION SERVICES LIMITED,G-10689,F & I HOLDINGS LIMITED,T4 Remainder,,a) Building Construction (specialist trades),TOTAL EXEMPTION FULL,31/03/2025,0
6,02309833,FOUNDATION PILING LIMITED,G-11286,FOUNDATION PILING (HOLDINGS) LIMITED,T4 Remainder,,b) M&E,FULL,30/04/2025,0
6,04670647,FOUR JAYS LIMITED,G-07792,THH 2019 LIMITED,T4 Remainder,,a) Building Construction (specialist trades),FULL,30/04/2025,0
6,SC176407,FOX CONSTRUCTION (HOLDINGS) LIMITED,G-11302,FOX CONSTRUCTION (HOLDINGS) LIMITED,T4 Remainder,,a) Building Construction,GROUP,30/06/2025,0
6,01324100,FRANK ROGERS (BUILDING CONTRACTOR) LIMITED,G-11331,FRBC HOLDINGS LIMITED,T4 Remainder,,a) Building Construction,FULL,30/09/2025,0
6,03100654,THE FULL ELECTRICAL SERVICES COMPANY LTD.,G-11434,THE FULL ELECTRICAL SERVICES COMPANY LTD.,T4 Remainder,,b) M&E,FULL,30/11/2025,0
6,SC047574,G.S. BROWN CONSTRUCTION LIMITED,G-11559,G.S. BROWN CONSTRUCTION LIMITED,T4 Remainder,,a) Building Construction (domestic) / U2 candidate,FULL,28/02/2025,0
6,SC135278,G.F. JOB LIMITED,G-11574,G.F. JOB LIMITED,T4 Remainder,,c) Civil Engineering,FULL,31/03/2025,0
6,02827333,G.G.E. LTD.,G-11575,G.G.E. LTD.,T4 Remainder,,a) Building Construction (domestic) / U2 candidate,GROUP,04/11/2024,0
6,03017428,GABBITAS GILL PARTNERSHIP LIMITED,G-11604,GABBITAS GILL PARTNERSHIP LIMITED,T4 Remainder,,a) Building Construction (specialist trades),FULL,31/10/2025,0
6,03694714,GARADOR HOLDINGS LIMITED,G-11664,GARADOR HOLDINGS LIMITED,T4 Remainder,,a) Building Construction (steel & metal),GROUP,31/12/2024,0
6,02898632,GARTEC LTD.,G-11683,ARITCO GROUP AB,T4 Remainder,,e) Maintenance/MRO (industrial),FULL,31/12/2025,0
6,NI620995,GCU (UK) LIMITED,G-11747,GALLAGHER PROPERTIES (S) LTD,T4 Remainder,,c) Civil Engineering,FULL,31/10/2024,0
6,08032283,GEL ENGINEERING LIMITED,G-11784,HARTEX LTD,T4 Remainder,,b) M&E,GROUP,31/05/2025,0
6,01476901,GEORGE BIRCHALL LIMITED,G-11849,GEORGE BIRCHALL LIMITED,T4 Remainder,,b) M&E,FULL,31/03/2017,0
6,02465117,GEORGE BIRCHALL SERVICE LIMITED,G-11850,GEORGE BIRCHALL SERVICE LIMITED,T4 Remainder,,b) M&E,FULL,31/03/2017,0
6,00700739,GEOTECHNICAL ENGINEERING LIMITED,G-11873,GEOTECHNICAL ENGINEERING LIMITED,T4 Remainder,,c) Civil Engineering (groundworks/demolition),FULL,31/10/2025,0
6,09735090,GEV WIND POWER LIMITED,G-11882,GEV HOLDINGS LTD,T4 Remainder,,e) Maintenance/MRO (industrial),FULL,31/03/2025,0
6,02303626,GEZE UK LIMITED,G-11883,GEZE UK LIMITED,T4 Remainder,,e) Maintenance/MRO (industrial),FULL,30/06/2025,0
6,00717619,GILKS (NANTWICH) LIMITED,G-11924,THE ETHIKOS GROUP LTD,T4 Remainder,,b) M&E,FULL,31/12/2024,0
6,03958029,GILL CIVIL ENGINEERING LIMITED,G-11925,GILL GROUP LIMITED,T4 Remainder,,c) Civil Engineering,MEDIUM,31/03/2025,0
6,07168669,GILL GROUP LIMITED,G-11925,GILL GROUP LIMITED,T4 Remainder,,c) Civil Engineering,GROUP,31/03/2025,0
6,01043597,AVANT HOMES (ENGLAND) LIMITED,G-08315,AVANT HOMES (NO.2) LIMITED,T4 Remainder,,a) Building Construction,FULL,30/06/2025,0
6,02987024,GLAZING VISION LIMITED,G-11980,GLAZING VISION GROUP LIMITED,T4 Remainder,,a) Building Construction (steel & metal),FULL,30/04/2025,0
6,07769221,GLOSTER MEP LIMITED,G-12056,MAYA5 LIMITED,T4 Remainder,,b) M&E,FULL,30/09/2025,0
6,07812048,GOLDEN GLOBE MERCHANTS LIMITED,G-12090,GOLDEN GLOBE MERCHANTS LIMITED,T4 Remainder,,b) M&E,FULL,31/10/2024,0
6,05991387,GPF LEWIS PLC,G-12145,GPF LEWIS PLC,T4 Remainder,,b) M&E,GROUP,31/03/2025,0
6,11025046,GPF LEWIS SOLUTIONS LIMITED,G-12145,GPF LEWIS PLC,T4 Remainder,,b) M&E,SMALL,31/03/2025,0
6,01343317,GRACELANDS LIMITED,G-12154,CHANGEREGARD LIMITED,T4 Remainder,,c) Civil Engineering,FULL,30/04/2025,0
6,08720307,GRANADA GLAZING LIMITED,G-12190,GLASS UMBRELLA LIMITED,T4 Remainder,,a) Building Construction (steel & metal),FULL,31/03/2025,0
6,05965784,GRANEMORE GROUP LTD.,G-12194,GRANEMORE GROUP LTD.,T4 Remainder,,c) Civil Engineering,GROUP,30/09/2024,0
6,11976335,GRANGEWOOD LIMITED,G-12198,GRANGEWOOD LIMITED,T4 Remainder,,a) Building Construction (interior/completion),GROUP,30/06/2025,0
6,02715038,GRANGEWOOD BUILDERS LIMITED,G-12198,GRANGEWOOD LIMITED,T4 Remainder,,a) Building Construction (interior/completion),FULL,30/06/2025,0
6,02730358,GRAYTON ENGINEERING LIMITED,G-12221,GRAYTON ENGINEERING LIMITED,T4 Remainder,,e) Maintenance/MRO (industrial),FULL,31/12/2014,0
6,03235098,GREENSHIELDS JCB LIMITED,G-12301,CLEASBY WILLANS,T4 Remainder,,e) Maintenance/MRO (industrial),FULL,31/12/2024,0
6,SC078562,GREIG ENGINEERING LIMITED,G-12320,GREIG ENGINEERING LIMITED,T4 Remainder,,a) Building Construction (steel & metal),FULL,31/03/2025,0
6,01874098,GRENVILLE ENGINEERING (STOKE-ON-TRENT) LIMITED,G-12325,GRENVILLE ENGINEERING (STOKE-ON-TRENT) LIMITED,T4 Remainder,,a) Building Construction (steel & metal),FULL,31/12/2025,0
6,04203292,GRT GROUP LIMITED,G-12375,AKS GROUP LIMITED,T4 Remainder,,a) Building Construction (interior/completion),GROUP,30/04/2025,0
6,02438345,GUIDELINE LIFT SERVICES LIMITED,G-12410,KLEEMAN LIFTS UK LIMITED,T4 Remainder,,a) Building Construction (specialist trades),FULL,31/12/2025,0
6,12513815,GW HIGHWAYS LTD,G-12432,STONELAKE INVESTMENTS LIMITED,T4 Remainder,,c) Civil Engineering,FULL,31/12/2024,0
6,12861472,H YOUNG GROUP LIMITED,G-12512,H YOUNG GROUP LIMITED,T4 Remainder,,a) Building Construction (steel & metal),GROUP,31/12/2024,0
6,SC141875,HADDEN CONSTRUCTION LIMITED,G-12537,HADDEN CONSTRUCTION HOLDINGS LIMITED,T4 Remainder,,Housebuilder/Developer (U2 candidate),FULL,31/03/2023,0
6,02021947,KELLOGG BROWN & ROOT (U.K.) LIMITED,G-12590,KELLOGG BROWN & ROOT (U.K.) LIMITED,T4 Remainder,,a) Building Construction (specialist trades),FULL,31/12/2024,0
6,11111305,HARNISS HOLDINGS LIMITED,G-12689,HARNISS HOLDINGS LIMITED,T4 Remainder,,b) M&E,GROUP,28/02/2025,0
6,01854872,HARPER GROUP PLC,G-12692,HARPER GROUP MANAGEMENT LIMITED,T4 Remainder,,Housebuilder/Developer (U2 candidate),FULL,31/12/2025,0
6,01288036,HARRIS PYE UNITED KINGDOM LIMITED,G-12702,HARRIS PYE ENGINEERING GROUP LIMITED,T4 Remainder,,e) Maintenance/MRO (industrial),FULL,31/12/2024,0
6,01663267,SEVERFIELD NUCLEAR & INFRASTRUCTURE LIMITED,G-12729,SEVERFIELD NUCLEAR & INFRASTRUCTURE LIMITED,T4 Remainder,,a) Building Construction (specialist trades),FULL,28/03/2026,0
6,05540444,HARTING LIMITED,G-12738,HARTING UK LIMITED,T4 Remainder,,e) Maintenance/MRO (industrial),FULL,30/09/2025,0
6,00988409,HAYDON MECHANICAL & ELECTRICAL LIMITED,G-12787,CURZON 3003 LIMITED,T4 Remainder,,b) M&E,FULL,31/12/2021,0
6,06985679,H B TUNNELLING LIMITED,G-12810,HPB GROUP LIMITED,T4 Remainder,,a) Building Construction (specialist trades),FULL,31/03/2025,0
6,02104036,HBS GROUP SOUTHERN LTD,G-12818,HBS GROUP HOLDINGS LIMITED,T4 Remainder,,b) M&E,FULL,31/03/2023,0
6,01164808,HEATHYARDS ENGINEERING CO. LIMITED,G-12856,EUROPEAN INDUSTRIAL GROUPLTD,T4 Remainder,,a) Building Construction (steel & metal),FULL,31/03/2025,0
6,03527087,HELP-LINK UK LIMITED,G-04549,HOMESERVE ENTERPRISES LIMITED,T4 Remainder,,a) Building Construction (specialist trades),AUDIT EXEMPTION SUBSIDIARY,31/12/2025,0
6,SC045681,HS REALISATIONS LIMITED,G-12974,HS REALISATIONS LIMITED,T4 Remainder,,a) Building Construction (specialist trades),FULL,31/12/2014,0
6,SC350707,HFD CONSTRUCTION GROUP LIMITED,G-12999,HFD GROUP HOLDINGS LIMITED,T4 Remainder,,a) Building Construction,GROUP,30/06/2025,0
6,02770746,HIGHADMIT PROJECTS LIMITED,G-13037,HIGHADMIT PROJECTS LIMITED,T4 Remainder,,b) M&E,FULL,31/12/2024,0
6,02654068,HIRETEST LIMITED,G-13139,HIRETEST LIMITED,T4 Remainder,,a) Building Construction,FULL,31/05/2022,0
6,16034701,HLA GROUP HOLDINGS LIMITED,G-13165,HLA GROUP HOLDINGS LIMITED,T4 Remainder,,e) Maintenance/MRO (facilities),GROUP,31/03/2025,0
6,04663855,HLA SERVICES LIMITED,G-13165,HLA GROUP HOLDINGS LIMITED,T4 Remainder,,e) Maintenance/MRO (facilities),FULL,31/03/2025,0
6,02725227,HODGSON SAYERS LIMITED,G-13207,HODGSON SAYERS LIMITED,T4 Remainder,,Housebuilder/Developer (U2 candidate),FULL,31/12/2025,0
6,07972511,HOLT JCB HOLDINGS LIMITED,G-13240,HOLT JCB HOLDINGS LIMITED,T4 Remainder,,e) Maintenance/MRO (industrial),GROUP,31/12/2024,0
6,02875798,HOPKINS HOMES LIMITED,G-13281,HOPKINS HOMES GROUP LIMITED,T4 Remainder,,a) Building Construction (domestic) / U2 candidate,FULL,31/03/2025,0
6,09929960,HTS GROUP LIMITED,G-13362,HTS GROUP LIMITED,T4 Remainder,,e) Maintenance/MRO (facilities),GROUP,31/03/2025,0
6,11248586,HUBER PARKING UK LIMITED,G-13370,HUBER PARKING UK LIMITED,T4 Remainder,,a) Building Construction,FULL,30/06/2025,0
6,05635308,HUGHES BROS CONSTRUCTION LIMITED,G-13389,HUGHES BROS CONSTRUCTION (HOLDINGS) LIMITED,T4 Remainder,,c) Civil Engineering,FULL,30/11/2025,0
6,01012629,HUYTON ASPHALT LIMITED,G-13432,HUYTON ASPHALT LIMITED,T4 Remainder,,c) Civil Engineering,FULL,31/03/2025,0
6,00862342,HY-TEN GROUP LIMITED,G-13440,HY-TEN GROUP LIMITED,T4 Remainder,,a) Building Construction (steel & metal),GROUP,30/06/2025,0
6,07250525,HYDE NEW BUILD LIMITED,G-13445,HYDE NEW BUILD LIMITED,T4 Remainder,,a) Building Construction (domestic) / U2 candidate,FULL,31/03/2025,0
6,02916090,HYDRAM ENGINEERING LIMITED,G-13452,DYNAMIC AEROSPACE AND DEFENSE LIMITED,T4 Remainder,,a) Building Construction (steel & metal),FULL,31/03/2025,0
6,06414191,HYDRATECH LIMITED,G-13455,MOLSON GROUP LTD,T4 Remainder,,e) Maintenance/MRO (industrial),MICRO ENTITY,30/09/2025,0
6,14740656,IGNE GROUP LIMITED,G-13635,IGNE HOLDCO LIMITED,T4 Remainder,,a) Building Construction (specialist trades),GROUP,31/12/2025,0
6,06253082,INFRASTRUCTURE SUPPORT SOLUTIONS LIMITED,G-13770,ISS LABOUR GROUP (HOLDINGS) LIMITED,T4 Remainder,,b) M&E,FULL,31/03/2025,0
6,02253172,INSTA GROUP HOLDINGS LIMITED,G-13816,INSTA (INTERNATIONAL) LIMITED,T4 Remainder,,a) Building Construction (specialist trades),SMALL,30/06/2025,0
6,01500228,INSTAGROUP LTD,G-13816,INSTA (INTERNATIONAL) LIMITED,T4 Remainder,,a) Building Construction (specialist trades),FULL,30/06/2025,0
6,02517698,ISCHEBECK TITAN LIMITED,G-13966,ISCHEBECK TITAN LIMITED,T4 Remainder,,a) Building Construction (specialist trades),FULL,31/12/2025,0
6,10065658,J A BROOKS MECHANICAL SERVICES LIMITED,G-14040,J A BROOKS HOLDINGS LTD,T4 Remainder,,b) M&E,FULL,31/03/2025,0
6,02840743,J.A. STOTT (CARPENTRY) LIMITED,G-14045,J.A. STOTT (CARPENTRY) EMPLOYEES' TRUSTEES LIMITED,T4 Remainder,,a) Building Construction (interior/completion),GROUP,31/03/2025,0
6,NI018132,J. H. TURKINGTON & SONS LIMITED,G-14094,J. H. TURKINGTON & SONS LIMITED,T4 Remainder,,Housebuilder/Developer (U2 candidate),FULL,30/12/2025,0
6,00412719,J. SCOTT (THRAPSTON) LIMITED,G-14154,SCOTTCO HOLDINGS LTD,T4 Remainder,,a) Building Construction (domestic) / U2 candidate,FULL,31/12/2024,0
6,00782078,J.HARPER & SONS(LEOMINSTER)LIMITED,G-12692,HARPER GROUP MANAGEMENT LIMITED,T4 Remainder,,Housebuilder/Developer (U2 candidate),FULL,31/12/2025,0
6,03267101,J.J. SWEENEY LIMITED,G-14188,J.J. SWEENEY HOLDINGS LIMITED,T4 Remainder,,b) M&E,FULL,31/08/2025,0
6,01249812,JACK MOODY LANDSCAPING AND CIVIL ENGINEERING LTD,G-14201,LANEY GREEN HOLDINGS LIMITED,T4 Remainder,,a) Building Construction (specialist trades),FULL,30/09/2025,0
6,SC413543,JAMES COWIE GROUP LIMITED,G-14254,JAMES COWIE GROUP LIMITED,T4 Remainder,,a) Building Construction (steel & metal),GROUP,31/08/2025,0
6,SC100720,JAMES STRANG LIMITED,G-14284,JAMES STRANG LIMITED,T4 Remainder,,c) Civil Engineering,FULL,31/03/2025,0
6,02483796,JARVIS CONTRACTING LIMITED,G-14306,JARVIS GROUP LIMITED,T4 Remainder,,a) Building Construction,FULL,30/04/2022,0
6,07354764,JDT UTILITIES LIMITED,G-14372,JDTU HOLDINGS LIMITED,T4 Remainder,,a) Building Construction (specialist trades),FULL,31/03/2025,0
6,03032954,JEHU PROJECT SERVICES LIMITED,G-14382,JEHU GROUP LIMITED,T4 Remainder,,Housebuilder/Developer (U2 candidate),FULL,30/09/2020,0
6,00571641,JELSON LIMITED,G-09739,JELSON HOLDINGS LIMITED,T4 Remainder,,b) M&E,FULL,30/04/2025,0
6,05478152,JESSELLA LIMITED,G-09506,NAPKIN GROUP LIMITED,T4 Remainder,,Housebuilder/Developer (U2 candidate),FULL,31/03/2022,0
6,14667775,J.J. SWEENEY HOLDINGS LIMITED,G-14188,J.J. SWEENEY HOLDINGS LIMITED,T4 Remainder,,b) M&E,GROUP,31/08/2025,0
6,01633007,JOHN FLOWERS LIMITED,G-10689,F & I HOLDINGS LIMITED,T4 Remainder,,a) Building Construction (specialist trades),FULL,31/03/2025,0
6,02763306,JOHN HENRY GROUP LIMITED,G-14511,JOHN HENRY & SONS (DEVELOPMENTS) LIMITED,T4 Remainder,,c) Civil Engineering,FULL,31/01/2025,0
6,01378354,JOMAST DEVELOPMENTS LIMITED,G-14597,JOMAST LIMITED,T4 Remainder,,a) Building Construction,FULL,31/03/2025,0
6,07982595,JOMAST LIMITED,G-14597,JOMAST LIMITED,T4 Remainder,,a) Building Construction,GROUP,31/03/2025,0
6,01553486,JONES BROTHERS (HENLLAN) LIMITED,G-14604,JONES BROTHERS (HENLLAN) LIMITED,T4 Remainder,,c) Civil Engineering,FULL,31/12/2024,0
6,08704738,JONES BUILDING GROUP LIMITED,G-08702,JONES BUILDING GROUP LIMITED,T4 Remainder,,Housebuilder/Developer (U2 candidate),GROUP,31/12/2025,0
6,12513051,JPP GROUP HOLDINGS LTD,G-14638,JPP GROUP HOLDINGS LTD,T4 Remainder,,b) M&E,GROUP,31/03/2025,0
6,01873421,K W BELL GROUP LIMITED,G-14716,K W BELL GROUP LIMITED,T4 Remainder,,a) Building Construction (domestic) / U2 candidate,FULL,31/05/2025,0
6,00633552,KEBBELL DEVELOPMENT LIMITED,G-14805,KEBBELL DEVELOPMENT LIMITED,T4 Remainder,,a) Building Construction (domestic) / U2 candidate,FULL,31/12/2025,0
6,04394255,KELLS HOLDINGS LIMITED,G-06011,KELLS HOLDINGS LIMITED,T4 Remainder,,c) Civil Engineering (groundworks/demolition),GROUP,31/10/2025,0
6,00908842,KEN BIGGS CONTRACTORS LIMITED,G-14857,KEN BIGGS CONTRACTORS LIMITED,T4 Remainder,,Housebuilder/Developer (U2 candidate),FULL,31/03/2025,0
6,08166502,KENSA CONTRACTING LIMITED,G-14874,KENSA CONTRACTING LIMITED,T4 Remainder,,b) M&E,FULL,30/04/2025,0
6,11643845,KEON HOMES LIMITED,G-06973,TARA DEVELOPMENTS LIMITED,T4 Remainder,,a) Building Construction (domestic) / U2 candidate,FULL,31/12/2024,0
6,00540706,KERSHAW MECHANICAL SERVICES LIMITED,G-14904,KERSHAW GROUP LIMITED,T4 Remainder,,b) M&E,FULL,31/12/2020,0
6,07611818,KEY INTEGRATED SERVICES LIMITED,G-14914,KEY INTEGRATED SERVICES (HOLDINGS) LIMITED,T4 Remainder,,b) M&E,FULL,31/12/2025,0
6,NI021988,KEYSTONE LINTELS LIMITED,G-14923,JJPO LTD,T4 Remainder,,a) Building Construction (steel & metal),FULL,31/12/2024,0
6,03306495,KILLOUGHERY HOLDINGS LIMITED,G-15000,KILLOUGHERY HOLDINGS LIMITED,T4 Remainder,,c) Civil Engineering,GROUP,30/09/2024,0
6,SC090034,KIRKWOOD HOMES LIMITED,G-15082,KHL HOLDING LIMITED,T4 Remainder,,a) Building Construction (domestic) / U2 candidate,FULL,30/06/2025,0
6,03426761,KNAPP U.K. LIMITED,G-15121,KNAPP U.K. LIMITED,T4 Remainder,,e) Maintenance/MRO (industrial),FULL,31/03/2026,0
6,08656105,GEMINI RAIL SERVICES UK LTD,G-15145,MUTARES SE & CO. KGAA,T4 Remainder,,e) Maintenance/MRO (industrial),FULL,31/12/2024,0
6,07398848,KNOWLES CONSTRUCTION LTD,G-15147,KNOWLES HOLDINGS LIMITED,T4 Remainder,,a) Building Construction (specialist trades),FULL,31/10/2024,0
6,12094557,KNOWLES HOLDINGS LIMITED,G-15147,KNOWLES HOLDINGS LIMITED,T4 Remainder,,a) Building Construction (specialist trades),GROUP,31/10/2024,0
6,SC206154,LAURENCE MCINTOSH LIMITED,G-15415,LAURENCE MCINTOSH HOLDINGS LIMITED,T4 Remainder,,a) Building Construction (interior/completion),FULL,30/06/2024,0
6,SC064413,LIGHTWAYS (CONTRACTORS) LIMITED,G-15601,LIGHTWAYS (CONTRACTORS) LIMITED,T4 Remainder,,c) Civil Engineering,FULL,31/12/2024,0
6,02806306,LINAKER LIMITED,G-15611,LINAKER LIMITED,T4 Remainder,,e) Maintenance/MRO (industrial),GROUP,31/12/2024,0
6,01185881,LLOYD MORRIS ELECTRICAL LIMITED,G-15695,LLOYD MORRIS ELECTRICAL LIMITED,T4 Remainder,,b) M&E,FULL,31/12/2024,0
6,01913388,LOCATORS LIMITED,G-15719,COWLES GROUP HOLDINGS LIMITED,T4 Remainder,,a) Building Construction (specialist trades),FULL,31/10/2025,0
6,01268334,LUCAS FINISHING SPECIALISTS LIMITED,G-15898,LUCAS UK GROUP LIMITED,T4 Remainder,,a) Building Construction (interior/completion),FULL,31/12/2024,0
6,06421692,LUCAS FIT OUT LIMITED,G-15898,LUCAS UK GROUP LIMITED,T4 Remainder,,a) Building Construction (interior/completion),FULL,31/12/2024,0
6,02180612,M.F. FREEMAN LIMITED,G-16015,M.F. FREEMAN HOLDINGS LIMITED,T4 Remainder,,c) Civil Engineering,FULL,31/03/2025,0
6,01884462,M IGOE LIMITED,G-16029,M IGOE LIMITED,T4 Remainder,,c) Civil Engineering,FULL,31/05/2022,0
6,01930335,M.J. ABBOTT LIMITED,G-16030,M J ABBOTT HOLDINGS LIMITED,T4 Remainder,,e) Maintenance/MRO (industrial),FULL,31/03/2025,0
6,01123497,M J HILLSON GROUP LIMITED,G-16036,M J HILLSON GROUP LIMITED,T4 Remainder,,Housebuilder/Developer (U2 candidate),GROUP,31/12/2025,0
6,01176469,M.P. BROTHERS LIMITED,G-16056,M P BROS HOLDINGS LIMITED,T4 Remainder,,a) Building Construction,FULL,31/05/2025,0
6,00604114,M.PRICE LIMITED,G-16062,M PRICE GROUP LIMITED,T4 Remainder,,a) Building Construction (interior/completion),FULL,30/04/2021,0
6,03107486,M ROGERSON LIMITED,G-05177,BURKE INVESTMENTS LIMITED,T4 Remainder,,a) Building Construction (specialist trades),UNAUDITED ABRIDGED,31/12/2020,0
6,03911918,M&Y MAINTENANCE & CONSTRUCTION LIMITED,G-16105,REGENDA LIMITED,T4 Remainder,,b) M&E,FULL,31/03/2025,0
6,10568895,MAC-EXTERIORS LIMITED,G-16122,MAC-GROUP HOLDINGS LIMITED,T4 Remainder,,a) Building Construction,FULL,30/06/2021,0
6,SC013539,MACTAGGART & MICKEL HOMES LIMITED,G-16169,MACTAGGART & MICKEL GROUP LIMITED,T4 Remainder,,Housebuilder/Developer (U2 candidate),FULL,30/04/2025,0
6,00308052,MACWHIRTER LIMITED,G-16171,MACWHIRTER LIMITED,T4 Remainder,,b) M&E,FULL,31/12/2013,0
6,10138251,MAGROCK LIMITED,G-16199,MAGROCK GROUP LIMITED,T4 Remainder,,a) Building Construction,FULL,30/09/2025,0
6,02853596,MAP GROUP (UK) LIMITED,G-16295,THE MAP GROUP (UK) EMPLOYEE OWNERSHIP TRUSTEE LIMITED,T4 Remainder,,b) M&E,FULL,30/09/2025,0
6,NI051006,MARCON FIT-OUT LTD,G-16319,MARCON FIT-OUT LTD,T4 Remainder,,a) Building Construction (specialist trades),GROUP,31/12/2024,0
6,SC509809,MARKEY HOLDINGS LIMITED,G-04039,MARKEY HOLDINGS LIMITED,T4 Remainder,,Housebuilder/Developer (U2 candidate),GROUP,31/08/2025,0
6,02242646,MATTHEWS & TANNERT LIMITED,G-16447,MRD HOLDINGS LIMITED,T4 Remainder,,b) M&E,FULL,31/05/2025,0
6,07888472,MAXLIGHT LIMITED,G-16465,MAXLIGHT HOLDINGS LIMITED,T4 Remainder,,a) Building Construction (steel & metal),FULL,31/12/2024,0
6,04460301,MAYLIM LIMITED,G-16487,MAYLIM EOT LIMITED,T4 Remainder,,c) Civil Engineering,FULL,31/12/2024,0
6,NI622378,MBC TIMBERFRAME (UK) LTD,G-16499,MBC TIMBERFRAME (UK) LTD,T4 Remainder,,a) Building Construction (domestic) / U2 candidate,FULL,31/01/2026,0
6,02595801,MCCONNELLS ELECTRICAL COMPANY LIMITED,G-16548,MCCONNELLS ELECTRICAL COMPANY LIMITED,T4 Remainder,,b) M&E,FULL,31/03/2025,0
6,01127310,MCGOFF CONSTRUCTION LIMITED,G-16585,MCGOFF CONSTRUCTION SERVICES LTD,T4 Remainder,,a) Building Construction,FULL,31/03/2025,0
6,NI638962,MCGUINNESS PLUMBING LTD,G-16596,MCGUINNESS PLUMBING LTD,T4 Remainder,,b) M&E,FULL,30/06/2025,0
6,SC309568,MCTEAR CONTRACTS LIMITED,G-16645,MCTEAR GROUP LIMITED,T4 Remainder,,b) M&E,FULL,31/03/2025,0
6,02144098,MERVYN LAMBERT PLANT LIMITED,G-16794,MERVYN LAMBERT PLANT LIMITED,T4 Remainder,,a) Building Construction (specialist trades),FULL,31/10/2025,0
6,09627590,METKA - EGN LIMITED,G-16837,METLEN ENERGY AND METALS SINGLE MEMBER S.A.,T4 Remainder,,a) Building Construction (specialist trades),FULL,31/12/2024,0
6,01110833,MICHAEL BROUGHTON LIMITED,G-16913,MICHAEL BROUGHTON (HOLDINGS) LIMITED,T4 Remainder,,Housebuilder/Developer (U2 candidate),FULL,31/03/2025,0
6,02066642,MICHAEL J. LONSDALE LIMITED,G-16918,MICHAEL LONSDALE LIMITED,T4 Remainder,,b) M&E,FULL,30/09/2022,0
6,03919206,SHANLY RESIDENTIAL LIMITED,G-16923,SHANLY RESIDENTIAL LIMITED,T4 Remainder,,Housebuilder/Developer (U2 candidate),GROUP,31/12/2024,0
6,00768729,"MIDLAND STEEL TRADERS LIMITED,",G-16972,"MIDLAND STEEL TRADERS LIMITED,",T4 Remainder,,e) Maintenance/MRO (industrial),FULL,31/12/2025,0
6,07171660,MIDLAND STRUCTURES LIMITED,G-16973,MIDLAND STRUCTURES LIMITED,T4 Remainder,,a) Building Construction (steel & metal),FULL,27/08/2025,0
6,02136748,MILDREN CONSTRUCTION LIMITED,G-17005,MILDREN CONSTRUCTION LIMITED,T4 Remainder,,a) Building Construction,FULL,30/06/2025,0
6,00594829,MITTON MECHANICAL SERVICES LIMITED,G-17121,H MITTON  LIMITED,T4 Remainder,,b) M&E,FULL,27/01/2022,0
6,02226135,MMS SHIP REPAIR AND DRY DOCK CO. LTD,G-17169,MMS SHIP REPAIR AND DRY DOCK CO. LTD,T4 Remainder,,e) Maintenance/MRO (industrial),GROUP,28/02/2025,0
6,06378350,MOLSON GROUP LTD,G-13455,MOLSON GROUP LTD,T4 Remainder,,e) Maintenance/MRO (industrial),GROUP,30/09/2024,0
6,10438619,MORRO GROUP LIMITED,G-17319,MORRO GROUP LIMITED,T4 Remainder,,Housebuilder/Developer (U2 candidate),FULL,31/03/2025,0
6,02216084,MORRO PARTNERSHIPS LIMITED,G-17319,MORRO GROUP LIMITED,T4 Remainder,,Housebuilder/Developer (U2 candidate),FULL,31/03/2025,0
6,NI027386,MORROW CONTRACTS LIMITED,G-17320,MORROW CONTRACTS LIMITED,T4 Remainder,,c) Civil Engineering,FULL,30/04/2025,0
6,07725772,MOSTRIM GROUNDWORKS LTD,G-17346,MOSTRIM GROUNDWORKS LTD,T4 Remainder,,a) Building Construction (domestic) / U2 candidate,FULL,31/03/2025,0
6,00978229,MOULDING CONTRACTS LIMITED,G-17399,MOULDING CONTRACTS LIMITED,T4 Remainder,,a) Building Construction (specialist trades),GROUP,31/10/2015,0
6,04410393,MOUNT ANVIL GROUP LIMITED,G-17400,MOUNT ANVIL GROUP LIMITED,T4 Remainder,,Housebuilder/Developer (U2 candidate),GROUP,31/03/2026,0
6,04522396,MTX CONTRACTS LIMITED,G-17540,MTX HOLDINGS LIMITED,T4 Remainder,,a) Building Construction (specialist trades),FULL,31/08/2025,0
6,07253372,MULBERRY PROPERTY DEVELOPMENTS LTD,G-17550,R.J. WILKINSON HOLDINGS LIMITED,T4 Remainder,,a) Building Construction,FULL,31/03/2025,0
6,02554373,MUNRO BUILDING SERVICES LIMITED,G-17578,MUNRO BUILDING SERVICES LIMITED,T4 Remainder,,b) M&E,FULL,31/08/2025,0
6,05869828,MVG INDUSTRIES UK LTD,G-17612,MVG INDUSTRIES UK LTD,T4 Remainder,,a) Building Construction (steel & metal),FULL,31/12/2025,0
6,08426408,MWA ECO SYSTEMS LTD,G-17619,MWA GROUP LIMITED,T4 Remainder,,b) M&E,FULL,30/06/2025,0
6,05154416,N T KILLINGLEY LTD,G-17677,KILLINGLEY HOLDINGS LTD,T4 Remainder,,e) Maintenance/MRO (facilities),FULL,31/12/2025,0
6,04325260,NATIONWIDE AIR CONDITIONING LIMITED,G-17753,NATIONWIDE AIR CONDITIONING TRUSTEES LIMITED,T4 Remainder,,b) M&E,FULL,31/03/2025,0
6,07358379,NATIONWIDE CONCRETING LIMITED,G-17756,JP GROUP ENTERPRISES LIMITED,T4 Remainder,,a) Building Construction (specialist trades),FULL,31/12/2024,0
6,13181540,NATIONWIDE STRUCTURES HOLDINGS LIMITED,G-17770,NATIONWIDE STRUCTURES HOLDINGS LIMITED,T4 Remainder,,a) Building Construction (steel & metal),GROUP,30/09/2025,0
6,03998479,NATIONWIDE STRUCTURES LIMITED,G-17770,NATIONWIDE STRUCTURES HOLDINGS LIMITED,T4 Remainder,,a) Building Construction (steel & metal),FULL,30/09/2025,0
6,03840004,NEAT EXPERTS LIMITED,G-17812,WFC TRUSTEES LTD,T4 Remainder,,a) Building Construction (specialist trades),FULL,31/12/2022,0
6,01393492,NEDERMAN LIMITED,G-17819,NEDERMAN HOLDING AB,T4 Remainder,,e) Maintenance/MRO (industrial),FULL,31/12/2024,0
6,01151561,NEILCOTT CONSTRUCTION LIMITED,G-17837,NEILCOTT HOLDINGS LTD,T4 Remainder,,Housebuilder/Developer (U2 candidate),FULL,31/12/2024,0
6,01162468,NENE WAREHOUSE SOLUTIONS LTD,G-17847,NENE WAREHOUSE SOLUTIONS LTD,T4 Remainder,,e) Maintenance/MRO (industrial),FULL,31/12/2024,0
6,01810549,NEPTUNE BUILDING SERVICES LTD,G-17852,NEPTUNE BUILDING SERVICES LTD,T4 Remainder,,b) M&E,FULL,30/09/2025,0
6,03695967,TUCKER MECHANICAL AND ELECTRICAL BUILDING SERVICES LIMITED,G-17880,NEVILLE TUCKER (GROUP) LIMITED,T4 Remainder,,e) Maintenance/MRO (industrial),FULL,31/01/2024,0
6,04280571,NEW IMAGE STONE LIMITED,G-17895,NEW IMAGE STONE LIMITED,T4 Remainder,,a) Building Construction (specialist trades),FULL,31/03/2017,0
6,02582221,NEWLAND HOMES LIMITED,G-17919,NEWLAND HOMES LIMITED,T4 Remainder,,a) Building Construction (domestic) / U2 candidate,FULL,31/12/2024,0
6,11922435,NORCON HOLDINGS LIMITED,G-18063,NORCON HOLDINGS LIMITED,T4 Remainder,,a) Building Construction (domestic) / U2 candidate,GROUP,31/03/2025,0
6,03596379,NORSTEAD LIMITED,G-18091,IRANGO LIMITED,T4 Remainder,,b) M&E,FULL,31/12/2021,0
6,01390934,NORTEK GLOBAL HVAC (UK) LIMITED,G-18092,NORTEK GLOBAL HVAC (UK) LIMITED,T4 Remainder,,b) M&E,FULL,31/12/2025,0
6,03674687,NORTH DEVON HOMES,G-18097,NORTH DEVON HOMES,T4 Remainder,,Housebuilder/Developer (U2 candidate),GROUP,31/03/2025,0
6,12311264,KILLINGLEY HOLDINGS LTD,G-17677,KILLINGLEY HOLDINGS LTD,T4 Remainder,,e) Maintenance/MRO (facilities),GROUP,31/12/2025,0
6,06115752,NWP ELECTRICAL & MECHANICAL LIMITED,G-03784,TRIDENT TRUST COMPANY LIMITED,T4 Remainder,,Housebuilder/Developer (U2 candidate),FULL,31/03/2021,0
6,12220433,NY HIGHWAYS LIMITED,G-18297,NY HIGHWAYS LIMITED,T4 Remainder,,Housebuilder/Developer (U2 candidate),FULL,31/03/2025,0
6,01458147,OAKRAY LIMITED,G-18339,OAKRAY LIMITED,T4 Remainder,,b) M&E,GROUP,31/10/2025,0
6,02112592,OPECPRIME DEVELOPMENT LIMITED,G-18485,OPECPRIME DEVELOPMENT LIMITED,T4 Remainder,,Housebuilder/Developer (U2 candidate),FULL,30/06/2025,0
6,01317466,ORONA LIMITED,G-18564,ACE ELEVATORS (SOUTHERN) LIMITED,T4 Remainder,,e) Maintenance/MRO (industrial),FULL,31/12/2024,0
6,00104655,OVIVO UK LIMITED,G-18611,OVIVO UK LIMITED,T4 Remainder,,c) Civil Engineering,FULL,31/12/2024,0
6,00968629,P.I.P. ELECTRICS LIMITED,G-18669,PIP EOT LIMITED,T4 Remainder,,b) M&E,FULL,31/12/2024,0
6,02592487,P R MARRIOTT DRILLING LIMITED,G-18696,P R MARRIOTT DRILLING LIMITED,T4 Remainder,,c) Civil Engineering (groundworks/demolition),GROUP,31/12/2024,0
6,11717771,PANACEA BUILDING SYSTEMS LIMITED,G-16585,MCGOFF CONSTRUCTION SERVICES LTD,T4 Remainder,,a) Building Construction,SMALL,31/03/2025,0
6,08607194,PANELS & PROFILES GROUP LIMITED,G-18763,PANELS & PROFILES GROUP LIMITED,T4 Remainder,,a) Building Construction (steel & metal),GROUP,31/12/2024,0
6,02369310,PARAMOUNT D&B LTD,G-18780,VELAR PROJECTS LTD,T4 Remainder,,Housebuilder/Developer (U2 candidate),FULL,30/06/2022,0
6,00422148,"PARK, GATE AND COMPANY LIMITED",G-18796,"PARK, GATE AND COMPANY LIMITED",T4 Remainder,,b) M&E,GROUP,31/10/2025,0
6,04490476,JOHNSON CONSTRUCTION UK LIMITED,G-18875,JOHNSON CONSTRUCTION UK LIMITED,T4 Remainder,,Housebuilder/Developer (U2 candidate),FULL,31/01/2014,0
6,01136997,PAVE-AWAYS LIMITED,G-18885,PAVE-AWAYS HOLDINGS LIMITED,T4 Remainder,,Housebuilder/Developer (U2 candidate),MEDIUM,31/03/2025,0
6,07431863,PAVE-AWAYS HOLDINGS LIMITED,G-18885,PAVE-AWAYS HOLDINGS LIMITED,T4 Remainder,,Housebuilder/Developer (U2 candidate),GROUP,31/03/2025,0
6,02430019,PENNYFARTHING CONSTRUCTION LIMITED,G-18993,PENNYFARTHING DEVELOPMENTS LIMITED,T4 Remainder,,a) Building Construction (domestic) / U2 candidate,FULL,31/01/2026,0
6,SC284392,PERT BRUCE CONSTRUCTION LIMITED,G-19029,PERT BRUCE HOLDINGS LIMITED,T4 Remainder,,a) Building Construction,FULL,31/10/2025,0
6,SC471429,PETROASSIST UK LIMITED,G-19056,PETROTEC-SOCIEDADE GESTORS DE PARTICIPACOES S.A,T4 Remainder,,e) Maintenance/MRO (industrial),FULL,31/12/2025,0
6,07477370,PHOENIX RENEWABLES LTD,G-19122,LIBERTY GLOBAL HOLDINGS LIMITED,T4 Remainder,,a) Building Construction (specialist trades),FULL,31/12/2024,0
6,02012715,PIMLICO PLUMBERS LIMITED,G-19154,PIMLICO GROUP LIMITED,T4 Remainder,,b) M&E,FULL,31/12/2024,0
6,04479153,PIONEER DESIGN AND BUILD LIMITED,G-19165,PIONEER DESIGN AND BUILD LIMITED,T4 Remainder,,Housebuilder/Developer (U2 candidate),FULL,31/12/2024,0
6,07179070,P.I.P. BUILDING SERVICES LIMITED,G-18669,PIP EOT LIMITED,T4 Remainder,,b) M&E,MEDIUM,31/03/2025,0
6,09827476,P.I.P. MECHANICAL AND ELECTRICAL HOLDINGS LTD,G-18669,PIP EOT LIMITED,T4 Remainder,,b) M&E,GROUP,31/12/2024,0
6,SC189419,CRC EVANS LIMITED,G-19171,PTL UK MIDCO LIMITED,T4 Remainder,,a) Building Construction (specialist trades),FULL,31/12/2025,0
6,03312519,PITTS WILSON LIMITED,G-19187,PITTS WILSON HOLDINGS LIMITED,T4 Remainder,,e) Maintenance/MRO (industrial),FULL,30/06/2025,0
6,09484378,PLACE PARTNERSHIP LIMITED,G-19208,PLACE PARTNERSHIP LIMITED,T4 Remainder,,Housebuilder/Developer (U2 candidate),FULL,31/03/2020,0
6,00652432,PLASSER UK LIMITED,G-19240,PLASSER UK LIMITED,T4 Remainder,,e) Maintenance/MRO (industrial),FULL,31/12/2025,0
6,00203301,PLAYFORDS LIMITED,G-19255,JAANDA HOLDINGS LIMITED,T4 Remainder,,b) M&E,FULL,31/12/2024,0
6,NI650995,PMCK HOLDINGS LIMITED,G-19281,PMCK HOLDINGS LIMITED,T4 Remainder,,b) M&E,GROUP,30/06/2025,0
6,09636777,PMP CONSTRUCTION LIMITED,G-19286,PMP CONSTRUCTION LIMITED,T4 Remainder,,Housebuilder/Developer (U2 candidate),FULL,30/06/2017,0
6,00396388,POCHIN CONSTRUCTION LIMITED,G-19295,MIDDLEWICH LIMITED,T4 Remainder,,Housebuilder/Developer (U2 candidate),FULL,28/02/2018,0
6,05297107,POLCOM UK LIMITED,G-19305,POLCOM UK LIMITED,T4 Remainder,,a) Building Construction (interior/completion),GROUP,31/12/2024,0
6,01534161,POWERSYSTEMS UK LTD,G-19404,POWERSYSTEMS UK EOT LIMITED,T4 Remainder,,b) M&E,FULL,31/12/2024,0
6,10971687,PREFA UK LTD,G-19448,PREFA UK LTD,T4 Remainder,,a) Building Construction (specialist trades),FULL,31/12/2024,0
6,03504742,PREMIER CONTRACT SUPPLIES LIMITED,G-19463,WARWICK CHARLES HOLDINGS LIMITED,T4 Remainder,,b) M&E,FULL,31/03/2025,0
6,03356326,PREMIER FORECOURTS AND CONSTRUCTION LIMITED,G-19056,PETROTEC-SOCIEDADE GESTORS DE PARTICIPACOES S.A,T4 Remainder,,e) Maintenance/MRO (industrial),MEDIUM,30/09/2025,0
6,03875025,PRESTEC UK LIMITED,G-19501,A & T COMMERCIAL LIMITED,T4 Remainder,,a) Building Construction (interior/completion),FULL,31/01/2026,0
6,07545889,PROGRESS RAIL SERVICES UK LIMITED,G-19606,PROGRESS RAIL SERVICES UK LIMITED,T4 Remainder,,c) Civil Engineering,FULL,31/12/2024,0
6,SC361079,PROTECH HEATING LIMITED,G-19647,PROTECH HEATING LIMITED,T4 Remainder,,b) M&E,FULL,31/03/2026,0
6,15107860,PWP BUILDING SERVICES (HOLDINGS) LIMITED,G-19751,PWP BUILDING SERVICES (HOLDINGS) LIMITED,T4 Remainder,,b) M&E,GROUP,30/09/2025,0
6,05255119,QUANTUM WINDOWS LIMITED,G-04789,ARKAY GROUP LONDON LIMITED,T4 Remainder,,a) Building Construction (specialist trades),SMALL,31/12/2024,0
6,02400439,QUATTRO PLANT LIMITED,G-19828,QUATTRO GROUP LIMITED,T4 Remainder,,a) Building Construction (specialist trades),FULL,01/12/2024,0
6,08586229,QUATTRO GROUP LIMITED,G-19828,QUATTRO GROUP LIMITED,T4 Remainder,,a) Building Construction (specialist trades),GROUP,01/12/2024,0
6,02383346,QUINN INFRASTRUCTURE SERVICES LIMITED,G-19857,QISL HOLDINGS LIMITED,T4 Remainder,,a) Building Construction (specialist trades),FULL,29/11/2019,0
6,SC401848,RD NAIRN LTD,G-19900,RD NAIRN LTD,T4 Remainder,,a) Building Construction (domestic) / U2 candidate,FULL,30/06/2024,0
6,02903530,R.H. IRVING CONSTRUCTION LIMITED,G-19926,R.H. IRVING CONSTRUCTION LIMITED,T4 Remainder,,a) Building Construction,FULL,28/02/2025,0
6,03347263,R S RESPONSE LTD,G-19970,RS RESPONSE TRUSTEES LIMITED,T4 Remainder,,b) M&E,FULL,31/12/2024,0
6,07636764,RADFORD GROUP LIMITED,G-20013,RADFORD CORPORATION LIMITED,T4 Remainder,,a) Building Construction (specialist trades),GROUP,31/05/2017,0
6,06473182,RADIUS GROUP LIMITED,G-20020,RADIUS GROUP LIMITED,T4 Remainder,,a) Building Construction (specialist trades),FULL,31/07/2025,0
6,01767273,RAILSTON LIMITED,G-20045,RAILSTON HOLDINGS LIMITED,T4 Remainder,,a) Building Construction (interior/completion),FULL,31/12/2024,0
6,14783030,RE:GEN GROUP LTD,G-20166,RE:GEN GROUP LTD,T4 Remainder,,a) Building Construction (domestic) / U2 candidate,GROUP,31/03/2025,0
6,05478191,REACH ACTIVE GROUP LIMITED,G-20167,REACH ACTIVE GROUP LIMITED,T4 Remainder,,a) Building Construction (specialist trades),FULL,30/04/2025,0
6,06069233,READIE CONSTRUCTION LIMITED,G-20174,READIE TRUSTEE LIMITED,T4 Remainder,,a) Building Construction,FULL,31/03/2023,0
6,SC124392,RECORD U.K. LIMITED,G-20192,RECORD U.K. LIMITED,T4 Remainder,,a) Building Construction (interior/completion),FULL,31/12/2025,0
6,05044531,REMEDX LIMITED,G-09634,RSK ENVIRONMENT LIMITED,T4 Remainder,,c) Civil Engineering (groundworks/demolition),AUDIT EXEMPTION SUBSIDIARY,06/04/2025,0
6,04019102,RGB P & C LIMITED,G-20404,RGB GROUP SHREWSBURY LTD,T4 Remainder,,a) Building Construction (interior/completion),FULL,30/06/2021,0
6,03305853,RGE SERVICES LIMITED,G-20406,BOLTON TOPCO LIMITED,T4 Remainder,,b) M&E,FULL,30/09/2025,0
6,04197110,RICHARD ALAN (HOLDINGS) LIMITED,G-20436,RICHARD ALAN GROUP LTD,T4 Remainder,,a) Building Construction (steel & metal),FULL,31/12/2024,0
6,00973280,RICHARD ALAN ENGINEERING COMPANY LIMITED,G-20436,RICHARD ALAN GROUP LTD,T4 Remainder,,a) Building Construction (steel & metal),FULL,31/12/2024,0
6,07357774,RIGHTIO LIMITED,G-20484,RIGHTIO LIMITED,T4 Remainder,,e) Maintenance/MRO (facilities),FULL,31/07/2018,0
6,08156713,RING STONES MAINTENANCE AND CONSTRUCTION LIMITED,G-20495,THE CALICO GROUP LIMITED,T4 Remainder,,Housebuilder/Developer (U2 candidate),FULL,31/03/2025,0
6,02287410,ROADFORM CIVIL ENGINEERING COMPANY LIMITED,G-20572,SANDBANKS GROUP HOLDINGS LIMITED,T4 Remainder,,a) Building Construction,FULL,31/10/2024,0
6,SC151825,ROBERTSON HOMES LIMITED,G-20627,ROBERTSON RESIDENTIAL GROUP LIMITED,T4 Remainder,,a) Building Construction (domestic) / U2 candidate,FULL,31/03/2025,0
6,07247652,ROCK CIVIL ENGINEERING LIMITED,G-20650,ROCK CIVIL ENGINEERING LIMITED,T4 Remainder,,c) Civil Engineering (groundworks/demolition),FULL,30/11/2025,0
6,04186679,ROMAN GLASS LIMITED,G-20718,ROMAN GLASS LIMITED,T4 Remainder,,a) Building Construction (interior/completion),FULL,30/11/2025,0
6,02790915,ROWLAND HOMES LIMITED,G-20807,ROWLAND GROUP LTD,T4 Remainder,,a) Building Construction (domestic) / U2 candidate,FULL,31/08/2025,0
6,03081167,RPN LIMITED,G-20848,RPN LIMITED,T4 Remainder,,c) Civil Engineering,GROUP,31/03/2025,0
6,04723837,RSK LAND & DEVELOPMENT ENGINEERING LIMITED,G-09634,RSK ENVIRONMENT LIMITED,T4 Remainder,,c) Civil Engineering (groundworks/demolition),AUDIT EXEMPTION SUBSIDIARY,06/04/2025,0
6,00738495,SWEGON AIR MANAGEMENT LIMITED,G-03965,SWEGON GROUP AKTIEBOLAG,T4 Remainder,,a) Building Construction (steel & metal),FULL,31/12/2024,0
6,07005916,RYEBRIDGE LIMITED,G-20937,RYEBRIDGE GROUP LIMITED,T4 Remainder,,a) Building Construction,FULL,31/03/2025,0
6,01794582,S.C.W.S. LIMITED,G-20979,SCWS (HOLDINGS) LIMITED,T4 Remainder,,a) Building Construction,FULL,31/03/2025,0
6,03153914,S.J. ROBERTS CONSTRUCTION LIMITED,G-21006,S.J. ROBERTS CONSTRUCTION LIMITED,T4 Remainder,,a) Building Construction,FULL,31/03/2025,0
6,04558561,S & D SEALANTS LIMITED,G-21046,S & D SEALANTS LIMITED,T4 Remainder,,a) Building Construction (specialist trades),GROUP,31/12/2025,0
6,11031255,SACYR UK LIMITED,G-21067,"SACYR, S.A.",T4 Remainder,,Housebuilder/Developer (U2 candidate),FULL,31/12/2025,0
6,01256872,SALISBURY GLASS COMMERCIAL LIMITED,G-21107,SALISBURY GLASS COMMERCIAL LIMITED,T4 Remainder,,a) Building Construction (interior/completion),FULL,31/05/2025,0
6,02322823,SARENS (UK) LTD,G-21174,SARENS (UK) LTD,T4 Remainder,,a) Building Construction (specialist trades),FULL,31/12/2024,0
6,01292827,SAUTER AUTOMATION LIMITED,G-21191,SAUTER AUTOMATION LIMITED,T4 Remainder,,b) M&E,GROUP,31/12/2025,0
6,03554289,SCOMAC SERVICES LTD,G-21273,SCOMAC EOT LTD,T4 Remainder,,b) M&E,FULL,30/04/2025,0
6,SC259376,SCORE ENERGY LIMITED,G-21279,BUCHAN 2 LIMITED,T4 Remainder,,e) Maintenance/MRO (industrial),FULL,02/01/2025,0
6,04178948,SCOTTS OF THRAPSTON LIMITED,G-14154,SCOTTCO HOLDINGS LTD,T4 Remainder,,a) Building Construction (domestic) / U2 candidate,FULL,31/12/2024,0
6,08854191,SEE SERVICES LTD,G-21430,SEE SERVICES LTD,T4 Remainder,,b) M&E,FULL,31/03/2025,0
6,SC234623,SEIVWRIGHT BROTHERS LIMITED,G-21443,SEIVWRIGHT BROTHERS LIMITED,T4 Remainder,,c) Civil Engineering,FULL,31/12/2024,0
6,07311944,SEATRIUM OFFSHORE RENEWABLE SERVICES LTD,G-21477,SEATRIUM OFFSHORE RENEWABLE SERVICES LTD,T4 Remainder,,a) Building Construction (steel & metal),FULL,31/12/2025,0
6,09875717,SENCAT LTD,G-21483,SENCAT LTD,T4 Remainder,,b) M&E,FULL,31/03/2025,0
6,02775216,SHANLY HOMES LIMITED,G-16922,SORBON HOMES LIMITED,T4 Remainder,,Housebuilder/Developer (U2 candidate),FULL,31/12/2024,0
6,05264499,SHANNONSIDE CIVIL ENGINEERING LIMITED,G-21614,BRENOR PROPERTIES LTD,T4 Remainder,,a) Building Construction (specialist trades),FULL,31/10/2025,0
6,04513210,SHAYLOR GROUP LIMITED,G-21637,SHAYLOR HOLDINGS EOT LIMITED,T4 Remainder,,a) Building Construction,FULL,30/09/2018,0
6,08491696,SHEEN LANE DEVELOPMENTS LIMITED,G-21644,SHEEN LANE DEVELOPMENTS LIMITED,T4 Remainder,,a) Building Construction (domestic) / U2 candidate,GROUP,30/04/2023,0
6,01567991,SHROPSHIRE HOMES LIMITED,G-21710,SHROPSHIRE HOMES GROUP LIMITED,T4 Remainder,,a) Building Construction (domestic) / U2 candidate,FULL,31/12/2024,0
6,02016366,SHUFFLEBOTTOM LIMITED,G-21714,ESG BIDCO 2 LTD,T4 Remainder,,a) Building Construction (steel & metal),FULL,30/09/2025,0
6,05688495,SINTEC UK LIMITED,G-21851,SINTEC HOLDING LIMITED,T4 Remainder,,e) Maintenance/MRO (industrial),FULL,31/12/2025,0
6,NI015853,S.J.C. HUTCHINSON (ENGINEERING) LIMITED,G-21886,HORSEPOWER GROUP HOLDINGS LTD,T4 Remainder,,a) Building Construction (steel & metal),FULL,31/12/2024,0
6,04900491,SLEAFORD BUILDING SERVICES LIMITED,G-21954,SBS EOT LTD,T4 Remainder,,a) Building Construction,FULL,30/09/2025,0
6,03738927,SMITH BROTHERS (CONTRACTING) LIMITED,G-22010,SMITH BROTHERS (CONTRACTING) LIMITED,T4 Remainder,,b) M&E,GROUP,31/07/2022,0
6,03570325,SOLAR CENTURY HOLDINGS LIMITED,G-22070,SOLAR CENTURY HOLDINGS LIMITED,T4 Remainder,,a) Building Construction (specialist trades),FULL,31/12/2024,0
6,08452095,SPINK CONSTRUCTION LIMITED,G-22394,SPINK CONSTRUCTION LIMITED,T4 Remainder,,a) Building Construction (domestic) / U2 candidate,FULL,30/04/2025,0
6,05857216,ST EDWARD HOMES LIMITED,G-22484,M&G GROUP REGULATED ENTITY HOLDING COMPANY LIMITED,T4 Remainder,,Housebuilder/Developer (U2 candidate),FULL,30/04/2025,0
6,02506189,STAINLESS METALCRAFT (CHATTERIS) LIMITED,G-06176,STAINLESS METALCRAFT (CHATTERIS) LIMITED,T4 Remainder,,a) Building Construction (steel & metal),FULL,31/05/2025,0
6,04198992,STEAM PLANT ENGINEERING LIMITED,G-22598,BABCOCK WANSON UK LIMITED,T4 Remainder,,e) Maintenance/MRO (industrial),FULL,31/12/2025,0
6,08330965,STEEL WORK CONSTRUCTION LIMITED,G-22611,NGJ HOLDINGS LIMITED,T4 Remainder,,b) M&E,FULL,31/12/2024,0
6,14448991,STERLING SERVICES HOLDINGS LIMITED,G-22646,STERLING SERVICES HOLDINGS LIMITED,T4 Remainder,,a) Building Construction,GROUP,31/03/2025,0
6,02659028,STEWARTS PLUMBING AND HEATING LIMITED,G-22687,STEWARTS PLUMBING AND HEATING LIMITED,T4 Remainder,,b) M&E,FULL,30/04/2023,0
6,01540334,STOCKGAP LIMITED,G-14923,JJPO LTD,T4 Remainder,,a) Building Construction (steel & metal),SMALL,31/12/2024,0
6,07279118,STONEBRIDGE HOMES LIMITED,G-22726,HENRY BOOT LAND HOLDINGS LIMITED,T4 Remainder,,Housebuilder/Developer (U2 candidate),FULL,31/12/2024,0
6,01709069,STRATA HOMES LIMITED,G-22772,STRATA HOMES HOLDINGS LIMITED,T4 Remainder,,a) Building Construction (domestic) / U2 candidate,FULL,28/06/2025,0
6,01635024,STRUCTHERM LIMITED,G-22800,WESTDALE GROUP LIMITED,T4 Remainder,,Housebuilder/Developer (U2 candidate),SMALL,31/07/2025,0
6,00828694,STRUCTURAL SOILS LIMITED,G-09634,RSK ENVIRONMENT LIMITED,T4 Remainder,,c) Civil Engineering (groundworks/demolition),FULL,06/04/2025,0
6,04120483,STRUCTURETONE LIMITED,G-22817,STRUCTURETONE INTERNATIONAL LIMITED,T4 Remainder,,a) Building Construction (interior/completion),FULL,31/12/2025,0
6,02114643,STUART GROUP LIMITED,G-22820,SHROPHAM HOLDINGS LIMITED,T4 Remainder,,a) Building Construction (specialist trades),FULL,31/10/2025,0
6,01754001,STUDLEY ENGINEERING LIMITED,G-22836,STUDLEY ENTERPRISE LIMITED,T4 Remainder,,b) M&E,FULL,31/03/2025,0
6,01344170,SURVIVAL SYSTEMS INTERNATIONAL (UK) LIMITED,G-22946,SURVIVAL SYSTEMS INTERNATIONAL (UK) LIMITED,T4 Remainder,,a) Building Construction (steel & metal),GROUP,31/03/2025,0
6,01382149,SUSTAINABLE BUILDING SERVICES (UK) LIMITED,G-22952,SUSTAINABLE INVESTMENTS LIMITED,T4 Remainder,,b) M&E,FULL,31/01/2025,0
6,06734695,SUTTLE PROJECTS LIMITED,G-22960,J SUTTLE TRANSPORT LIMITED,T4 Remainder,,c) Civil Engineering,FULL,31/03/2025,0
6,01092292,SYD BISHOP & SONS (DEMOLITION) LIMITED,G-23020,WATCH IT COME DOWN LIMITED,T4 Remainder,,c) Civil Engineering (groundworks/demolition),FULL,31/03/2025,0
6,00199712,SYKES & SON LIMITED,G-23022,SYKES & SON EOT LIMTED,T4 Remainder,,a) Building Construction (specialist trades),FULL,31/12/2025,0
6,01433220,SYSPAL LIMITED,G-23045,SYSPAL HOLDINGS LIMITED,T4 Remainder,,a) Building Construction (steel & metal),FULL,31/03/2025,0
6,05820206,T.C & D CONSTRUCTION LTD.,G-23076,TCD CONSTRUCTION UK LIMITED,T4 Remainder,,a) Building Construction,FULL,31/03/2025,0
6,07886444,JLA HVAC LIMITED,G-23109,VANILLA GROUP LIMITED,T4 Remainder,,b) M&E,FULL,31/10/2025,0
6,04443068,T. M. BROWNE LIMITED,G-23115,T. M. BROWNE LIMITED,T4 Remainder,,a) Building Construction,FULL,30/06/2025,0
6,02888278,T & W CIVIL ENGINEERING LIMITED,G-23146,T&W GROUP LIMITED,T4 Remainder,,a) Building Construction (domestic) / U2 candidate,FULL,31/07/2025,0
6,03197636,TAG CONSTRUCTION LIMITED,G-23158,TGR CAPITAL LTD,T4 Remainder,,c) Civil Engineering,FULL,30/11/2025,0
6,05450902,LONGWORTH HOLDINGS LTD,G-14201,LANEY GREEN HOLDINGS LIMITED,T4 Remainder,,a) Building Construction (specialist trades),TOTAL EXEMPTION FULL,30/09/2025,0
6,02627593,TARGET SITE SERVICES LIMITED,G-23199,TARGET SITE SERVICES LIMITED,T4 Remainder,,a) Building Construction (specialist trades),FULL,31/07/2025,0
6,01099738,TGE REALISATIONS 2024 LIMITED,G-23307,TGE REALISATIONS 2024 LIMITED,T4 Remainder,,e) Maintenance/MRO (industrial),FULL,31/12/2022,0
6,00944754,TECHELEC (BRIGHTON) LIMITED,G-23311,TECHELEC (BRIGHTON) LIMITED,T4 Remainder,,b) M&E,FULL,31/03/2014,0
6,10751797,TEMPORARY WORKS DESIGN UK LIMITED,G-23381,TEMPORARY WORKS DESIGN GROUP B.V.,T4 Remainder,,c) Civil Engineering,FULL,31/12/2024,0
6,10650952,THERMATIC TECHNICAL FM LIMITED,G-23669,THERMATIC TECHNICAL FM LIMITED,T4 Remainder,,e) Maintenance/MRO (industrial),FULL,31/12/2024,0
6,13090903,THIRDWAY HOLDINGS LIMITED,G-23686,THIRDWAY HOLDINGS LIMITED,T4 Remainder,,a) Building Construction (interior/completion),GROUP,31/12/2024,0
6,07123442,THIRDWAY INTERIORS LIMITED,G-23686,THIRDWAY HOLDINGS LIMITED,T4 Remainder,,a) Building Construction (interior/completion),FULL,31/12/2025,0
6,SC159622,THISTLE WINDOWS & CONSERVATORIES LIMITED,G-23691,THISTLE WINDOWS & CONSERVATORIES LIMITED,T4 Remainder,,a) Building Construction (domestic) / U2 candidate,FULL,31/08/2025,0
6,04676886,THOMAS HOMES LIMITED,G-23704,THOMAS HOMES LIMITED,T4 Remainder,,Housebuilder/Developer (U2 candidate),FULL,30/09/2025,0
6,04040234,TITAN PLANT HIRE LIMITED,G-11925,GILL GROUP LIMITED,T4 Remainder,,c) Civil Engineering,SMALL,31/03/2025,0
6,01904087,TOGEL CONTRACTORS LIMITED,G-23853,TOGEL CONTRACTORS LIMITED,T4 Remainder,,b) M&E,FULL,31/10/2025,0
6,02923252,TOKYO ELECTRON EUROPE LIMITED,G-23857,TOKYO ELECTRON LIMITED,T4 Remainder,,e) Maintenance/MRO (industrial),FULL,31/03/2025,0
6,04005968,TOOMERS LIMITED,G-23898,YARDGATE LIMITED,T4 Remainder,,a) Building Construction (steel & metal),FULL,31/10/2025,0
6,02168265,TOTAL CONTROL SERVICES LIMITED,G-23930,TOTAL CONTROL (EOT) LIMITED,T4 Remainder,,b) M&E,GROUP,30/09/2025,0
6,05188030,TPT FIRE PROJECTS LTD.,G-23988,TPT FIRE SYSTEMS GROUP LTD,T4 Remainder,,b) M&E,FULL,31/08/2025,0
6,NI035032,TRACEY BROTHERS LIMITED,G-23992,TRACEY BROTHERS LIMITED,T4 Remainder,,a) Building Construction,FULL,31/03/2025,0
6,06209568,TREMORFA GROUP  LIMITED,G-24070,TREMORFA GROUP  LIMITED,T4 Remainder,,e) Maintenance/MRO (facilities),GROUP,31/01/2025,0
6,03908728,T.S.G. BUILDING SERVICES PLC,G-24174,T.S.G. BUILDING SERVICES PLC,T4 Remainder,,a) Building Construction (domestic) / U2 candidate,FULL,31/12/2025,0
6,03097719,THE TSK GROUP LIMITED,G-24180,TSK (EOT) LTD,T4 Remainder,,a) Building Construction (interior/completion),GROUP,31/07/2025,0
6,SC032176,TULLOCH HOMES LTD.,G-24218,TULLOCH HOMES HOLDINGS LIMITED,T4 Remainder,,a) Building Construction (domestic) / U2 candidate,FULL,31/05/2025,0
6,00924584,TURNEY-WYLDE (CONSTRUCTION) LIMITED,G-24241,TURNEY-WYLDE (CONSTRUCTION) LIMITED,T4 Remainder,,a) Building Construction,FULL,31/12/2013,0
6,04835444,UK ACCESS SOLUTIONS LIMITED,G-24323,UK ACCESS SOLUTIONS TRUSTEES LIMITED,T4 Remainder,,a) Building Construction (specialist trades),FULL,30/09/2025,0
6,03422948,UNIVERSAL WOLF LIMITED,G-24466,UNIVERSAL WOLF LIMITED,T4 Remainder,,a) Building Construction (steel & metal),FULL,30/11/2024,0
6,14373341,URBAN&CIVIC HOLDINGS LIMITED,G-24544,URBAN&CIVIC HOLDINGS LIMITED,T4 Remainder,,Housebuilder/Developer (U2 candidate),FULL,30/09/2025,0
6,01487125,VAISALA LIMITED,G-24605,VAISALA OYJ,T4 Remainder,,e) Maintenance/MRO (industrial),FULL,31/12/2024,0
6,03298374,VANDERLANDE INDUSTRIES UNITED KINGDOM LIMITED,G-24633,VANDERLANDE INDUSTRIES UNITED KINGDOM LIMITED,T4 Remainder,,e) Maintenance/MRO (industrial),FULL,31/03/2025,0
6,SC149479,VEITCHI INDUSTRIAL FLOORING LIMITED,G-24678,VEITCHI INDUSTRIAL FLOORING LIMITED,T4 Remainder,,a) Building Construction (interior/completion),FULL,30/11/2025,0
6,02158429,VERITY & CO HOMES UK LTD,G-24709,VERITY & CO HOMES UK LTD,T4 Remainder,,Housebuilder/Developer (U2 candidate),GROUP,30/06/2025,0
6,02522345,VERTEX SERVICES GROUP LIMITED,G-24716,VERTEX SERVICES GROUP LIMITED,T4 Remainder,,b) M&E,FULL,30/06/2025,0
6,09961909,VIDI CONSTRUCTION LTD,G-24749,VIDI CONSTRUCTION LTD,T4 Remainder,,a) Building Construction (domestic) / U2 candidate,FULL,31/03/2023,0
6,02970550,W.B. AND A.D. MORGAN LTD,G-13635,IGNE HOLDCO LIMITED,T4 Remainder,,a) Building Construction (specialist trades),AUDIT EXEMPTION SUBSIDIARY,31/12/2024,0
6,04528366,W.H. GOOD LIMITED,G-24901,W.H.GOOD GROUP LIMITED,T4 Remainder,,b) M&E,FULL,31/12/2025,0
6,00610757,"W.PORTSMOUTH & CO.,LIMITED",G-24924,HELMAR HIRE LIMITED,T4 Remainder,,b) M&E,FULL,31/01/2026,0
6,04187061,WAIN HOMES LIMITED,G-24968,WAIN HOMES LIMITED,T4 Remainder,,a) Building Construction (domestic) / U2 candidate,GROUP,28/09/2025,0
6,NI028296,WALSIN LIMITED,G-25013,WALSIN GROUP LIMITED,T4 Remainder,,a) Building Construction (interior/completion),FULL,30/09/2025,0
6,00988708,WARWICK WARD (MACHINERY) LIMITED,G-25067,WARWICK WARD EOT LTD,T4 Remainder,,e) Maintenance/MRO (industrial),FULL,30/09/2024,0
6,04934917,WATERLOO GROUP LIMITED,G-03965,SWEGON GROUP AKTIEBOLAG,T4 Remainder,,a) Building Construction (steel & metal),SMALL,31/12/2025,0
6,01812961,WEARMOUTH CONSTRUCTION AND PLANT LIMITED,G-25150,WEARMOUTH CONSTRUCTION AND PLANT LIMITED,T4 Remainder,,a) Building Construction,FULL,31/03/2025,0
6,00971613,WEBLIGHT LIMITED,G-25168,WEBHOLDCO LIMITED,T4 Remainder,,e) Maintenance/MRO (industrial),FULL,31/03/2017,0
6,NI005996,WILLIAM COATES LTD.,G-25182,WILLIAM COATES LTD.,T4 Remainder,,b) M&E,FULL,31/03/2021,0
6,SC380577,WELDEX (INTERNATIONAL) OFFSHORE HOLDINGS LIMITED,G-25189,WELDEX (INTERNATIONAL) OFFSHORE HOLDINGS LIMITED,T4 Remainder,,a) Building Construction (specialist trades),GROUP,30/11/2025,0
6,SC045884,WESTCROWNS CONTRACTING SERVICES LTD.,G-25277,WESTCROWNS LIMITED,T4 Remainder,,a) Building Construction (interior/completion),FULL,31/03/2016,0
6,10398586,WESTDALE MIDLANDS LIMITED,G-22800,WESTDALE GROUP LIMITED,T4 Remainder,,Housebuilder/Developer (U2 candidate),FULL,31/07/2025,0
6,01910892,WESTERN THERMAL LIMITED,G-25289,IGL HOLDINGS LIMITED,T4 Remainder,,b) M&E,GROUP,31/03/2019,0
6,08314129,WESTGATE GLOBAL LTD,G-25293,HEXDOWN LTD,T4 Remainder,,b) M&E,FULL,31/12/2024,0
6,08962342,08962342 REALISATIONS LIMITED,G-17812,WFC TRUSTEES LTD,T4 Remainder,,a) Building Construction (specialist trades),FULL,31/12/2022,0
6,11838608,WHITE HORSE CONTRACTORS LIMITED,G-25361,DAMILINE LIMITED,T4 Remainder,,c) Civil Engineering,FULL,31/10/2025,0
6,01394970,WHITEHEAD BUILDING SERVICES LIMITED,G-25373,EVOL (WALES) LIMITED,T4 Remainder,,b) M&E,FULL,30/11/2025,0
6,01060958,WHITFIELD & BROWN (DEVELOPMENTS) LIMITED,G-25378,WHITFIELD AND BROWN (HOLDINGS) LIMITED,T4 Remainder,,Housebuilder/Developer (U2 candidate),FULL,31/03/2025,0
6,02559320,WHITING LANDSCAPE HOLDINGS LIMITED,G-25385,WHITING LANDSCAPE HOLDINGS LIMITED,T4 Remainder,,a) Building Construction (specialist trades),FULL,30/06/2025,0
6,02945270,WILTON ENGINEERING SERVICES LIMITED,G-25479,PIMCO 2852 LIMITED,T4 Remainder,,a) Building Construction (steel & metal),FULL,30/06/2025,0
6,SC278511,WINDHOIST LIMITED,G-25500,WINDHOIST LIMITED,T4 Remainder,,a) Building Construction (specialist trades),FULL,31/12/2020,0
6,01126943,WOOD-MITCHELL BUILDING GROUP PLC,G-25587,WOOD-MITCHELL BUILDING GROUP PLC,T4 Remainder,,a) Building Construction (interior/completion),FULL,30/09/2013,0
6,04786614,WORDSWORTH EXCAVATIONS LIMITED,G-25617,WORDSWORTH EXCAVATIONS LIMITED,T4 Remainder,,c) Civil Engineering (groundworks/demolition),FULL,30/06/2025,0
6,01083092,WORKSTRINGS INTERNATIONAL LIMITED,G-25633,SUPERIOR ENERGY SERVICES (UK) LIMITED,T4 Remainder,,e) Maintenance/MRO (industrial),FULL,31/12/2024,0
6,02957680,WPI CIVIL ENGINEERING LIMITED,G-25645,WPI GROUP HOLDINGS LIMITED,T4 Remainder,,c) Civil Engineering,FULL,31/12/2025,0
6,08187261,WPI GROUP HOLDINGS LIMITED,G-25645,WPI GROUP HOLDINGS LIMITED,T4 Remainder,,c) Civil Engineering,FULL,31/12/2024,0
6,03002111,W P I SURFACING LIMITED,G-25645,WPI GROUP HOLDINGS LIMITED,T4 Remainder,,c) Civil Engineering,FULL,31/12/2025,0
6,05765802,YBS HOLDINGS LIMITED,G-25797,YORKSHIRE BUILDING SERVICES HOLDINGS LIMITED,T4 Remainder,,b) M&E,MEDIUM,30/06/2025,0
6,13751405,YORKSHIRE BUILDING SERVICES HOLDINGS LIMITED,G-25797,YORKSHIRE BUILDING SERVICES HOLDINGS LIMITED,T4 Remainder,,b) M&E,GROUP,30/06/2025,0
6,04181309,ZENITH LIMITED,G-25879,ZENITH GROUP HOLDINGS (MALVERN) LIMITED,T4 Remainder,,a) Building Construction (interior/completion),FULL,31/03/2025,0
6,03447088,ZND (UK) LIMITED,G-25895,ZND (UK) LIMITED,T4 Remainder,,a) Building Construction (steel & metal),FULL,31/10/2025,0
6,03689080,BGS INTELLIGENT DOOR SOLUTIONS LIMITED,G-25911,SANWA HOLDINGS CORPORATION,T4 Remainder,,e) Maintenance/MRO (industrial),FULL,31/12/2024,-29
6,02324269,HORTON AUTOMATICS LIMITED,G-25911,SANWA HOLDINGS CORPORATION,T4 Remainder,,e) Maintenance/MRO (industrial),FULL,31/12/2024,-29
6,07216491,NOVOFERM UK LIMITED,G-25911,SANWA HOLDINGS CORPORATION,T4 Remainder,,e) Maintenance/MRO (industrial),FULL,31/12/2024,-29
6,03365507,ROBUST UK LIMITED,G-25911,SANWA HOLDINGS CORPORATION,T4 Remainder,,e) Maintenance/MRO (industrial),FULL,31/12/2024,-29
6,01578037,HARVEY SHOPFITTERS LIMITED,G-25915,HARVEY COMMERCIAL HOLDINGS LIMITED,T4 Remainder,,a) Building Construction (specialist trades),FULL,30/11/2025,-325
6,05296195,ASPECT MAINTENANCE SERVICES LIMITED,G-25920,ASPECT MAINTENANCE GROUP LIMITED,T4 Remainder,,b) M&E,FULL,30/06/2025,-1283
